label,title,A_deg,B_deg,C_deg,rr_cluster_k4,field_dir,bias_label,bias_V,energy_eV,transmission
small_A_B_C_forward,Small A/B/C: forward,15,15,15,3,Field_-0.0015,-1.72 V,-1.718,-2.00557,4.22415674e-01
small_A_B_C_forward,Small A/B/C: forward,15,15,15,3,Field_-0.0015,-1.72 V,-1.718,-1.99557,3.55315663e-01
small_A_B_C_forward,Small A/B/C: forward,15,15,15,3,Field_-0.0015,-1.72 V,-1.718,-1.98557,3.01327343e-01
small_A_B_C_forward,Small A/B/C: forward,15,15,15,3,Field_-0.0015,-1.72 V,-1.718,-1.97557,2.58578303e-01
small_A_B_C_forward,Small A/B/C: forward,15,15,15,3,Field_-0.0015,-1.72 V,-1.718,-1.96557,2.24810440e-01
small_A_B_C_forward,Small A/B/C: forward,15,15,15,3,Field_-0.0015,-1.72 V,-1.718,-1.95557,1.97969655e-01
small_A_B_C_forward,Small A/B/C: forward,15,15,15,3,Field_-0.0015,-1.72 V,-1.718,-1.94557,1.76381208e-01
small_A_B_C_forward,Small A/B/C: forward,15,15,15,3,Field_-0.0015,-1.72 V,-1.718,-1.93557,1.58754960e-01
small_A_B_C_forward,Small A/B/C: forward,15,15,15,3,Field_-0.0015,-1.72 V,-1.718,-1.92557,1.44136165e-01
small_A_B_C_forward,Small A/B/C: forward,15,15,15,3,Field_-0.0015,-1.72 V,-1.718,-1.91557,1.31845052e-01
small_A_B_C_forward,Small A/B/C: forward,15,15,15,3,Field_-0.0015,-1.72 V,-1.718,-1.90557,1.21415964e-01
small_A_B_C_forward,Small A/B/C: forward,15,15,15,3,Field_-0.0015,-1.72 V,-1.718,-1.89557,1.12536286e-01
small_A_B_C_forward,Small A/B/C: forward,15,15,15,3,Field_-0.0015,-1.72 V,-1.718,-1.88557,1.04987455e-01
small_A_B_C_forward,Small A/B/C: forward,15,15,15,3,Field_-0.0015,-1.72 V,-1.718,-1.87557,9.85989198e-02
small_A_B_C_forward,Small A/B/C: forward,15,15,15,3,Field_-0.0015,-1.72 V,-1.718,-1.86557,9.32284933e-02
small_A_B_C_forward,Small A/B/C: forward,15,15,15,3,Field_-0.0015,-1.72 V,-1.718,-1.85557,8.87665086e-02
small_A_B_C_forward,Small A/B/C: forward,15,15,15,3,Field_-0.0015,-1.72 V,-1.718,-1.84557,8.51417370e-02
small_A_B_C_forward,Small A/B/C: forward,15,15,15,3,Field_-0.0015,-1.72 V,-1.718,-1.83557,8.23137397e-02
small_A_B_C_forward,Small A/B/C: forward,15,15,15,3,Field_-0.0015,-1.72 V,-1.718,-1.82557,8.02576391e-02
small_A_B_C_forward,Small A/B/C: forward,15,15,15,3,Field_-0.0015,-1.72 V,-1.718,-1.81557,7.89526990e-02
small_A_B_C_forward,Small A/B/C: forward,15,15,15,3,Field_-0.0015,-1.72 V,-1.718,-1.80557,7.83779078e-02
small_A_B_C_forward,Small A/B/C: forward,15,15,15,3,Field_-0.0015,-1.72 V,-1.718,-1.79557,7.85118557e-02
small_A_B_C_forward,Small A/B/C: forward,15,15,15,3,Field_-0.0015,-1.72 V,-1.718,-1.78557,7.93338886e-02
small_A_B_C_forward,Small A/B/C: forward,15,15,15,3,Field_-0.0015,-1.72 V,-1.718,-1.77557,8.08251251e-02
small_A_B_C_forward,Small A/B/C: forward,15,15,15,3,Field_-0.0015,-1.72 V,-1.718,-1.76557,8.29691788e-02
small_A_B_C_forward,Small A/B/C: forward,15,15,15,3,Field_-0.0015,-1.72 V,-1.718,-1.75557,8.57529944e-02
small_A_B_C_forward,Small A/B/C: forward,15,15,15,3,Field_-0.0015,-1.72 V,-1.718,-1.74557,8.91682848e-02
small_A_B_C_forward,Small A/B/C: forward,15,15,15,3,Field_-0.0015,-1.72 V,-1.718,-1.73557,9.32138314e-02
small_A_B_C_forward,Small A/B/C: forward,15,15,15,3,Field_-0.0015,-1.72 V,-1.718,-1.72557,9.78984056e-02
small_A_B_C_forward,Small A/B/C: forward,15,15,15,3,Field_-0.0015,-1.72 V,-1.718,-1.71557,1.03243323e-01
small_A_B_C_forward,Small A/B/C: forward,15,15,15,3,Field_-0.0015,-1.72 V,-1.718,-1.70557,1.09282635e-01
small_A_B_C_forward,Small A/B/C: forward,15,15,15,3,Field_-0.0015,-1.72 V,-1.718,-1.69557,1.16057636e-01
small_A_B_C_forward,Small A/B/C: forward,15,15,15,3,Field_-0.0015,-1.72 V,-1.718,-1.68557,1.23600468e-01
small_A_B_C_forward,Small A/B/C: forward,15,15,15,3,Field_-0.0015,-1.72 V,-1.718,-1.67557,1.31898993e-01
small_A_B_C_forward,Small A/B/C: forward,15,15,15,3,Field_-0.0015,-1.72 V,-1.718,-1.66557,1.40832435e-01
small_A_B_C_forward,Small A/B/C: forward,15,15,15,3,Field_-0.0015,-1.72 V,-1.718,-1.65557,1.50070017e-01
small_A_B_C_forward,Small A/B/C: forward,15,15,15,3,Field_-0.0015,-1.72 V,-1.718,-1.64557,1.58951205e-01
small_A_B_C_forward,Small A/B/C: forward,15,15,15,3,Field_-0.0015,-1.72 V,-1.718,-1.63557,1.66457963e-01
small_A_B_C_forward,Small A/B/C: forward,15,15,15,3,Field_-0.0015,-1.72 V,-1.718,-1.62557,1.71562205e-01
small_A_B_C_forward,Small A/B/C: forward,15,15,15,3,Field_-0.0015,-1.72 V,-1.718,-1.61557,1.74207592e-01
small_A_B_C_forward,Small A/B/C: forward,15,15,15,3,Field_-0.0015,-1.72 V,-1.718,-1.60557,1.76307362e-01
small_A_B_C_forward,Small A/B/C: forward,15,15,15,3,Field_-0.0015,-1.72 V,-1.718,-1.59557,1.81643553e-01
small_A_B_C_forward,Small A/B/C: forward,15,15,15,3,Field_-0.0015,-1.72 V,-1.718,-1.58557,1.96510619e-01
small_A_B_C_forward,Small A/B/C: forward,15,15,15,3,Field_-0.0015,-1.72 V,-1.718,-1.57557,2.27974841e-01
small_A_B_C_forward,Small A/B/C: forward,15,15,15,3,Field_-0.0015,-1.72 V,-1.718,-1.56557,2.61182662e-01
small_A_B_C_forward,Small A/B/C: forward,15,15,15,3,Field_-0.0015,-1.72 V,-1.718,-1.55557,2.61424096e-01
small_A_B_C_forward,Small A/B/C: forward,15,15,15,3,Field_-0.0015,-1.72 V,-1.718,-1.54557,2.29728968e-01
small_A_B_C_forward,Small A/B/C: forward,15,15,15,3,Field_-0.0015,-1.72 V,-1.718,-1.53557,1.88559620e-01
small_A_B_C_forward,Small A/B/C: forward,15,15,15,3,Field_-0.0015,-1.72 V,-1.718,-1.52557,1.50793209e-01
small_A_B_C_forward,Small A/B/C: forward,15,15,15,3,Field_-0.0015,-1.72 V,-1.718,-1.51557,1.19943781e-01
small_A_B_C_forward,Small A/B/C: forward,15,15,15,3,Field_-0.0015,-1.72 V,-1.718,-1.50557,9.57916649e-02
small_A_B_C_forward,Small A/B/C: forward,15,15,15,3,Field_-0.0015,-1.72 V,-1.718,-1.49557,7.71317859e-02
small_A_B_C_forward,Small A/B/C: forward,15,15,15,3,Field_-0.0015,-1.72 V,-1.718,-1.48557,6.27192552e-02
small_A_B_C_forward,Small A/B/C: forward,15,15,15,3,Field_-0.0015,-1.72 V,-1.718,-1.47557,5.15227713e-02
small_A_B_C_forward,Small A/B/C: forward,15,15,15,3,Field_-0.0015,-1.72 V,-1.718,-1.46557,4.27498147e-02
small_A_B_C_forward,Small A/B/C: forward,15,15,15,3,Field_-0.0015,-1.72 V,-1.718,-1.45557,3.58087296e-02
small_A_B_C_forward,Small A/B/C: forward,15,15,15,3,Field_-0.0015,-1.72 V,-1.718,-1.44557,3.02619410e-02
small_A_B_C_forward,Small A/B/C: forward,15,15,15,3,Field_-0.0015,-1.72 V,-1.718,-1.43557,2.57858169e-02
small_A_B_C_forward,Small A/B/C: forward,15,15,15,3,Field_-0.0015,-1.72 V,-1.718,-1.42557,2.21398347e-02
small_A_B_C_forward,Small A/B/C: forward,15,15,15,3,Field_-0.0015,-1.72 V,-1.718,-1.41557,1.91439302e-02
small_A_B_C_forward,Small A/B/C: forward,15,15,15,3,Field_-0.0015,-1.72 V,-1.718,-1.40557,1.66621575e-02
small_A_B_C_forward,Small A/B/C: forward,15,15,15,3,Field_-0.0015,-1.72 V,-1.718,-1.39557,1.45909742e-02
small_A_B_C_forward,Small A/B/C: forward,15,15,15,3,Field_-0.0015,-1.72 V,-1.718,-1.38557,1.28508412e-02
small_A_B_C_forward,Small A/B/C: forward,15,15,15,3,Field_-0.0015,-1.72 V,-1.718,-1.37557,1.13801862e-02
small_A_B_C_forward,Small A/B/C: forward,15,15,15,3,Field_-0.0015,-1.72 V,-1.718,-1.36557,1.01310614e-02
small_A_B_C_forward,Small A/B/C: forward,15,15,15,3,Field_-0.0015,-1.72 V,-1.718,-1.35557,9.06604454e-03
small_A_B_C_forward,Small A/B/C: forward,15,15,15,3,Field_-0.0015,-1.72 V,-1.718,-1.34557,8.15610405e-03
small_A_B_C_forward,Small A/B/C: forward,15,15,15,3,Field_-0.0015,-1.72 V,-1.718,-1.33557,7.37933459e-03
small_A_B_C_forward,Small A/B/C: forward,15,15,15,3,Field_-0.0015,-1.72 V,-1.718,-1.32557,6.72076682e-03
small_A_B_C_forward,Small A/B/C: forward,15,15,15,3,Field_-0.0015,-1.72 V,-1.718,-1.31557,6.17427162e-03
small_A_B_C_forward,Small A/B/C: forward,15,15,15,3,Field_-0.0015,-1.72 V,-1.718,-1.30557,5.75075925e-03
small_A_B_C_forward,Small A/B/C: forward,15,15,15,3,Field_-0.0015,-1.72 V,-1.718,-1.29557,5.51493148e-03
small_A_B_C_forward,Small A/B/C: forward,15,15,15,3,Field_-0.0015,-1.72 V,-1.718,-1.28557,5.86858450e-03
small_A_B_C_forward,Small A/B/C: forward,15,15,15,3,Field_-0.0015,-1.72 V,-1.718,-1.27557,5.31423295e-01
small_A_B_C_forward,Small A/B/C: forward,15,15,15,3,Field_-0.0015,-1.72 V,-1.718,-1.26557,2.54484634e-03
small_A_B_C_forward,Small A/B/C: forward,15,15,15,3,Field_-0.0015,-1.72 V,-1.718,-1.25557,2.76146954e-03
small_A_B_C_forward,Small A/B/C: forward,15,15,15,3,Field_-0.0015,-1.72 V,-1.718,-1.24557,2.67273113e-03
small_A_B_C_forward,Small A/B/C: forward,15,15,15,3,Field_-0.0015,-1.72 V,-1.718,-1.23557,2.50678257e-03
small_A_B_C_forward,Small A/B/C: forward,15,15,15,3,Field_-0.0015,-1.72 V,-1.718,-1.22557,2.31299804e-03
small_A_B_C_forward,Small A/B/C: forward,15,15,15,3,Field_-0.0015,-1.72 V,-1.718,-1.21557,2.12849986e-03
small_A_B_C_forward,Small A/B/C: forward,15,15,15,3,Field_-0.0015,-1.72 V,-1.718,-1.20557,2.02928589e-03
small_A_B_C_forward,Small A/B/C: forward,15,15,15,3,Field_-0.0015,-1.72 V,-1.718,-1.19557,2.00894383e-03
small_A_B_C_forward,Small A/B/C: forward,15,15,15,3,Field_-0.0015,-1.72 V,-1.718,-1.18557,1.96700144e-03
small_A_B_C_forward,Small A/B/C: forward,15,15,15,3,Field_-0.0015,-1.72 V,-1.718,-1.17557,1.89312410e-03
small_A_B_C_forward,Small A/B/C: forward,15,15,15,3,Field_-0.0015,-1.72 V,-1.718,-1.16557,1.80811688e-03
small_A_B_C_forward,Small A/B/C: forward,15,15,15,3,Field_-0.0015,-1.72 V,-1.718,-1.15557,1.72332778e-03
small_A_B_C_forward,Small A/B/C: forward,15,15,15,3,Field_-0.0015,-1.72 V,-1.718,-1.14557,1.64311141e-03
small_A_B_C_forward,Small A/B/C: forward,15,15,15,3,Field_-0.0015,-1.72 V,-1.718,-1.13557,1.56890344e-03
small_A_B_C_forward,Small A/B/C: forward,15,15,15,3,Field_-0.0015,-1.72 V,-1.718,-1.12557,1.50100327e-03
small_A_B_C_forward,Small A/B/C: forward,15,15,15,3,Field_-0.0015,-1.72 V,-1.718,-1.11557,1.43927069e-03
small_A_B_C_forward,Small A/B/C: forward,15,15,15,3,Field_-0.0015,-1.72 V,-1.718,-1.10557,1.38340444e-03
small_A_B_C_forward,Small A/B/C: forward,15,15,15,3,Field_-0.0015,-1.72 V,-1.718,-1.09557,1.33305878e-03
small_A_B_C_forward,Small A/B/C: forward,15,15,15,3,Field_-0.0015,-1.72 V,-1.718,-1.08557,1.28789433e-03
small_A_B_C_forward,Small A/B/C: forward,15,15,15,3,Field_-0.0015,-1.72 V,-1.718,-1.07557,1.24760091e-03
small_A_B_C_forward,Small A/B/C: forward,15,15,15,3,Field_-0.0015,-1.72 V,-1.718,-1.06557,1.21190830e-03
small_A_B_C_forward,Small A/B/C: forward,15,15,15,3,Field_-0.0015,-1.72 V,-1.718,-1.05557,1.18059181e-03
small_A_B_C_forward,Small A/B/C: forward,15,15,15,3,Field_-0.0015,-1.72 V,-1.718,-1.04557,1.15347616e-03
small_A_B_C_forward,Small A/B/C: forward,15,15,15,3,Field_-0.0015,-1.72 V,-1.718,-1.03557,1.13043980e-03
small_A_B_C_forward,Small A/B/C: forward,15,15,15,3,Field_-0.0015,-1.72 V,-1.718,-1.02557,1.11142098e-03
small_A_B_C_forward,Small A/B/C: forward,15,15,15,3,Field_-0.0015,-1.72 V,-1.718,-1.01557,1.09642735e-03
small_A_B_C_forward,Small A/B/C: forward,15,15,15,3,Field_-0.0015,-1.72 V,-1.718,-1.00557,1.08555139e-03
small_A_B_C_forward,Small A/B/C: forward,15,15,15,3,Field_-0.0015,-1.72 V,-1.718,-0.99557,1.07906479e-03
small_A_B_C_forward,Small A/B/C: forward,15,15,15,3,Field_-0.0015,-1.72 V,-1.718,-0.98557,1.07739286e-03
small_A_B_C_forward,Small A/B/C: forward,15,15,15,3,Field_-0.0015,-1.72 V,-1.718,-0.97557,1.08111653e-03
small_A_B_C_forward,Small A/B/C: forward,15,15,15,3,Field_-0.0015,-1.72 V,-1.718,-0.96557,1.09116857e-03
small_A_B_C_forward,Small A/B/C: forward,15,15,15,3,Field_-0.0015,-1.72 V,-1.718,-0.95557,1.10907674e-03
small_A_B_C_forward,Small A/B/C: forward,15,15,15,3,Field_-0.0015,-1.72 V,-1.718,-0.94557,1.13746530e-03
small_A_B_C_forward,Small A/B/C: forward,15,15,15,3,Field_-0.0015,-1.72 V,-1.718,-0.93557,1.18120002e-03
small_A_B_C_forward,Small A/B/C: forward,15,15,15,3,Field_-0.0015,-1.72 V,-1.718,-0.92557,1.25038137e-03
small_A_B_C_forward,Small A/B/C: forward,15,15,15,3,Field_-0.0015,-1.72 V,-1.718,-0.91557,1.36980563e-03
small_A_B_C_forward,Small A/B/C: forward,15,15,15,3,Field_-0.0015,-1.72 V,-1.718,-0.90557,1.61901168e-03
small_A_B_C_forward,Small A/B/C: forward,15,15,15,3,Field_-0.0015,-1.72 V,-1.718,-0.89557,2.42156857e-03
small_A_B_C_forward,Small A/B/C: forward,15,15,15,3,Field_-0.0015,-1.72 V,-1.718,-0.88557,1.56069706e-02
small_A_B_C_forward,Small A/B/C: forward,15,15,15,3,Field_-0.0015,-1.72 V,-1.718,-0.87557,2.78350353e-03
small_A_B_C_forward,Small A/B/C: forward,15,15,15,3,Field_-0.0015,-1.72 V,-1.718,-0.86557,1.18481142e-03
small_A_B_C_forward,Small A/B/C: forward,15,15,15,3,Field_-0.0015,-1.72 V,-1.718,-0.85557,1.12603327e-03
small_A_B_C_forward,Small A/B/C: forward,15,15,15,3,Field_-0.0015,-1.72 V,-1.718,-0.84557,1.18269246e-03
small_A_B_C_forward,Small A/B/C: forward,15,15,15,3,Field_-0.0015,-1.72 V,-1.718,-0.83557,1.26775179e-03
small_A_B_C_forward,Small A/B/C: forward,15,15,15,3,Field_-0.0015,-1.72 V,-1.718,-0.82557,1.36947559e-03
small_A_B_C_forward,Small A/B/C: forward,15,15,15,3,Field_-0.0015,-1.72 V,-1.718,-0.81557,1.48741920e-03
small_A_B_C_forward,Small A/B/C: forward,15,15,15,3,Field_-0.0015,-1.72 V,-1.718,-0.80557,1.62371213e-03
small_A_B_C_forward,Small A/B/C: forward,15,15,15,3,Field_-0.0015,-1.72 V,-1.718,-0.79557,1.78118411e-03
small_A_B_C_forward,Small A/B/C: forward,15,15,15,3,Field_-0.0015,-1.72 V,-1.718,-0.78557,1.96268733e-03
small_A_B_C_forward,Small A/B/C: forward,15,15,15,3,Field_-0.0015,-1.72 V,-1.718,-0.77557,2.17058348e-03
small_A_B_C_forward,Small A/B/C: forward,15,15,15,3,Field_-0.0015,-1.72 V,-1.718,-0.76557,2.40618008e-03
small_A_B_C_forward,Small A/B/C: forward,15,15,15,3,Field_-0.0015,-1.72 V,-1.718,-0.75557,2.66916744e-03
small_A_B_C_forward,Small A/B/C: forward,15,15,15,3,Field_-0.0015,-1.72 V,-1.718,-0.74557,2.95729530e-03
small_A_B_C_forward,Small A/B/C: forward,15,15,15,3,Field_-0.0015,-1.72 V,-1.718,-0.73557,3.26663551e-03
small_A_B_C_forward,Small A/B/C: forward,15,15,15,3,Field_-0.0015,-1.72 V,-1.718,-0.72557,3.59264996e-03
small_A_B_C_forward,Small A/B/C: forward,15,15,15,3,Field_-0.0015,-1.72 V,-1.718,-0.71557,3.93179869e-03
small_A_B_C_forward,Small A/B/C: forward,15,15,15,3,Field_-0.0015,-1.72 V,-1.718,-0.70557,4.28276845e-03
small_A_B_C_forward,Small A/B/C: forward,15,15,15,3,Field_-0.0015,-1.72 V,-1.718,-0.69557,4.64607895e-03
small_A_B_C_forward,Small A/B/C: forward,15,15,15,3,Field_-0.0015,-1.72 V,-1.718,-0.68557,5.02120768e-03
small_A_B_C_forward,Small A/B/C: forward,15,15,15,3,Field_-0.0015,-1.72 V,-1.718,-0.67557,5.40132576e-03
small_A_B_C_forward,Small A/B/C: forward,15,15,15,3,Field_-0.0015,-1.72 V,-1.718,-0.66557,5.76699903e-03
small_A_B_C_forward,Small A/B/C: forward,15,15,15,3,Field_-0.0015,-1.72 V,-1.718,-0.65557,6.08190153e-03
small_A_B_C_forward,Small A/B/C: forward,15,15,15,3,Field_-0.0015,-1.72 V,-1.718,-0.64557,6.29539029e-03
small_A_B_C_forward,Small A/B/C: forward,15,15,15,3,Field_-0.0015,-1.72 V,-1.718,-0.63557,6.35608244e-03
small_A_B_C_forward,Small A/B/C: forward,15,15,15,3,Field_-0.0015,-1.72 V,-1.718,-0.62557,6.23361756e-03
small_A_B_C_forward,Small A/B/C: forward,15,15,15,3,Field_-0.0015,-1.72 V,-1.718,-0.61557,5.93552789e-03
small_A_B_C_forward,Small A/B/C: forward,15,15,15,3,Field_-0.0015,-1.72 V,-1.718,-0.60557,5.50560866e-03
small_A_B_C_forward,Small A/B/C: forward,15,15,15,3,Field_-0.0015,-1.72 V,-1.718,-0.59557,5.00486197e-03
small_A_B_C_forward,Small A/B/C: forward,15,15,15,3,Field_-0.0015,-1.72 V,-1.718,-0.58557,4.48971071e-03
small_A_B_C_forward,Small A/B/C: forward,15,15,15,3,Field_-0.0015,-1.72 V,-1.718,-0.57557,3.99977553e-03
small_A_B_C_forward,Small A/B/C: forward,15,15,15,3,Field_-0.0015,-1.72 V,-1.718,-0.56557,3.55649912e-03
small_A_B_C_forward,Small A/B/C: forward,15,15,15,3,Field_-0.0015,-1.72 V,-1.718,-0.55557,3.16753986e-03
small_A_B_C_forward,Small A/B/C: forward,15,15,15,3,Field_-0.0015,-1.72 V,-1.718,-0.54557,2.83217711e-03
small_A_B_C_forward,Small A/B/C: forward,15,15,15,3,Field_-0.0015,-1.72 V,-1.718,-0.53557,2.54552195e-03
small_A_B_C_forward,Small A/B/C: forward,15,15,15,3,Field_-0.0015,-1.72 V,-1.718,-0.52557,2.30116214e-03
small_A_B_C_forward,Small A/B/C: forward,15,15,15,3,Field_-0.0015,-1.72 V,-1.718,-0.51557,2.09259144e-03
small_A_B_C_forward,Small A/B/C: forward,15,15,15,3,Field_-0.0015,-1.72 V,-1.718,-0.50557,1.91387245e-03
small_A_B_C_forward,Small A/B/C: forward,15,15,15,3,Field_-0.0015,-1.72 V,-1.718,-0.49557,1.75987338e-03
small_A_B_C_forward,Small A/B/C: forward,15,15,15,3,Field_-0.0015,-1.72 V,-1.718,-0.48557,1.62629145e-03
small_A_B_C_forward,Small A/B/C: forward,15,15,15,3,Field_-0.0015,-1.72 V,-1.718,-0.47557,1.50958227e-03
small_A_B_C_forward,Small A/B/C: forward,15,15,15,3,Field_-0.0015,-1.72 V,-1.718,-0.46557,1.40685660e-03
small_A_B_C_forward,Small A/B/C: forward,15,15,15,3,Field_-0.0015,-1.72 V,-1.718,-0.45557,1.31577386e-03
small_A_B_C_forward,Small A/B/C: forward,15,15,15,3,Field_-0.0015,-1.72 V,-1.718,-0.44557,1.23444475e-03
small_A_B_C_forward,Small A/B/C: forward,15,15,15,3,Field_-0.0015,-1.72 V,-1.718,-0.43557,1.16134707e-03
small_A_B_C_forward,Small A/B/C: forward,15,15,15,3,Field_-0.0015,-1.72 V,-1.718,-0.42557,1.09525504e-03
small_A_B_C_forward,Small A/B/C: forward,15,15,15,3,Field_-0.0015,-1.72 V,-1.718,-0.41557,1.03518083e-03
small_A_B_C_forward,Small A/B/C: forward,15,15,15,3,Field_-0.0015,-1.72 V,-1.718,-0.40557,9.80326696e-04
small_A_B_C_forward,Small A/B/C: forward,15,15,15,3,Field_-0.0015,-1.72 V,-1.718,-0.39557,9.30046055e-04
small_A_B_C_forward,Small A/B/C: forward,15,15,15,3,Field_-0.0015,-1.72 V,-1.718,-0.38557,8.83812036e-04
small_A_B_C_forward,Small A/B/C: forward,15,15,15,3,Field_-0.0015,-1.72 V,-1.718,-0.37557,8.41192254e-04
small_A_B_C_forward,Small A/B/C: forward,15,15,15,3,Field_-0.0015,-1.72 V,-1.718,-0.36557,8.01828736e-04
small_A_B_C_forward,Small A/B/C: forward,15,15,15,3,Field_-0.0015,-1.72 V,-1.718,-0.35557,7.65422063e-04
small_A_B_C_forward,Small A/B/C: forward,15,15,15,3,Field_-0.0015,-1.72 V,-1.718,-0.34557,7.31718961e-04
small_A_B_C_forward,Small A/B/C: forward,15,15,15,3,Field_-0.0015,-1.72 V,-1.718,-0.33557,7.00502672e-04
small_A_B_C_forward,Small A/B/C: forward,15,15,15,3,Field_-0.0015,-1.72 V,-1.718,-0.32557,6.71585505e-04
small_A_B_C_forward,Small A/B/C: forward,15,15,15,3,Field_-0.0015,-1.72 V,-1.718,-0.31557,6.44803141e-04
small_A_B_C_forward,Small A/B/C: forward,15,15,15,3,Field_-0.0015,-1.72 V,-1.718,-0.30557,6.20010255e-04
small_A_B_C_forward,Small A/B/C: forward,15,15,15,3,Field_-0.0015,-1.72 V,-1.718,-0.29557,5.97077169e-04
small_A_B_C_forward,Small A/B/C: forward,15,15,15,3,Field_-0.0015,-1.72 V,-1.718,-0.28557,5.75887290e-04
small_A_B_C_forward,Small A/B/C: forward,15,15,15,3,Field_-0.0015,-1.72 V,-1.718,-0.27557,5.56335119e-04
small_A_B_C_forward,Small A/B/C: forward,15,15,15,3,Field_-0.0015,-1.72 V,-1.718,-0.26557,5.38324705e-04
small_A_B_C_forward,Small A/B/C: forward,15,15,15,3,Field_-0.0015,-1.72 V,-1.718,-0.25557,5.21768428e-04
small_A_B_C_forward,Small A/B/C: forward,15,15,15,3,Field_-0.0015,-1.72 V,-1.718,-0.24557,5.06586026e-04
small_A_B_C_forward,Small A/B/C: forward,15,15,15,3,Field_-0.0015,-1.72 V,-1.718,-0.23557,4.92703810e-04
small_A_B_C_forward,Small A/B/C: forward,15,15,15,3,Field_-0.0015,-1.72 V,-1.718,-0.22557,4.80054014e-04
small_A_B_C_forward,Small A/B/C: forward,15,15,15,3,Field_-0.0015,-1.72 V,-1.718,-0.21557,4.68574266e-04
small_A_B_C_forward,Small A/B/C: forward,15,15,15,3,Field_-0.0015,-1.72 V,-1.718,-0.20557,4.58207139e-04
small_A_B_C_forward,Small A/B/C: forward,15,15,15,3,Field_-0.0015,-1.72 V,-1.718,-0.19557,4.48899766e-04
small_A_B_C_forward,Small A/B/C: forward,15,15,15,3,Field_-0.0015,-1.72 V,-1.718,-0.18557,4.40603525e-04
small_A_B_C_forward,Small A/B/C: forward,15,15,15,3,Field_-0.0015,-1.72 V,-1.718,-0.17557,4.33273755e-04
small_A_B_C_forward,Small A/B/C: forward,15,15,15,3,Field_-0.0015,-1.72 V,-1.718,-0.16557,4.26869527e-04
small_A_B_C_forward,Small A/B/C: forward,15,15,15,3,Field_-0.0015,-1.72 V,-1.718,-0.15557,4.21353436e-04
small_A_B_C_forward,Small A/B/C: forward,15,15,15,3,Field_-0.0015,-1.72 V,-1.718,-0.14557,4.16691434e-04
small_A_B_C_forward,Small A/B/C: forward,15,15,15,3,Field_-0.0015,-1.72 V,-1.718,-0.13557,4.12852682e-04
small_A_B_C_forward,Small A/B/C: forward,15,15,15,3,Field_-0.0015,-1.72 V,-1.718,-0.12557,4.09809431e-04
small_A_B_C_forward,Small A/B/C: forward,15,15,15,3,Field_-0.0015,-1.72 V,-1.718,-0.11557,4.07536929e-04
small_A_B_C_forward,Small A/B/C: forward,15,15,15,3,Field_-0.0015,-1.72 V,-1.718,-0.10557,4.06013338e-04
small_A_B_C_forward,Small A/B/C: forward,15,15,15,3,Field_-0.0015,-1.72 V,-1.718,-0.09557,4.05219686e-04
small_A_B_C_forward,Small A/B/C: forward,15,15,15,3,Field_-0.0015,-1.72 V,-1.718,-0.08557,4.05139829e-04
small_A_B_C_forward,Small A/B/C: forward,15,15,15,3,Field_-0.0015,-1.72 V,-1.718,-0.07557,4.05760433e-04
small_A_B_C_forward,Small A/B/C: forward,15,15,15,3,Field_-0.0015,-1.72 V,-1.718,-0.06557,4.07070982e-04
small_A_B_C_forward,Small A/B/C: forward,15,15,15,3,Field_-0.0015,-1.72 V,-1.718,-0.05557,4.09063797e-04
small_A_B_C_forward,Small A/B/C: forward,15,15,15,3,Field_-0.0015,-1.72 V,-1.718,-0.04557,4.11734078e-04
small_A_B_C_forward,Small A/B/C: forward,15,15,15,3,Field_-0.0015,-1.72 V,-1.718,-0.03557,4.15079965e-04
small_A_B_C_forward,Small A/B/C: forward,15,15,15,3,Field_-0.0015,-1.72 V,-1.718,-0.02557,4.19102618e-04
small_A_B_C_forward,Small A/B/C: forward,15,15,15,3,Field_-0.0015,-1.72 V,-1.718,-0.01557,4.23806321e-04
small_A_B_C_forward,Small A/B/C: forward,15,15,15,3,Field_-0.0015,-1.72 V,-1.718,-0.00557,4.29198598e-04
small_A_B_C_forward,Small A/B/C: forward,15,15,15,3,Field_-0.0015,-1.72 V,-1.718,0.00443,4.35276454e-04
small_A_B_C_forward,Small A/B/C: forward,15,15,15,3,Field_-0.0015,-1.72 V,-1.718,0.01443,4.42025945e-04
small_A_B_C_forward,Small A/B/C: forward,15,15,15,3,Field_-0.0015,-1.72 V,-1.718,0.02443,4.49443301e-04
small_A_B_C_forward,Small A/B/C: forward,15,15,15,3,Field_-0.0015,-1.72 V,-1.718,0.03443,4.57528137e-04
small_A_B_C_forward,Small A/B/C: forward,15,15,15,3,Field_-0.0015,-1.72 V,-1.718,0.04443,4.66283336e-04
small_A_B_C_forward,Small A/B/C: forward,15,15,15,3,Field_-0.0015,-1.72 V,-1.718,0.05443,4.75714935e-04
small_A_B_C_forward,Small A/B/C: forward,15,15,15,3,Field_-0.0015,-1.72 V,-1.718,0.06443,4.85831988e-04
small_A_B_C_forward,Small A/B/C: forward,15,15,15,3,Field_-0.0015,-1.72 V,-1.718,0.07443,4.96646423e-04
small_A_B_C_forward,Small A/B/C: forward,15,15,15,3,Field_-0.0015,-1.72 V,-1.718,0.08443,5.08172870e-04
small_A_B_C_forward,Small A/B/C: forward,15,15,15,3,Field_-0.0015,-1.72 V,-1.718,0.09443,5.20428447e-04
small_A_B_C_forward,Small A/B/C: forward,15,15,15,3,Field_-0.0015,-1.72 V,-1.718,0.10443,5.33432507e-04
small_A_B_C_forward,Small A/B/C: forward,15,15,15,3,Field_-0.0015,-1.72 V,-1.718,0.11443,5.47206323e-04
small_A_B_C_forward,Small A/B/C: forward,15,15,15,3,Field_-0.0015,-1.72 V,-1.718,0.12443,5.61772695e-04
small_A_B_C_forward,Small A/B/C: forward,15,15,15,3,Field_-0.0015,-1.72 V,-1.718,0.13443,5.77155475e-04
small_A_B_C_forward,Small A/B/C: forward,15,15,15,3,Field_-0.0015,-1.72 V,-1.718,0.14443,5.93378998e-04
small_A_B_C_forward,Small A/B/C: forward,15,15,15,3,Field_-0.0015,-1.72 V,-1.718,0.15443,6.10467398e-04
small_A_B_C_forward,Small A/B/C: forward,15,15,15,3,Field_-0.0015,-1.72 V,-1.718,0.16443,6.28443818e-04
small_A_B_C_forward,Small A/B/C: forward,15,15,15,3,Field_-0.0015,-1.72 V,-1.718,0.17443,6.47329511e-04
small_A_B_C_forward,Small A/B/C: forward,15,15,15,3,Field_-0.0015,-1.72 V,-1.718,0.18443,6.67142849e-04
small_A_B_C_forward,Small A/B/C: forward,15,15,15,3,Field_-0.0015,-1.72 V,-1.718,0.19443,6.87898269e-04
small_A_B_C_forward,Small A/B/C: forward,15,15,15,3,Field_-0.0015,-1.72 V,-1.718,0.20443,7.09605196e-04
small_A_B_C_forward,Small A/B/C: forward,15,15,15,3,Field_-0.0015,-1.72 V,-1.718,0.21443,7.32267016e-04
small_A_B_C_forward,Small A/B/C: forward,15,15,15,3,Field_-0.0015,-1.72 V,-1.718,0.22443,7.55880175e-04
small_A_B_C_forward,Small A/B/C: forward,15,15,15,3,Field_-0.0015,-1.72 V,-1.718,0.23443,7.80433494e-04
small_A_B_C_forward,Small A/B/C: forward,15,15,15,3,Field_-0.0015,-1.72 V,-1.718,0.24443,8.05907825e-04
small_A_B_C_forward,Small A/B/C: forward,15,15,15,3,Field_-0.0015,-1.72 V,-1.718,0.25443,8.32276126e-04
small_A_B_C_forward,Small A/B/C: forward,15,15,15,3,Field_-0.0015,-1.72 V,-1.718,0.26443,8.59504055e-04
small_A_B_C_forward,Small A/B/C: forward,15,15,15,3,Field_-0.0015,-1.72 V,-1.718,0.27443,8.87551130e-04
small_A_B_C_forward,Small A/B/C: forward,15,15,15,3,Field_-0.0015,-1.72 V,-1.718,0.28443,9.16372456e-04
small_A_B_C_forward,Small A/B/C: forward,15,15,15,3,Field_-0.0015,-1.72 V,-1.718,0.29443,9.45920973e-04
small_A_B_C_forward,Small A/B/C: forward,15,15,15,3,Field_-0.0015,-1.72 V,-1.718,0.30443,9.76150098e-04
small_A_B_C_forward,Small A/B/C: forward,15,15,15,3,Field_-0.0015,-1.72 V,-1.718,0.31443,1.00701660e-03
small_A_B_C_forward,Small A/B/C: forward,15,15,15,3,Field_-0.0015,-1.72 V,-1.718,0.32443,1.03848350e-03
small_A_B_C_forward,Small A/B/C: forward,15,15,15,3,Field_-0.0015,-1.72 V,-1.718,0.33443,1.07052276e-03
small_A_B_C_forward,Small A/B/C: forward,15,15,15,3,Field_-0.0015,-1.72 V,-1.718,0.34443,1.10311765e-03
small_A_B_C_forward,Small A/B/C: forward,15,15,15,3,Field_-0.0015,-1.72 V,-1.718,0.35443,1.13626445e-03
small_A_B_C_forward,Small A/B/C: forward,15,15,15,3,Field_-0.0015,-1.72 V,-1.718,0.36443,1.16997361e-03
small_A_B_C_forward,Small A/B/C: forward,15,15,15,3,Field_-0.0015,-1.72 V,-1.718,0.37443,1.20427025e-03
small_A_B_C_forward,Small A/B/C: forward,15,15,15,3,Field_-0.0015,-1.72 V,-1.718,0.38443,1.23919395e-03
small_A_B_C_forward,Small A/B/C: forward,15,15,15,3,Field_-0.0015,-1.72 V,-1.718,0.39443,1.27479821e-03
small_A_B_C_forward,Small A/B/C: forward,15,15,15,3,Field_-0.0015,-1.72 V,-1.718,0.40443,1.31114935e-03
small_A_B_C_forward,Small A/B/C: forward,15,15,15,3,Field_-0.0015,-1.72 V,-1.718,0.41443,1.34832532e-03
small_A_B_C_forward,Small A/B/C: forward,15,15,15,3,Field_-0.0015,-1.72 V,-1.718,0.42443,1.38641446e-03
small_A_B_C_forward,Small A/B/C: forward,15,15,15,3,Field_-0.0015,-1.72 V,-1.718,0.43443,1.42551418e-03
small_A_B_C_forward,Small A/B/C: forward,15,15,15,3,Field_-0.0015,-1.72 V,-1.718,0.44443,1.46573002e-03
small_A_B_C_forward,Small A/B/C: forward,15,15,15,3,Field_-0.0015,-1.72 V,-1.718,0.45443,1.50717472e-03
small_A_B_C_forward,Small A/B/C: forward,15,15,15,3,Field_-0.0015,-1.72 V,-1.718,0.46443,1.54996780e-03
small_A_B_C_forward,Small A/B/C: forward,15,15,15,3,Field_-0.0015,-1.72 V,-1.718,0.47443,1.59423528e-03
small_A_B_C_forward,Small A/B/C: forward,15,15,15,3,Field_-0.0015,-1.72 V,-1.718,0.48443,1.64010979e-03
small_A_B_C_forward,Small A/B/C: forward,15,15,15,3,Field_-0.0015,-1.72 V,-1.718,0.49443,1.68773101e-03
small_A_B_C_forward,Small A/B/C: forward,15,15,15,3,Field_-0.0015,-1.72 V,-1.718,0.50443,1.73724639e-03
small_A_B_C_forward,Small A/B/C: forward,15,15,15,3,Field_-0.0015,-1.72 V,-1.718,0.51443,1.78881213e-03
small_A_B_C_forward,Small A/B/C: forward,15,15,15,3,Field_-0.0015,-1.72 V,-1.718,0.52443,1.84259455e-03
small_A_B_C_forward,Small A/B/C: forward,15,15,15,3,Field_-0.0015,-1.72 V,-1.718,0.53443,1.89877169e-03
small_A_B_C_forward,Small A/B/C: forward,15,15,15,3,Field_-0.0015,-1.72 V,-1.718,0.54443,1.95753523e-03
small_A_B_C_forward,Small A/B/C: forward,15,15,15,3,Field_-0.0015,-1.72 V,-1.718,0.55443,2.01909279e-03
small_A_B_C_forward,Small A/B/C: forward,15,15,15,3,Field_-0.0015,-1.72 V,-1.718,0.56443,2.08367056e-03
small_A_B_C_forward,Small A/B/C: forward,15,15,15,3,Field_-0.0015,-1.72 V,-1.718,0.57443,2.15151641e-03
small_A_B_C_forward,Small A/B/C: forward,15,15,15,3,Field_-0.0015,-1.72 V,-1.718,0.58443,2.22290343e-03
small_A_B_C_forward,Small A/B/C: forward,15,15,15,3,Field_-0.0015,-1.72 V,-1.718,0.59443,2.29813417e-03
small_A_B_C_forward,Small A/B/C: forward,15,15,15,3,Field_-0.0015,-1.72 V,-1.718,0.60443,2.37754539e-03
small_A_B_C_forward,Small A/B/C: forward,15,15,15,3,Field_-0.0015,-1.72 V,-1.718,0.61443,2.46151375e-03
small_A_B_C_forward,Small A/B/C: forward,15,15,15,3,Field_-0.0015,-1.72 V,-1.718,0.62443,2.55046239e-03
small_A_B_C_forward,Small A/B/C: forward,15,15,15,3,Field_-0.0015,-1.72 V,-1.718,0.63443,2.64486854e-03
small_A_B_C_forward,Small A/B/C: forward,15,15,15,3,Field_-0.0015,-1.72 V,-1.718,0.64443,2.74527247e-03
small_A_B_C_forward,Small A/B/C: forward,15,15,15,3,Field_-0.0015,-1.72 V,-1.718,0.65443,2.85228788e-03
small_A_B_C_forward,Small A/B/C: forward,15,15,15,3,Field_-0.0015,-1.72 V,-1.718,0.66443,2.96661401e-03
small_A_B_C_forward,Small A/B/C: forward,15,15,15,3,Field_-0.0015,-1.72 V,-1.718,0.67443,3.08904963e-03
small_A_B_C_forward,Small A/B/C: forward,15,15,15,3,Field_-0.0015,-1.72 V,-1.718,0.68443,3.22050935e-03
small_A_B_C_forward,Small A/B/C: forward,15,15,15,3,Field_-0.0015,-1.72 V,-1.718,0.69443,3.36204243e-03
small_A_B_C_forward,Small A/B/C: forward,15,15,15,3,Field_-0.0015,-1.72 V,-1.718,0.70443,3.51485445e-03
small_A_B_C_forward,Small A/B/C: forward,15,15,15,3,Field_-0.0015,-1.72 V,-1.718,0.71443,3.68033237e-03
small_A_B_C_forward,Small A/B/C: forward,15,15,15,3,Field_-0.0015,-1.72 V,-1.718,0.72443,3.86007322e-03
small_A_B_C_forward,Small A/B/C: forward,15,15,15,3,Field_-0.0015,-1.72 V,-1.718,0.73443,4.05591725e-03
small_A_B_C_forward,Small A/B/C: forward,15,15,15,3,Field_-0.0015,-1.72 V,-1.718,0.74443,4.26998588e-03
small_A_B_C_forward,Small A/B/C: forward,15,15,15,3,Field_-0.0015,-1.72 V,-1.718,0.75443,4.50472563e-03
small_A_B_C_forward,Small A/B/C: forward,15,15,15,3,Field_-0.0015,-1.72 V,-1.718,0.76443,4.76295879e-03
small_A_B_C_forward,Small A/B/C: forward,15,15,15,3,Field_-0.0015,-1.72 V,-1.718,0.77443,5.04794240e-03
small_A_B_C_forward,Small A/B/C: forward,15,15,15,3,Field_-0.0015,-1.72 V,-1.718,0.78443,5.36343726e-03
small_A_B_C_forward,Small A/B/C: forward,15,15,15,3,Field_-0.0015,-1.72 V,-1.718,0.79443,5.71378944e-03
small_A_B_C_forward,Small A/B/C: forward,15,15,15,3,Field_-0.0015,-1.72 V,-1.718,0.80443,6.10402728e-03
small_A_B_C_forward,Small A/B/C: forward,15,15,15,3,Field_-0.0015,-1.72 V,-1.718,0.81443,6.53997825e-03
small_A_B_C_forward,Small A/B/C: forward,15,15,15,3,Field_-0.0015,-1.72 V,-1.718,0.82443,7.02841096e-03
small_A_B_C_forward,Small A/B/C: forward,15,15,15,3,Field_-0.0015,-1.72 V,-1.718,0.83443,7.57720949e-03
small_A_B_C_forward,Small A/B/C: forward,15,15,15,3,Field_-0.0015,-1.72 V,-1.718,0.84443,8.19558961e-03
small_A_B_C_forward,Small A/B/C: forward,15,15,15,3,Field_-0.0015,-1.72 V,-1.718,0.85443,8.89436901e-03
small_A_B_C_forward,Small A/B/C: forward,15,15,15,3,Field_-0.0015,-1.72 V,-1.718,0.86443,9.68630815e-03
small_A_B_C_forward,Small A/B/C: forward,15,15,15,3,Field_-0.0015,-1.72 V,-1.718,0.87443,1.05865430e-02
small_A_B_C_forward,Small A/B/C: forward,15,15,15,3,Field_-0.0015,-1.72 V,-1.718,0.88443,1.16131393e-02
small_A_B_C_forward,Small A/B/C: forward,15,15,15,3,Field_-0.0015,-1.72 V,-1.718,0.89443,1.27878064e-02
small_A_B_C_forward,Small A/B/C: forward,15,15,15,3,Field_-0.0015,-1.72 V,-1.718,0.90443,1.41368246e-02
small_A_B_C_forward,Small A/B/C: forward,15,15,15,3,Field_-0.0015,-1.72 V,-1.718,0.91443,1.56922601e-02
small_A_B_C_forward,Small A/B/C: forward,15,15,15,3,Field_-0.0015,-1.72 V,-1.718,0.92443,1.74935668e-02
small_A_B_C_forward,Small A/B/C: forward,15,15,15,3,Field_-0.0015,-1.72 V,-1.718,0.93443,1.95897221e-02
small_A_B_C_forward,Small A/B/C: forward,15,15,15,3,Field_-0.0015,-1.72 V,-1.718,0.94443,2.20420975e-02
small_A_B_C_forward,Small A/B/C: forward,15,15,15,3,Field_-0.0015,-1.72 V,-1.718,0.95443,2.49283604e-02
small_A_B_C_forward,Small A/B/C: forward,15,15,15,3,Field_-0.0015,-1.72 V,-1.718,0.96443,2.83478329e-02
small_A_B_C_forward,Small A/B/C: forward,15,15,15,3,Field_-0.0015,-1.72 V,-1.718,0.97443,3.24289382e-02
small_A_B_C_forward,Small A/B/C: forward,15,15,15,3,Field_-0.0015,-1.72 V,-1.718,0.98443,3.73396717e-02
small_A_B_C_forward,Small A/B/C: forward,15,15,15,3,Field_-0.0015,-1.72 V,-1.718,0.99443,4.33025063e-02
small_A_B_C_forward,Small A/B/C: forward,15,15,15,3,Field_-0.0015,-1.72 V,-1.718,1.00443,5.06210023e-02
small_A_B_C_forward,Small A/B/C: forward,15,15,15,3,Field_-0.0015,-1.72 V,-1.718,1.01443,5.97146160e-02
small_A_B_C_forward,Small A/B/C: forward,15,15,15,3,Field_-0.0015,-1.72 V,-1.718,1.02443,7.11619316e-02
small_A_B_C_forward,Small A/B/C: forward,15,15,15,3,Field_-0.0015,-1.72 V,-1.718,1.03443,8.57766453e-02
small_A_B_C_forward,Small A/B/C: forward,15,15,15,3,Field_-0.0015,-1.72 V,-1.718,1.04443,1.04717905e-01
small_A_B_C_forward,Small A/B/C: forward,15,15,15,3,Field_-0.0015,-1.72 V,-1.718,1.05443,1.29653248e-01
small_A_B_C_forward,Small A/B/C: forward,15,15,15,3,Field_-0.0015,-1.72 V,-1.718,1.06443,1.62988543e-01
small_A_B_C_forward,Small A/B/C: forward,15,15,15,3,Field_-0.0015,-1.72 V,-1.718,1.07443,2.08153048e-01
small_A_B_C_forward,Small A/B/C: forward,15,15,15,3,Field_-0.0015,-1.72 V,-1.718,1.08443,2.69815248e-01
small_A_B_C_forward,Small A/B/C: forward,15,15,15,3,Field_-0.0015,-1.72 V,-1.718,1.09443,3.53540834e-01
small_A_B_C_forward,Small A/B/C: forward,15,15,15,3,Field_-0.0015,-1.72 V,-1.718,1.10443,4.63483532e-01
small_A_B_C_forward,Small A/B/C: forward,15,15,15,3,Field_-0.0015,-1.72 V,-1.718,1.11443,5.95400088e-01
small_A_B_C_forward,Small A/B/C: forward,15,15,15,3,Field_-0.0015,-1.72 V,-1.718,1.12443,7.24531296e-01
small_A_B_C_forward,Small A/B/C: forward,15,15,15,3,Field_-0.0015,-1.72 V,-1.718,1.13443,8.03232622e-01
small_A_B_C_forward,Small A/B/C: forward,15,15,15,3,Field_-0.0015,-1.72 V,-1.718,1.14443,7.94285666e-01
small_A_B_C_forward,Small A/B/C: forward,15,15,15,3,Field_-0.0015,-1.72 V,-1.718,1.15443,7.10594650e-01
small_A_B_C_forward,Small A/B/C: forward,15,15,15,3,Field_-0.0015,-1.72 V,-1.718,1.16443,5.97090441e-01
small_A_B_C_forward,Small A/B/C: forward,15,15,15,3,Field_-0.0015,-1.72 V,-1.718,1.17443,4.88604630e-01
small_A_B_C_forward,Small A/B/C: forward,15,15,15,3,Field_-0.0015,-1.72 V,-1.718,1.18443,3.98691772e-01
small_A_B_C_forward,Small A/B/C: forward,15,15,15,3,Field_-0.0015,-1.72 V,-1.718,1.19443,3.28384458e-01
small_A_B_C_forward,Small A/B/C: forward,15,15,15,3,Field_-0.0015,-1.72 V,-1.718,1.20443,2.74430431e-01
small_A_B_C_forward,Small A/B/C: forward,15,15,15,3,Field_-0.0015,-1.72 V,-1.718,1.21443,2.33038625e-01
small_A_B_C_forward,Small A/B/C: forward,15,15,15,3,Field_-0.0015,-1.72 V,-1.718,1.22443,2.01030166e-01
small_A_B_C_forward,Small A/B/C: forward,15,15,15,3,Field_-0.0015,-1.72 V,-1.718,1.23443,1.75998677e-01
small_A_B_C_forward,Small A/B/C: forward,15,15,15,3,Field_-0.0015,-1.72 V,-1.718,1.24443,1.56187363e-01
small_A_B_C_forward,Small A/B/C: forward,15,15,15,3,Field_-0.0015,-1.72 V,-1.718,1.25443,1.40325848e-01
small_A_B_C_forward,Small A/B/C: forward,15,15,15,3,Field_-0.0015,-1.72 V,-1.718,1.26443,1.27493165e-01
small_A_B_C_forward,Small A/B/C: forward,15,15,15,3,Field_-0.0015,-1.72 V,-1.718,1.27443,1.17016184e-01
small_A_B_C_forward,Small A/B/C: forward,15,15,15,3,Field_-0.0015,-1.72 V,-1.718,1.28443,1.08397683e-01
small_A_B_C_forward,Small A/B/C: forward,15,15,15,3,Field_-0.0015,-1.72 V,-1.718,1.29443,1.01266183e-01
small_A_B_C_forward,Small A/B/C: forward,15,15,15,3,Field_-0.0015,-1.72 V,-1.718,1.30443,9.53410288e-02
small_A_B_C_forward,Small A/B/C: forward,15,15,15,3,Field_-0.0015,-1.72 V,-1.718,1.31443,9.04079589e-02
small_A_B_C_forward,Small A/B/C: forward,15,15,15,3,Field_-0.0015,-1.72 V,-1.718,1.32443,8.63018625e-02
small_A_B_C_forward,Small A/B/C: forward,15,15,15,3,Field_-0.0015,-1.72 V,-1.718,1.33443,8.28944971e-02
small_A_B_C_forward,Small A/B/C: forward,15,15,15,3,Field_-0.0015,-1.72 V,-1.718,1.34443,8.00856466e-02
small_A_B_C_forward,Small A/B/C: forward,15,15,15,3,Field_-0.0015,-1.72 V,-1.718,1.35443,7.77966930e-02
small_A_B_C_forward,Small A/B/C: forward,15,15,15,3,Field_-0.0015,-1.72 V,-1.718,1.36443,7.59659019e-02
small_A_B_C_forward,Small A/B/C: forward,15,15,15,3,Field_-0.0015,-1.72 V,-1.718,1.37443,7.45449380e-02
small_A_B_C_forward,Small A/B/C: forward,15,15,15,3,Field_-0.0015,-1.72 V,-1.718,1.38443,7.34962772e-02
small_A_B_C_forward,Small A/B/C: forward,15,15,15,3,Field_-0.0015,-1.72 V,-1.718,1.39443,7.27912796e-02
small_A_B_C_forward,Small A/B/C: forward,15,15,15,3,Field_-0.0015,-1.72 V,-1.718,1.40443,7.24087588e-02
small_A_B_C_forward,Small A/B/C: forward,15,15,15,3,Field_-0.0015,-1.72 V,-1.718,1.41443,7.23339310e-02
small_A_B_C_forward,Small A/B/C: forward,15,15,15,3,Field_-0.0015,-1.72 V,-1.718,1.42443,7.25576605e-02
small_A_B_C_forward,Small A/B/C: forward,15,15,15,3,Field_-0.0015,-1.72 V,-1.718,1.43443,7.30759433e-02
small_A_B_C_forward,Small A/B/C: forward,15,15,15,3,Field_-0.0015,-1.72 V,-1.718,1.44443,7.38895894e-02
small_A_B_C_forward,Small A/B/C: forward,15,15,15,3,Field_-0.0015,-1.72 V,-1.718,1.45443,7.50040758e-02
small_A_B_C_forward,Small A/B/C: forward,15,15,15,3,Field_-0.0015,-1.72 V,-1.718,1.46443,7.64295564e-02
small_A_B_C_forward,Small A/B/C: forward,15,15,15,3,Field_-0.0015,-1.72 V,-1.718,1.47443,7.81810207e-02
small_A_B_C_forward,Small A/B/C: forward,15,15,15,3,Field_-0.0015,-1.72 V,-1.718,1.48443,8.02786024e-02
small_A_B_C_forward,Small A/B/C: forward,15,15,15,3,Field_-0.0015,-1.72 V,-1.718,1.49443,8.27480474e-02
small_A_B_C_forward,Small A/B/C: forward,15,15,15,3,Field_-0.0015,-1.72 V,-1.718,1.50443,8.56213566e-02
small_A_B_C_forward,Small A/B/C: forward,15,15,15,3,Field_-0.0015,-1.72 V,-1.718,1.51443,8.89376282e-02
small_A_B_C_forward,Small A/B/C: forward,15,15,15,3,Field_-0.0015,-1.72 V,-1.718,1.52443,9.27441319e-02
small_A_B_C_forward,Small A/B/C: forward,15,15,15,3,Field_-0.0015,-1.72 V,-1.718,1.53443,9.70976597e-02
small_A_B_C_forward,Small A/B/C: forward,15,15,15,3,Field_-0.0015,-1.72 V,-1.718,1.54443,1.02066209e-01
small_A_B_C_forward,Small A/B/C: forward,15,15,15,3,Field_-0.0015,-1.72 V,-1.718,1.55443,1.07731070e-01
small_A_B_C_forward,Small A/B/C: forward,15,15,15,3,Field_-0.0015,-1.72 V,-1.718,1.56443,1.14189396e-01
small_A_B_C_forward,Small A/B/C: forward,15,15,15,3,Field_-0.0015,-1.72 V,-1.718,1.57443,1.21557378e-01
small_A_B_C_forward,Small A/B/C: forward,15,15,15,3,Field_-0.0015,-1.72 V,-1.718,1.58443,1.29974127e-01
small_A_B_C_forward,Small A/B/C: forward,15,15,15,3,Field_-0.0015,-1.72 V,-1.718,1.59443,1.39606422e-01
small_A_B_C_forward,Small A/B/C: forward,15,15,15,3,Field_-0.0015,-1.72 V,-1.718,1.60443,1.50654455e-01
small_A_B_C_forward,Small A/B/C: forward,15,15,15,3,Field_-0.0015,-1.72 V,-1.718,1.61443,1.63358710e-01
small_A_B_C_forward,Small A/B/C: forward,15,15,15,3,Field_-0.0015,-1.72 V,-1.718,1.62443,1.78008041e-01
small_A_B_C_forward,Small A/B/C: forward,15,15,15,3,Field_-0.0015,-1.72 V,-1.718,1.63443,1.94948852e-01
small_A_B_C_forward,Small A/B/C: forward,15,15,15,3,Field_-0.0015,-1.72 V,-1.718,1.64443,2.14594967e-01
small_A_B_C_forward,Small A/B/C: forward,15,15,15,3,Field_-0.0015,-1.72 V,-1.718,1.65443,2.37437108e-01
small_A_B_C_forward,Small A/B/C: forward,15,15,15,3,Field_-0.0015,-1.72 V,-1.718,1.66443,2.64049741e-01
small_A_B_C_forward,Small A/B/C: forward,15,15,15,3,Field_-0.0015,-1.72 V,-1.718,1.67443,2.95090897e-01
small_A_B_C_forward,Small A/B/C: forward,15,15,15,3,Field_-0.0015,-1.72 V,-1.718,1.68443,3.31287038e-01
small_A_B_C_forward,Small A/B/C: forward,15,15,15,3,Field_-0.0015,-1.72 V,-1.718,1.69443,3.73389370e-01
small_A_B_C_forward,Small A/B/C: forward,15,15,15,3,Field_-0.0015,-1.72 V,-1.718,1.70443,4.22080001e-01
small_A_B_C_forward,Small A/B/C: forward,15,15,15,3,Field_-0.0015,-1.72 V,-1.718,1.71443,4.77797060e-01
small_A_B_C_forward,Small A/B/C: forward,15,15,15,3,Field_-0.0015,-1.72 V,-1.718,1.72443,5.40442938e-01
small_A_B_C_forward,Small A/B/C: forward,15,15,15,3,Field_-0.0015,-1.72 V,-1.718,1.73443,6.08953378e-01
small_A_B_C_forward,Small A/B/C: forward,15,15,15,3,Field_-0.0015,-1.72 V,-1.718,1.74443,6.80764261e-01
small_A_B_C_forward,Small A/B/C: forward,15,15,15,3,Field_-0.0015,-1.72 V,-1.718,1.75443,7.51346670e-01
small_A_B_C_forward,Small A/B/C: forward,15,15,15,3,Field_-0.0015,-1.72 V,-1.718,1.76443,8.14171272e-01
small_A_B_C_forward,Small A/B/C: forward,15,15,15,3,Field_-0.0015,-1.72 V,-1.718,1.77443,8.61557340e-01
small_A_B_C_forward,Small A/B/C: forward,15,15,15,3,Field_-0.0015,-1.72 V,-1.718,1.78443,8.86571164e-01
small_A_B_C_forward,Small A/B/C: forward,15,15,15,3,Field_-0.0015,-1.72 V,-1.718,1.79443,8.85364018e-01
small_A_B_C_forward,Small A/B/C: forward,15,15,15,3,Field_-0.0015,-1.72 V,-1.718,1.80443,8.58650857e-01
small_A_B_C_forward,Small A/B/C: forward,15,15,15,3,Field_-0.0015,-1.72 V,-1.718,1.81443,8.11343148e-01
small_A_B_C_forward,Small A/B/C: forward,15,15,15,3,Field_-0.0015,-1.72 V,-1.718,1.82443,7.50619631e-01
small_A_B_C_forward,Small A/B/C: forward,15,15,15,3,Field_-0.0015,-1.72 V,-1.718,1.83443,6.83684684e-01
small_A_B_C_forward,Small A/B/C: forward,15,15,15,3,Field_-0.0015,-1.72 V,-1.718,1.84443,6.16281395e-01
small_A_B_C_forward,Small A/B/C: forward,15,15,15,3,Field_-0.0015,-1.72 V,-1.718,1.85443,5.52213309e-01
small_A_B_C_forward,Small A/B/C: forward,15,15,15,3,Field_-0.0015,-1.72 V,-1.718,1.86443,4.93552406e-01
small_A_B_C_forward,Small A/B/C: forward,15,15,15,3,Field_-0.0015,-1.72 V,-1.718,1.87443,4.41112597e-01
small_A_B_C_forward,Small A/B/C: forward,15,15,15,3,Field_-0.0015,-1.72 V,-1.718,1.88443,3.94917637e-01
small_A_B_C_forward,Small A/B/C: forward,15,15,15,3,Field_-0.0015,-1.72 V,-1.718,1.89443,3.54556311e-01
small_A_B_C_forward,Small A/B/C: forward,15,15,15,3,Field_-0.0015,-1.72 V,-1.718,1.90443,3.19412832e-01
small_A_B_C_forward,Small A/B/C: forward,15,15,15,3,Field_-0.0015,-1.72 V,-1.718,1.91443,2.88793776e-01
small_A_B_C_forward,Small A/B/C: forward,15,15,15,3,Field_-0.0015,-1.72 V,-1.718,1.92443,2.61965703e-01
small_A_B_C_forward,Small A/B/C: forward,15,15,15,3,Field_-0.0015,-1.72 V,-1.718,1.93443,2.38047132e-01
small_A_B_C_forward,Small A/B/C: forward,15,15,15,3,Field_-0.0015,-1.72 V,-1.718,1.94443,2.15110950e-01
small_A_B_C_forward,Small A/B/C: forward,15,15,15,3,Field_-0.0015,-1.72 V,-1.718,1.95443,2.22537292e-01
small_A_B_C_forward,Small A/B/C: forward,15,15,15,3,Field_-0.0015,-1.72 V,-1.718,1.96443,1.96789137e-01
small_A_B_C_forward,Small A/B/C: forward,15,15,15,3,Field_-0.0015,-1.72 V,-1.718,1.97443,1.79172676e-01
small_A_B_C_forward,Small A/B/C: forward,15,15,15,3,Field_-0.0015,-1.72 V,-1.718,1.98443,1.65860310e-01
small_A_B_C_forward,Small A/B/C: forward,15,15,15,3,Field_-0.0015,-1.72 V,-1.718,1.99443,1.53483642e-01
small_A_B_C_forward,Small A/B/C: forward,15,15,15,3,Field_-0.0015,-1.72 V,-1.718,2.00443,1.46728275e-01
small_A_B_C_forward,Small A/B/C: forward,15,15,15,3,Field_-0.0015,-1.72 V,-1.718,2.01443,1.37577659e-01
small_A_B_C_forward,Small A/B/C: forward,15,15,15,3,Field_-0.0015,-1.72 V,-1.718,2.02443,1.29938985e-01
small_A_B_C_forward,Small A/B/C: forward,15,15,15,3,Field_-0.0015,-1.72 V,-1.718,2.03443,1.23236055e-01
small_A_B_C_forward,Small A/B/C: forward,15,15,15,3,Field_-0.0015,-1.72 V,-1.718,2.04443,1.17298460e-01
small_A_B_C_forward,Small A/B/C: forward,15,15,15,3,Field_-0.0015,-1.72 V,-1.718,2.05443,1.12017645e-01
small_A_B_C_forward,Small A/B/C: forward,15,15,15,3,Field_-0.0015,-1.72 V,-1.718,2.06443,1.07310581e-01
small_A_B_C_forward,Small A/B/C: forward,15,15,15,3,Field_-0.0015,-1.72 V,-1.718,2.07443,1.03109842e-01
small_A_B_C_forward,Small A/B/C: forward,15,15,15,3,Field_-0.0015,-1.72 V,-1.718,2.08443,9.93592691e-02
small_A_B_C_forward,Small A/B/C: forward,15,15,15,3,Field_-0.0015,-1.72 V,-1.718,2.09443,9.60114795e-02
small_A_B_C_forward,Small A/B/C: forward,15,15,15,3,Field_-0.0015,-1.72 V,-1.718,2.10443,9.30261989e-02
small_A_B_C_forward,Small A/B/C: forward,15,15,15,3,Field_-0.0015,-1.72 V,-1.718,2.11443,9.03690400e-02
small_A_B_C_forward,Small A/B/C: forward,15,15,15,3,Field_-0.0015,-1.72 V,-1.718,2.12443,8.80105653e-02
small_A_B_C_forward,Small A/B/C: forward,15,15,15,3,Field_-0.0015,-1.72 V,-1.718,2.13443,8.59255472e-02
small_A_B_C_forward,Small A/B/C: forward,15,15,15,3,Field_-0.0015,-1.72 V,-1.718,2.14443,8.40923717e-02
small_A_B_C_forward,Small A/B/C: forward,15,15,15,3,Field_-0.0015,-1.72 V,-1.718,2.15443,8.24925541e-02
small_A_B_C_forward,Small A/B/C: forward,15,15,15,3,Field_-0.0015,-1.72 V,-1.718,2.16443,8.11103423e-02
small_A_B_C_forward,Small A/B/C: forward,15,15,15,3,Field_-0.0015,-1.72 V,-1.718,2.17443,7.99323908e-02
small_A_B_C_forward,Small A/B/C: forward,15,15,15,3,Field_-0.0015,-1.72 V,-1.718,2.18443,7.89474916e-02
small_A_B_C_forward,Small A/B/C: forward,15,15,15,3,Field_-0.0015,-1.72 V,-1.718,2.19443,7.81463528e-02
small_A_B_C_forward,Small A/B/C: forward,15,15,15,3,Field_-0.0015,-1.72 V,-1.718,2.20443,7.75214153e-02
small_A_B_C_forward,Small A/B/C: forward,15,15,15,3,Field_-0.0015,-1.72 V,-1.718,2.21443,7.70666981e-02
small_A_B_C_forward,Small A/B/C: forward,15,15,15,3,Field_-0.0015,-1.72 V,-1.718,2.22443,7.67776631e-02
small_A_B_C_forward,Small A/B/C: forward,15,15,15,3,Field_-0.0015,-1.72 V,-1.718,2.23443,7.66510793e-02
small_A_B_C_forward,Small A/B/C: forward,15,15,15,3,Field_-0.0015,-1.72 V,-1.718,2.24443,7.66848452e-02
small_A_B_C_forward,Small A/B/C: forward,15,15,15,3,Field_-0.0015,-1.72 V,-1.718,2.25443,7.68776467e-02
small_A_B_C_forward,Small A/B/C: forward,15,15,15,3,Field_-0.0015,-1.72 V,-1.718,2.26443,7.72279915e-02
small_A_B_C_forward,Small A/B/C: forward,15,15,15,3,Field_-0.0015,-1.72 V,-1.718,2.27443,7.77302256e-02
small_A_B_C_forward,Small A/B/C: forward,15,15,15,3,Field_-0.0015,-1.72 V,-1.718,2.28443,7.83434970e-02
small_A_B_C_forward,Small A/B/C: forward,15,15,15,3,Field_-0.0015,-1.72 V,-1.718,2.29443,8.05150080e-02
small_A_B_C_forward,Small A/B/C: forward,15,15,15,3,Field_-0.0015,-1.72 V,-1.718,2.30443,8.05474189e-02
small_A_B_C_forward,Small A/B/C: forward,15,15,15,3,Field_-0.0015,-1.72 V,-1.718,2.31443,8.17295201e-02
small_A_B_C_forward,Small A/B/C: forward,15,15,15,3,Field_-0.0015,-1.72 V,-1.718,2.32443,8.31484709e-02
small_A_B_C_forward,Small A/B/C: forward,15,15,15,3,Field_-0.0015,-1.72 V,-1.718,2.33443,8.47887316e-02
small_A_B_C_forward,Small A/B/C: forward,15,15,15,3,Field_-0.0015,-1.72 V,-1.718,2.34443,8.66581718e-02
small_A_B_C_forward,Small A/B/C: forward,15,15,15,3,Field_-0.0015,-1.72 V,-1.718,2.35443,8.87706746e-02
small_A_B_C_forward,Small A/B/C: forward,15,15,15,3,Field_-0.0015,-1.72 V,-1.718,2.36443,9.11434139e-02
small_A_B_C_forward,Small A/B/C: forward,15,15,15,3,Field_-0.0015,-1.72 V,-1.718,2.37443,9.37959116e-02
small_A_B_C_forward,Small A/B/C: forward,15,15,15,3,Field_-0.0015,-1.72 V,-1.718,2.38443,9.67488283e-02
small_A_B_C_forward,Small A/B/C: forward,15,15,15,3,Field_-0.0015,-1.72 V,-1.718,2.39443,1.00020552e-01
small_A_B_C_forward,Small A/B/C: forward,15,15,15,3,Field_-0.0015,-1.72 V,-1.718,2.40443,1.03614712e-01
small_A_B_C_forward,Small A/B/C: forward,15,15,15,3,Field_-0.0015,-1.72 V,-1.718,2.41443,1.07455899e-01
small_A_B_C_forward,Small A/B/C: forward,15,15,15,3,Field_-0.0015,-1.72 V,-1.718,2.42443,1.10588841e-01
small_A_B_C_forward,Small A/B/C: forward,15,15,15,3,Field_-0.0015,-1.72 V,-1.718,2.43443,1.20298122e-01
small_A_B_C_forward,Small A/B/C: forward,15,15,15,3,Field_-0.0015,-1.72 V,-1.718,2.44443,1.24507830e-01
small_A_B_C_forward,Small A/B/C: forward,15,15,15,3,Field_-0.0015,-1.72 V,-1.718,2.45443,1.30602371e-01
small_A_B_C_forward,Small A/B/C: forward,15,15,15,3,Field_-0.0015,-1.72 V,-1.718,2.46443,1.37629357e-01
small_A_B_C_forward,Small A/B/C: forward,15,15,15,3,Field_-0.0015,-1.72 V,-1.718,2.47443,1.45574643e-01
small_A_B_C_forward,Small A/B/C: forward,15,15,15,3,Field_-0.0015,-1.72 V,-1.718,2.48443,1.54527798e-01
small_A_B_C_forward,Small A/B/C: forward,15,15,15,3,Field_-0.0015,-1.72 V,-1.718,2.49443,1.64619747e-01
small_A_B_C_forward,Small A/B/C: forward,15,15,15,3,Field_-0.0015,-1.72 V,-1.718,2.50443,1.76013682e-01
small_A_B_C_forward,Small A/B/C: forward,15,15,15,3,Field_-0.0015,-1.72 V,-1.718,2.51443,1.88906040e-01
small_A_B_C_forward,Small A/B/C: forward,15,15,15,3,Field_-0.0015,-1.72 V,-1.718,2.52443,2.03530716e-01
small_A_B_C_forward,Small A/B/C: forward,15,15,15,3,Field_-0.0015,-1.72 V,-1.718,2.53443,2.20164884e-01
small_A_B_C_forward,Small A/B/C: forward,15,15,15,3,Field_-0.0015,-1.72 V,-1.718,2.54443,2.39135705e-01
small_A_B_C_forward,Small A/B/C: forward,15,15,15,3,Field_-0.0015,-1.72 V,-1.718,2.55443,2.60827320e-01
small_A_B_C_forward,Small A/B/C: forward,15,15,15,3,Field_-0.0015,-1.72 V,-1.718,2.56443,2.85687011e-01
small_A_B_C_forward,Small A/B/C: forward,15,15,15,3,Field_-0.0015,-1.72 V,-1.718,2.57443,3.14228637e-01
small_A_B_C_forward,Small A/B/C: forward,15,15,15,3,Field_-0.0015,-1.72 V,-1.718,2.58443,3.47029859e-01
small_A_B_C_forward,Small A/B/C: forward,15,15,15,3,Field_-0.0015,-1.72 V,-1.718,2.59443,3.84717286e-01
small_A_B_C_forward,Small A/B/C: forward,15,15,15,3,Field_-0.0015,-1.72 V,-1.718,2.60443,4.27929945e-01
small_A_B_C_forward,Small A/B/C: forward,15,15,15,3,Field_-0.0015,-1.72 V,-1.718,2.61443,4.77246402e-01
small_A_B_C_forward,Small A/B/C: forward,15,15,15,3,Field_-0.0015,-1.72 V,-1.718,2.62443,5.33055104e-01
small_A_B_C_forward,Small A/B/C: forward,15,15,15,3,Field_-0.0015,-1.72 V,-1.718,2.63443,5.95343892e-01
small_A_B_C_forward,Small A/B/C: forward,15,15,15,3,Field_-0.0015,-1.72 V,-1.718,2.64443,6.63390532e-01
small_A_B_C_forward,Small A/B/C: forward,15,15,15,3,Field_-0.0015,-1.72 V,-1.718,2.65443,7.35365351e-01
small_A_B_C_forward,Small A/B/C: forward,15,15,15,3,Field_-0.0015,-1.72 V,-1.718,2.66443,8.07927703e-01
small_A_B_C_forward,Small A/B/C: forward,15,15,15,3,Field_-0.0015,-1.72 V,-1.718,2.67443,8.76013943e-01
small_A_B_C_forward,Small A/B/C: forward,15,15,15,3,Field_-0.0015,-1.72 V,-1.718,2.68443,9.33124249e-01
small_A_B_C_forward,Small A/B/C: forward,15,15,15,3,Field_-0.0015,-1.72 V,-1.718,2.69443,9.72376235e-01
small_A_B_C_forward,Small A/B/C: forward,15,15,15,3,Field_-0.0015,-1.72 V,-1.718,2.70443,9.88246666e-01
small_A_B_C_forward,Small A/B/C: forward,15,15,15,3,Field_-0.0015,-1.72 V,-1.718,2.71443,9.78350745e-01
small_A_B_C_forward,Small A/B/C: forward,15,15,15,3,Field_-0.0015,-1.72 V,-1.718,2.72443,9.44299495e-01
small_A_B_C_forward,Small A/B/C: forward,15,15,15,3,Field_-0.0015,-1.72 V,-1.718,2.73443,8.91103142e-01
small_A_B_C_forward,Small A/B/C: forward,15,15,15,3,Field_-0.0015,-1.72 V,-1.718,2.74443,8.25498491e-01
small_A_B_C_forward,Small A/B/C: forward,15,15,15,3,Field_-0.0015,-1.72 V,-1.718,2.75443,7.54139457e-01
small_A_B_C_forward,Small A/B/C: forward,15,15,15,3,Field_-0.0015,-1.72 V,-1.718,2.76443,6.82394921e-01
small_A_B_C_forward,Small A/B/C: forward,15,15,15,3,Field_-0.0015,-1.72 V,-1.718,2.77443,6.13930911e-01
small_A_B_C_forward,Small A/B/C: forward,15,15,15,3,Field_-0.0015,-1.72 V,-1.718,2.78443,5.50849625e-01
small_A_B_C_forward,Small A/B/C: forward,15,15,15,3,Field_-0.0015,-1.72 V,-1.718,2.79443,4.94070848e-01
small_A_B_C_forward,Small A/B/C: forward,15,15,15,3,Field_-0.0015,-1.72 V,-1.718,2.80443,4.43735625e-01
small_A_B_C_forward,Small A/B/C: forward,15,15,15,3,Field_-0.0015,-1.72 V,-1.718,2.81443,3.99532104e-01
small_A_B_C_forward,Small A/B/C: forward,15,15,15,3,Field_-0.0015,-1.72 V,-1.718,2.82443,3.60922592e-01
small_A_B_C_forward,Small A/B/C: forward,15,15,15,3,Field_-0.0015,-1.72 V,-1.718,2.83443,3.27286330e-01
small_A_B_C_forward,Small A/B/C: forward,15,15,15,3,Field_-0.0015,-1.72 V,-1.718,2.84443,2.98001559e-01
small_A_B_C_forward,Small A/B/C: forward,15,15,15,3,Field_-0.0015,-1.72 V,-1.718,2.85443,2.72488032e-01
small_A_B_C_forward,Small A/B/C: forward,15,15,15,3,Field_-0.0015,-1.72 V,-1.718,2.86443,2.50225542e-01
small_A_B_C_forward,Small A/B/C: forward,15,15,15,3,Field_-0.0015,-1.72 V,-1.718,2.87443,2.30758846e-01
small_A_B_C_forward,Small A/B/C: forward,15,15,15,3,Field_-0.0015,-1.72 V,-1.718,2.88443,2.13695409e-01
small_A_B_C_forward,Small A/B/C: forward,15,15,15,3,Field_-0.0015,-1.72 V,-1.718,2.89443,1.98699800e-01
small_A_B_C_forward,Small A/B/C: forward,15,15,15,3,Field_-0.0015,-1.72 V,-1.718,2.90443,1.85486860e-01
small_A_B_C_forward,Small A/B/C: forward,15,15,15,3,Field_-0.0015,-1.72 V,-1.718,2.91443,1.73814806e-01
small_A_B_C_forward,Small A/B/C: forward,15,15,15,3,Field_-0.0015,-1.72 V,-1.718,2.92443,1.63478814e-01
small_A_B_C_forward,Small A/B/C: forward,15,15,15,3,Field_-0.0015,-1.72 V,-1.718,2.93443,1.54305322e-01
small_A_B_C_forward,Small A/B/C: forward,15,15,15,3,Field_-0.0015,-1.72 V,-1.718,2.94443,1.46147100e-01
small_A_B_C_forward,Small A/B/C: forward,15,15,15,3,Field_-0.0015,-1.72 V,-1.718,2.95443,1.38879057e-01
small_A_B_C_forward,Small A/B/C: forward,15,15,15,3,Field_-0.0015,-1.72 V,-1.718,2.96443,1.32394714e-01
small_A_B_C_forward,Small A/B/C: forward,15,15,15,3,Field_-0.0015,-1.72 V,-1.718,2.97443,1.26603252e-01
small_A_B_C_forward,Small A/B/C: forward,15,15,15,3,Field_-0.0015,-1.72 V,-1.718,2.98443,1.21427052e-01
small_A_B_C_forward,Small A/B/C: forward,15,15,15,3,Field_-0.0015,-1.72 V,-1.718,2.99443,1.16799651e-01
small_A_B_C_forward,Small A/B/C: forward,15,15,15,3,Field_0.0000,0 V,0.0,-2.00546,9.03585100e-02
small_A_B_C_forward,Small A/B/C: forward,15,15,15,3,Field_0.0000,0 V,0.0,-1.99546,9.34014755e-02
small_A_B_C_forward,Small A/B/C: forward,15,15,15,3,Field_0.0000,0 V,0.0,-1.98546,9.71014308e-02
small_A_B_C_forward,Small A/B/C: forward,15,15,15,3,Field_0.0000,0 V,0.0,-1.97546,1.01556537e-01
small_A_B_C_forward,Small A/B/C: forward,15,15,15,3,Field_0.0000,0 V,0.0,-1.96546,1.06897070e-01
small_A_B_C_forward,Small A/B/C: forward,15,15,15,3,Field_0.0000,0 V,0.0,-1.95546,1.13292598e-01
small_A_B_C_forward,Small A/B/C: forward,15,15,15,3,Field_0.0000,0 V,0.0,-1.94546,1.20963034e-01
small_A_B_C_forward,Small A/B/C: forward,15,15,15,3,Field_0.0000,0 V,0.0,-1.93546,1.30194625e-01
small_A_B_C_forward,Small A/B/C: forward,15,15,15,3,Field_0.0000,0 V,0.0,-1.92546,1.41362667e-01
small_A_B_C_forward,Small A/B/C: forward,15,15,15,3,Field_0.0000,0 V,0.0,-1.91546,1.54963720e-01
small_A_B_C_forward,Small A/B/C: forward,15,15,15,3,Field_0.0000,0 V,0.0,-1.90546,1.71661294e-01
small_A_B_C_forward,Small A/B/C: forward,15,15,15,3,Field_0.0000,0 V,0.0,-1.89546,1.92350526e-01
small_A_B_C_forward,Small A/B/C: forward,15,15,15,3,Field_0.0000,0 V,0.0,-1.88546,2.18248742e-01
small_A_B_C_forward,Small A/B/C: forward,15,15,15,3,Field_0.0000,0 V,0.0,-1.87546,2.51018322e-01
small_A_B_C_forward,Small A/B/C: forward,15,15,15,3,Field_0.0000,0 V,0.0,-1.86546,2.92920805e-01
small_A_B_C_forward,Small A/B/C: forward,15,15,15,3,Field_0.0000,0 V,0.0,-1.85546,3.46971337e-01
small_A_B_C_forward,Small A/B/C: forward,15,15,15,3,Field_0.0000,0 V,0.0,-1.84546,4.16970580e-01
small_A_B_C_forward,Small A/B/C: forward,15,15,15,3,Field_0.0000,0 V,0.0,-1.83546,5.07046115e-01
small_A_B_C_forward,Small A/B/C: forward,15,15,15,3,Field_0.0000,0 V,0.0,-1.82546,6.19798390e-01
small_A_B_C_forward,Small A/B/C: forward,15,15,15,3,Field_0.0000,0 V,0.0,-1.81546,7.51436826e-01
small_A_B_C_forward,Small A/B/C: forward,15,15,15,3,Field_0.0000,0 V,0.0,-1.80546,8.83205525e-01
small_A_B_C_forward,Small A/B/C: forward,15,15,15,3,Field_0.0000,0 V,0.0,-1.79546,9.76066962e-01
small_A_B_C_forward,Small A/B/C: forward,15,15,15,3,Field_0.0000,0 V,0.0,-1.78546,9.87405202e-01
small_A_B_C_forward,Small A/B/C: forward,15,15,15,3,Field_0.0000,0 V,0.0,-1.77546,9.09006860e-01
small_A_B_C_forward,Small A/B/C: forward,15,15,15,3,Field_0.0000,0 V,0.0,-1.76546,7.76790759e-01
small_A_B_C_forward,Small A/B/C: forward,15,15,15,3,Field_0.0000,0 V,0.0,-1.75546,6.35921748e-01
small_A_B_C_forward,Small A/B/C: forward,15,15,15,3,Field_0.0000,0 V,0.0,-1.74546,5.12690606e-01
small_A_B_C_forward,Small A/B/C: forward,15,15,15,3,Field_0.0000,0 V,0.0,-1.73546,4.14485860e-01
small_A_B_C_forward,Small A/B/C: forward,15,15,15,3,Field_0.0000,0 V,0.0,-1.72546,3.39391973e-01
small_A_B_C_forward,Small A/B/C: forward,15,15,15,3,Field_0.0000,0 V,0.0,-1.71546,2.82853713e-01
small_A_B_C_forward,Small A/B/C: forward,15,15,15,3,Field_0.0000,0 V,0.0,-1.70546,2.40458296e-01
small_A_B_C_forward,Small A/B/C: forward,15,15,15,3,Field_0.0000,0 V,0.0,-1.69546,2.08701676e-01
small_A_B_C_forward,Small A/B/C: forward,15,15,15,3,Field_0.0000,0 V,0.0,-1.68546,1.85011142e-01
small_A_B_C_forward,Small A/B/C: forward,15,15,15,3,Field_0.0000,0 V,0.0,-1.67546,1.67571880e-01
small_A_B_C_forward,Small A/B/C: forward,15,15,15,3,Field_0.0000,0 V,0.0,-1.66546,1.55143945e-01
small_A_B_C_forward,Small A/B/C: forward,15,15,15,3,Field_0.0000,0 V,0.0,-1.65546,1.46915879e-01
small_A_B_C_forward,Small A/B/C: forward,15,15,15,3,Field_0.0000,0 V,0.0,-1.64546,1.42391966e-01
small_A_B_C_forward,Small A/B/C: forward,15,15,15,3,Field_0.0000,0 V,0.0,-1.63546,1.41289472e-01
small_A_B_C_forward,Small A/B/C: forward,15,15,15,3,Field_0.0000,0 V,0.0,-1.62546,1.43405850e-01
small_A_B_C_forward,Small A/B/C: forward,15,15,15,3,Field_0.0000,0 V,0.0,-1.61546,1.48407878e-01
small_A_B_C_forward,Small A/B/C: forward,15,15,15,3,Field_0.0000,0 V,0.0,-1.60546,1.55550487e-01
small_A_B_C_forward,Small A/B/C: forward,15,15,15,3,Field_0.0000,0 V,0.0,-1.59546,1.63563127e-01
small_A_B_C_forward,Small A/B/C: forward,15,15,15,3,Field_0.0000,0 V,0.0,-1.58546,1.71267639e-01
small_A_B_C_forward,Small A/B/C: forward,15,15,15,3,Field_0.0000,0 V,0.0,-1.57546,1.79351771e-01
small_A_B_C_forward,Small A/B/C: forward,15,15,15,3,Field_0.0000,0 V,0.0,-1.56546,1.94402206e-01
small_A_B_C_forward,Small A/B/C: forward,15,15,15,3,Field_0.0000,0 V,0.0,-1.55546,2.78102799e-01
small_A_B_C_forward,Small A/B/C: forward,15,15,15,3,Field_0.0000,0 V,0.0,-1.54546,1.05223024e-01
small_A_B_C_forward,Small A/B/C: forward,15,15,15,3,Field_0.0000,0 V,0.0,-1.53546,1.50663119e-01
small_A_B_C_forward,Small A/B/C: forward,15,15,15,3,Field_0.0000,0 V,0.0,-1.52546,1.74894914e-01
small_A_B_C_forward,Small A/B/C: forward,15,15,15,3,Field_0.0000,0 V,0.0,-1.51546,1.98723736e-01
small_A_B_C_forward,Small A/B/C: forward,15,15,15,3,Field_0.0000,0 V,0.0,-1.50546,2.24523471e-01
small_A_B_C_forward,Small A/B/C: forward,15,15,15,3,Field_0.0000,0 V,0.0,-1.49546,2.50385894e-01
small_A_B_C_forward,Small A/B/C: forward,15,15,15,3,Field_0.0000,0 V,0.0,-1.48546,2.71702480e-01
small_A_B_C_forward,Small A/B/C: forward,15,15,15,3,Field_0.0000,0 V,0.0,-1.47546,2.83125210e-01
small_A_B_C_forward,Small A/B/C: forward,15,15,15,3,Field_0.0000,0 V,0.0,-1.46546,2.82047499e-01
small_A_B_C_forward,Small A/B/C: forward,15,15,15,3,Field_0.0000,0 V,0.0,-1.45546,2.70822987e-01
small_A_B_C_forward,Small A/B/C: forward,15,15,15,3,Field_0.0000,0 V,0.0,-1.44546,2.55270170e-01
small_A_B_C_forward,Small A/B/C: forward,15,15,15,3,Field_0.0000,0 V,0.0,-1.43546,2.41563454e-01
small_A_B_C_forward,Small A/B/C: forward,15,15,15,3,Field_0.0000,0 V,0.0,-1.42546,2.34873868e-01
small_A_B_C_forward,Small A/B/C: forward,15,15,15,3,Field_0.0000,0 V,0.0,-1.41546,2.40634369e-01
small_A_B_C_forward,Small A/B/C: forward,15,15,15,3,Field_0.0000,0 V,0.0,-1.40546,2.69054505e-01
small_A_B_C_forward,Small A/B/C: forward,15,15,15,3,Field_0.0000,0 V,0.0,-1.39546,3.50798254e-01
small_A_B_C_forward,Small A/B/C: forward,15,15,15,3,Field_0.0000,0 V,0.0,-1.38546,6.16384923e-01
small_A_B_C_forward,Small A/B/C: forward,15,15,15,3,Field_0.0000,0 V,0.0,-1.37546,8.49964573e-01
small_A_B_C_forward,Small A/B/C: forward,15,15,15,3,Field_0.0000,0 V,0.0,-1.36546,8.97318264e-02
small_A_B_C_forward,Small A/B/C: forward,15,15,15,3,Field_0.0000,0 V,0.0,-1.35546,4.46701895e-02
small_A_B_C_forward,Small A/B/C: forward,15,15,15,3,Field_0.0000,0 V,0.0,-1.34546,8.92612106e-02
small_A_B_C_forward,Small A/B/C: forward,15,15,15,3,Field_0.0000,0 V,0.0,-1.33546,2.01096083e-01
small_A_B_C_forward,Small A/B/C: forward,15,15,15,3,Field_0.0000,0 V,0.0,-1.32546,5.26049077e-01
small_A_B_C_forward,Small A/B/C: forward,15,15,15,3,Field_0.0000,0 V,0.0,-1.31546,9.37201228e-01
small_A_B_C_forward,Small A/B/C: forward,15,15,15,3,Field_0.0000,0 V,0.0,-1.30546,3.84884240e-01
small_A_B_C_forward,Small A/B/C: forward,15,15,15,3,Field_0.0000,0 V,0.0,-1.29546,1.42168314e-01
small_A_B_C_forward,Small A/B/C: forward,15,15,15,3,Field_0.0000,0 V,0.0,-1.28546,6.61248522e-02
small_A_B_C_forward,Small A/B/C: forward,15,15,15,3,Field_0.0000,0 V,0.0,-1.27546,3.60445750e-02
small_A_B_C_forward,Small A/B/C: forward,15,15,15,3,Field_0.0000,0 V,0.0,-1.26546,2.18060492e-02
small_A_B_C_forward,Small A/B/C: forward,15,15,15,3,Field_0.0000,0 V,0.0,-1.25546,1.41877141e-02
small_A_B_C_forward,Small A/B/C: forward,15,15,15,3,Field_0.0000,0 V,0.0,-1.24546,9.74168109e-03
small_A_B_C_forward,Small A/B/C: forward,15,15,15,3,Field_0.0000,0 V,0.0,-1.23546,6.97413471e-03
small_A_B_C_forward,Small A/B/C: forward,15,15,15,3,Field_0.0000,0 V,0.0,-1.22546,5.16335195e-03
small_A_B_C_forward,Small A/B/C: forward,15,15,15,3,Field_0.0000,0 V,0.0,-1.21546,3.93045849e-03
small_A_B_C_forward,Small A/B/C: forward,15,15,15,3,Field_0.0000,0 V,0.0,-1.20546,3.06317817e-03
small_A_B_C_forward,Small A/B/C: forward,15,15,15,3,Field_0.0000,0 V,0.0,-1.19546,2.43617635e-03
small_A_B_C_forward,Small A/B/C: forward,15,15,15,3,Field_0.0000,0 V,0.0,-1.18546,1.97219062e-03
small_A_B_C_forward,Small A/B/C: forward,15,15,15,3,Field_0.0000,0 V,0.0,-1.17546,1.62183995e-03
small_A_B_C_forward,Small A/B/C: forward,15,15,15,3,Field_0.0000,0 V,0.0,-1.16546,1.35257713e-03
small_A_B_C_forward,Small A/B/C: forward,15,15,15,3,Field_0.0000,0 V,0.0,-1.15546,1.14237295e-03
small_A_B_C_forward,Small A/B/C: forward,15,15,15,3,Field_0.0000,0 V,0.0,-1.14546,9.75967532e-04
small_A_B_C_forward,Small A/B/C: forward,15,15,15,3,Field_0.0000,0 V,0.0,-1.13546,8.42571782e-04
small_A_B_C_forward,Small A/B/C: forward,15,15,15,3,Field_0.0000,0 V,0.0,-1.12546,7.34417536e-04
small_A_B_C_forward,Small A/B/C: forward,15,15,15,3,Field_0.0000,0 V,0.0,-1.11546,6.45819685e-04
small_A_B_C_forward,Small A/B/C: forward,15,15,15,3,Field_0.0000,0 V,0.0,-1.10546,5.72555858e-04
small_A_B_C_forward,Small A/B/C: forward,15,15,15,3,Field_0.0000,0 V,0.0,-1.09546,5.11447822e-04
small_A_B_C_forward,Small A/B/C: forward,15,15,15,3,Field_0.0000,0 V,0.0,-1.08546,4.60073867e-04
small_A_B_C_forward,Small A/B/C: forward,15,15,15,3,Field_0.0000,0 V,0.0,-1.07546,4.16567921e-04
small_A_B_C_forward,Small A/B/C: forward,15,15,15,3,Field_0.0000,0 V,0.0,-1.06546,3.79477131e-04
small_A_B_C_forward,Small A/B/C: forward,15,15,15,3,Field_0.0000,0 V,0.0,-1.05546,3.47659497e-04
small_A_B_C_forward,Small A/B/C: forward,15,15,15,3,Field_0.0000,0 V,0.0,-1.04546,3.20209367e-04
small_A_B_C_forward,Small A/B/C: forward,15,15,15,3,Field_0.0000,0 V,0.0,-1.03546,2.96402572e-04
small_A_B_C_forward,Small A/B/C: forward,15,15,15,3,Field_0.0000,0 V,0.0,-1.02546,2.75655583e-04
small_A_B_C_forward,Small A/B/C: forward,15,15,15,3,Field_0.0000,0 V,0.0,-1.01546,2.57494797e-04
small_A_B_C_forward,Small A/B/C: forward,15,15,15,3,Field_0.0000,0 V,0.0,-1.00546,2.41533233e-04
small_A_B_C_forward,Small A/B/C: forward,15,15,15,3,Field_0.0000,0 V,0.0,-0.99546,2.27601324e-04
small_A_B_C_forward,Small A/B/C: forward,15,15,15,3,Field_0.0000,0 V,0.0,-0.98546,2.15525343e-04
small_A_B_C_forward,Small A/B/C: forward,15,15,15,3,Field_0.0000,0 V,0.0,-0.97546,2.05012740e-04
small_A_B_C_forward,Small A/B/C: forward,15,15,15,3,Field_0.0000,0 V,0.0,-0.96546,1.95823316e-04
small_A_B_C_forward,Small A/B/C: forward,15,15,15,3,Field_0.0000,0 V,0.0,-0.95546,1.87758895e-04
small_A_B_C_forward,Small A/B/C: forward,15,15,15,3,Field_0.0000,0 V,0.0,-0.94546,1.80655224e-04
small_A_B_C_forward,Small A/B/C: forward,15,15,15,3,Field_0.0000,0 V,0.0,-0.93546,1.74375583e-04
small_A_B_C_forward,Small A/B/C: forward,15,15,15,3,Field_0.0000,0 V,0.0,-0.92546,1.68805709e-04
small_A_B_C_forward,Small A/B/C: forward,15,15,15,3,Field_0.0000,0 V,0.0,-0.91546,1.63849744e-04
small_A_B_C_forward,Small A/B/C: forward,15,15,15,3,Field_0.0000,0 V,0.0,-0.90546,1.59426989e-04
small_A_B_C_forward,Small A/B/C: forward,15,15,15,3,Field_0.0000,0 V,0.0,-0.89546,1.55469287e-04
small_A_B_C_forward,Small A/B/C: forward,15,15,15,3,Field_0.0000,0 V,0.0,-0.88546,1.51918904e-04
small_A_B_C_forward,Small A/B/C: forward,15,15,15,3,Field_0.0000,0 V,0.0,-0.87546,1.48726810e-04
small_A_B_C_forward,Small A/B/C: forward,15,15,15,3,Field_0.0000,0 V,0.0,-0.86546,1.45851283e-04
small_A_B_C_forward,Small A/B/C: forward,15,15,15,3,Field_0.0000,0 V,0.0,-0.85546,1.43256764e-04
small_A_B_C_forward,Small A/B/C: forward,15,15,15,3,Field_0.0000,0 V,0.0,-0.84546,1.40912935e-04
small_A_B_C_forward,Small A/B/C: forward,15,15,15,3,Field_0.0000,0 V,0.0,-0.83546,1.38793959e-04
small_A_B_C_forward,Small A/B/C: forward,15,15,15,3,Field_0.0000,0 V,0.0,-0.82546,1.36877874e-04
small_A_B_C_forward,Small A/B/C: forward,15,15,15,3,Field_0.0000,0 V,0.0,-0.81546,1.35146106e-04
small_A_B_C_forward,Small A/B/C: forward,15,15,15,3,Field_0.0000,0 V,0.0,-0.80546,1.33583096e-04
small_A_B_C_forward,Small A/B/C: forward,15,15,15,3,Field_0.0000,0 V,0.0,-0.79546,1.32176010e-04
small_A_B_C_forward,Small A/B/C: forward,15,15,15,3,Field_0.0000,0 V,0.0,-0.78546,1.30914546e-04
small_A_B_C_forward,Small A/B/C: forward,15,15,15,3,Field_0.0000,0 V,0.0,-0.77546,1.29790814e-04
small_A_B_C_forward,Small A/B/C: forward,15,15,15,3,Field_0.0000,0 V,0.0,-0.76546,1.28799288e-04
small_A_B_C_forward,Small A/B/C: forward,15,15,15,3,Field_0.0000,0 V,0.0,-0.75546,1.27936826e-04
small_A_B_C_forward,Small A/B/C: forward,15,15,15,3,Field_0.0000,0 V,0.0,-0.74546,1.27202755e-04
small_A_B_C_forward,Small A/B/C: forward,15,15,15,3,Field_0.0000,0 V,0.0,-0.73546,1.26598994e-04
small_A_B_C_forward,Small A/B/C: forward,15,15,15,3,Field_0.0000,0 V,0.0,-0.72546,1.26130215e-04
small_A_B_C_forward,Small A/B/C: forward,15,15,15,3,Field_0.0000,0 V,0.0,-0.71546,1.25804005e-04
small_A_B_C_forward,Small A/B/C: forward,15,15,15,3,Field_0.0000,0 V,0.0,-0.70546,1.25630979e-04
small_A_B_C_forward,Small A/B/C: forward,15,15,15,3,Field_0.0000,0 V,0.0,-0.69546,1.25624811e-04
small_A_B_C_forward,Small A/B/C: forward,15,15,15,3,Field_0.0000,0 V,0.0,-0.68546,1.25802071e-04
small_A_B_C_forward,Small A/B/C: forward,15,15,15,3,Field_0.0000,0 V,0.0,-0.67546,1.26181827e-04
small_A_B_C_forward,Small A/B/C: forward,15,15,15,3,Field_0.0000,0 V,0.0,-0.66546,1.26784880e-04
small_A_B_C_forward,Small A/B/C: forward,15,15,15,3,Field_0.0000,0 V,0.0,-0.65546,1.27632611e-04
small_A_B_C_forward,Small A/B/C: forward,15,15,15,3,Field_0.0000,0 V,0.0,-0.64546,1.28745399e-04
small_A_B_C_forward,Small A/B/C: forward,15,15,15,3,Field_0.0000,0 V,0.0,-0.63546,1.30140695e-04
small_A_B_C_forward,Small A/B/C: forward,15,15,15,3,Field_0.0000,0 V,0.0,-0.62546,1.31830940e-04
small_A_B_C_forward,Small A/B/C: forward,15,15,15,3,Field_0.0000,0 V,0.0,-0.61546,1.33821600e-04
small_A_B_C_forward,Small A/B/C: forward,15,15,15,3,Field_0.0000,0 V,0.0,-0.60546,1.36109701e-04
small_A_B_C_forward,Small A/B/C: forward,15,15,15,3,Field_0.0000,0 V,0.0,-0.59546,1.38683177e-04
small_A_B_C_forward,Small A/B/C: forward,15,15,15,3,Field_0.0000,0 V,0.0,-0.58546,1.41521267e-04
small_A_B_C_forward,Small A/B/C: forward,15,15,15,3,Field_0.0000,0 V,0.0,-0.57546,1.44595991e-04
small_A_B_C_forward,Small A/B/C: forward,15,15,15,3,Field_0.0000,0 V,0.0,-0.56546,1.47874466e-04
small_A_B_C_forward,Small A/B/C: forward,15,15,15,3,Field_0.0000,0 V,0.0,-0.55546,1.51321691e-04
small_A_B_C_forward,Small A/B/C: forward,15,15,15,3,Field_0.0000,0 V,0.0,-0.54546,1.54903337e-04
small_A_B_C_forward,Small A/B/C: forward,15,15,15,3,Field_0.0000,0 V,0.0,-0.53546,1.58588112e-04
small_A_B_C_forward,Small A/B/C: forward,15,15,15,3,Field_0.0000,0 V,0.0,-0.52546,1.62349455e-04
small_A_B_C_forward,Small A/B/C: forward,15,15,15,3,Field_0.0000,0 V,0.0,-0.51546,1.66166463e-04
small_A_B_C_forward,Small A/B/C: forward,15,15,15,3,Field_0.0000,0 V,0.0,-0.50546,1.70024105e-04
small_A_B_C_forward,Small A/B/C: forward,15,15,15,3,Field_0.0000,0 V,0.0,-0.49546,1.73912904e-04
small_A_B_C_forward,Small A/B/C: forward,15,15,15,3,Field_0.0000,0 V,0.0,-0.48546,1.77828255e-04
small_A_B_C_forward,Small A/B/C: forward,15,15,15,3,Field_0.0000,0 V,0.0,-0.47546,1.81769583e-04
small_A_B_C_forward,Small A/B/C: forward,15,15,15,3,Field_0.0000,0 V,0.0,-0.46546,1.85739460e-04
small_A_B_C_forward,Small A/B/C: forward,15,15,15,3,Field_0.0000,0 V,0.0,-0.45546,1.89742798e-04
small_A_B_C_forward,Small A/B/C: forward,15,15,15,3,Field_0.0000,0 V,0.0,-0.44546,1.93786141e-04
small_A_B_C_forward,Small A/B/C: forward,15,15,15,3,Field_0.0000,0 V,0.0,-0.43546,1.97877101e-04
small_A_B_C_forward,Small A/B/C: forward,15,15,15,3,Field_0.0000,0 V,0.0,-0.42546,2.02023911e-04
small_A_B_C_forward,Small A/B/C: forward,15,15,15,3,Field_0.0000,0 V,0.0,-0.41546,2.06235105e-04
small_A_B_C_forward,Small A/B/C: forward,15,15,15,3,Field_0.0000,0 V,0.0,-0.40546,2.10519280e-04
small_A_B_C_forward,Small A/B/C: forward,15,15,15,3,Field_0.0000,0 V,0.0,-0.39546,2.14884943e-04
small_A_B_C_forward,Small A/B/C: forward,15,15,15,3,Field_0.0000,0 V,0.0,-0.38546,2.19340407e-04
small_A_B_C_forward,Small A/B/C: forward,15,15,15,3,Field_0.0000,0 V,0.0,-0.37546,2.23893741e-04
small_A_B_C_forward,Small A/B/C: forward,15,15,15,3,Field_0.0000,0 V,0.0,-0.36546,2.28552732e-04
small_A_B_C_forward,Small A/B/C: forward,15,15,15,3,Field_0.0000,0 V,0.0,-0.35546,2.33324888e-04
small_A_B_C_forward,Small A/B/C: forward,15,15,15,3,Field_0.0000,0 V,0.0,-0.34546,2.38217435e-04
small_A_B_C_forward,Small A/B/C: forward,15,15,15,3,Field_0.0000,0 V,0.0,-0.33546,2.43237339e-04
small_A_B_C_forward,Small A/B/C: forward,15,15,15,3,Field_0.0000,0 V,0.0,-0.32546,2.48391318e-04
small_A_B_C_forward,Small A/B/C: forward,15,15,15,3,Field_0.0000,0 V,0.0,-0.31546,2.53685867e-04
small_A_B_C_forward,Small A/B/C: forward,15,15,15,3,Field_0.0000,0 V,0.0,-0.30546,2.59127273e-04
small_A_B_C_forward,Small A/B/C: forward,15,15,15,3,Field_0.0000,0 V,0.0,-0.29546,2.64721632e-04
small_A_B_C_forward,Small A/B/C: forward,15,15,15,3,Field_0.0000,0 V,0.0,-0.28546,2.70474859e-04
small_A_B_C_forward,Small A/B/C: forward,15,15,15,3,Field_0.0000,0 V,0.0,-0.27546,2.76392694e-04
small_A_B_C_forward,Small A/B/C: forward,15,15,15,3,Field_0.0000,0 V,0.0,-0.26546,2.82480695e-04
small_A_B_C_forward,Small A/B/C: forward,15,15,15,3,Field_0.0000,0 V,0.0,-0.25546,2.88744234e-04
small_A_B_C_forward,Small A/B/C: forward,15,15,15,3,Field_0.0000,0 V,0.0,-0.24546,2.95188472e-04
small_A_B_C_forward,Small A/B/C: forward,15,15,15,3,Field_0.0000,0 V,0.0,-0.23546,3.01818331e-04
small_A_B_C_forward,Small A/B/C: forward,15,15,15,3,Field_0.0000,0 V,0.0,-0.22546,3.08638453e-04
small_A_B_C_forward,Small A/B/C: forward,15,15,15,3,Field_0.0000,0 V,0.0,-0.21546,3.15653156e-04
small_A_B_C_forward,Small A/B/C: forward,15,15,15,3,Field_0.0000,0 V,0.0,-0.20546,3.22866374e-04
small_A_B_C_forward,Small A/B/C: forward,15,15,15,3,Field_0.0000,0 V,0.0,-0.19546,3.30281594e-04
small_A_B_C_forward,Small A/B/C: forward,15,15,15,3,Field_0.0000,0 V,0.0,-0.18546,3.37901789e-04
small_A_B_C_forward,Small A/B/C: forward,15,15,15,3,Field_0.0000,0 V,0.0,-0.17546,3.45729351e-04
small_A_B_C_forward,Small A/B/C: forward,15,15,15,3,Field_0.0000,0 V,0.0,-0.16546,3.53766022e-04
small_A_B_C_forward,Small A/B/C: forward,15,15,15,3,Field_0.0000,0 V,0.0,-0.15546,3.62012836e-04
small_A_B_C_forward,Small A/B/C: forward,15,15,15,3,Field_0.0000,0 V,0.0,-0.14546,3.70470070e-04
small_A_B_C_forward,Small A/B/C: forward,15,15,15,3,Field_0.0000,0 V,0.0,-0.13546,3.79137214e-04
small_A_B_C_forward,Small A/B/C: forward,15,15,15,3,Field_0.0000,0 V,0.0,-0.12546,3.88012962e-04
small_A_B_C_forward,Small A/B/C: forward,15,15,15,3,Field_0.0000,0 V,0.0,-0.11546,3.97095228e-04
small_A_B_C_forward,Small A/B/C: forward,15,15,15,3,Field_0.0000,0 V,0.0,-0.10546,4.06381196e-04
small_A_B_C_forward,Small A/B/C: forward,15,15,15,3,Field_0.0000,0 V,0.0,-0.09546,4.15867401e-04
small_A_B_C_forward,Small A/B/C: forward,15,15,15,3,Field_0.0000,0 V,0.0,-0.08546,4.25549845e-04
small_A_B_C_forward,Small A/B/C: forward,15,15,15,3,Field_0.0000,0 V,0.0,-0.07546,4.35424151e-04
small_A_B_C_forward,Small A/B/C: forward,15,15,15,3,Field_0.0000,0 V,0.0,-0.06546,4.45485747e-04
small_A_B_C_forward,Small A/B/C: forward,15,15,15,3,Field_0.0000,0 V,0.0,-0.05546,4.55730077e-04
small_A_B_C_forward,Small A/B/C: forward,15,15,15,3,Field_0.0000,0 V,0.0,-0.04546,4.66152840e-04
small_A_B_C_forward,Small A/B/C: forward,15,15,15,3,Field_0.0000,0 V,0.0,-0.03546,4.76750241e-04
small_A_B_C_forward,Small A/B/C: forward,15,15,15,3,Field_0.0000,0 V,0.0,-0.02546,4.87519252e-04
small_A_B_C_forward,Small A/B/C: forward,15,15,15,3,Field_0.0000,0 V,0.0,-0.01546,4.98457869e-04
small_A_B_C_forward,Small A/B/C: forward,15,15,15,3,Field_0.0000,0 V,0.0,-0.00546,5.09565365e-04
small_A_B_C_forward,Small A/B/C: forward,15,15,15,3,Field_0.0000,0 V,0.0,0.00454,5.21019357e-04
small_A_B_C_forward,Small A/B/C: forward,15,15,15,3,Field_0.0000,0 V,0.0,0.01454,5.33009005e-04
small_A_B_C_forward,Small A/B/C: forward,15,15,15,3,Field_0.0000,0 V,0.0,0.02454,5.45552802e-04
small_A_B_C_forward,Small A/B/C: forward,15,15,15,3,Field_0.0000,0 V,0.0,0.03454,5.58670500e-04
small_A_B_C_forward,Small A/B/C: forward,15,15,15,3,Field_0.0000,0 V,0.0,0.04454,5.72383344e-04
small_A_B_C_forward,Small A/B/C: forward,15,15,15,3,Field_0.0000,0 V,0.0,0.05454,5.86714311e-04
small_A_B_C_forward,Small A/B/C: forward,15,15,15,3,Field_0.0000,0 V,0.0,0.06454,6.01688350e-04
small_A_B_C_forward,Small A/B/C: forward,15,15,15,3,Field_0.0000,0 V,0.0,0.07454,6.17332619e-04
small_A_B_C_forward,Small A/B/C: forward,15,15,15,3,Field_0.0000,0 V,0.0,0.08454,6.33676718e-04
small_A_B_C_forward,Small A/B/C: forward,15,15,15,3,Field_0.0000,0 V,0.0,0.09454,6.50752908e-04
small_A_B_C_forward,Small A/B/C: forward,15,15,15,3,Field_0.0000,0 V,0.0,0.10454,6.68596315e-04
small_A_B_C_forward,Small A/B/C: forward,15,15,15,3,Field_0.0000,0 V,0.0,0.11454,6.87245127e-04
small_A_B_C_forward,Small A/B/C: forward,15,15,15,3,Field_0.0000,0 V,0.0,0.12454,7.06740771e-04
small_A_B_C_forward,Small A/B/C: forward,15,15,15,3,Field_0.0000,0 V,0.0,0.13454,7.27128082e-04
small_A_B_C_forward,Small A/B/C: forward,15,15,15,3,Field_0.0000,0 V,0.0,0.14454,7.48455459e-04
small_A_B_C_forward,Small A/B/C: forward,15,15,15,3,Field_0.0000,0 V,0.0,0.15454,7.70775018e-04
small_A_B_C_forward,Small A/B/C: forward,15,15,15,3,Field_0.0000,0 V,0.0,0.16454,7.94142739e-04
small_A_B_C_forward,Small A/B/C: forward,15,15,15,3,Field_0.0000,0 V,0.0,0.17454,8.18618627e-04
small_A_B_C_forward,Small A/B/C: forward,15,15,15,3,Field_0.0000,0 V,0.0,0.18454,8.44266874e-04
small_A_B_C_forward,Small A/B/C: forward,15,15,15,3,Field_0.0000,0 V,0.0,0.19454,8.71156042e-04
small_A_B_C_forward,Small A/B/C: forward,15,15,15,3,Field_0.0000,0 V,0.0,0.20454,8.99359270e-04
small_A_B_C_forward,Small A/B/C: forward,15,15,15,3,Field_0.0000,0 V,0.0,0.21454,9.28954507e-04
small_A_B_C_forward,Small A/B/C: forward,15,15,15,3,Field_0.0000,0 V,0.0,0.22454,9.60024788e-04
small_A_B_C_forward,Small A/B/C: forward,15,15,15,3,Field_0.0000,0 V,0.0,0.23454,9.92658545e-04
small_A_B_C_forward,Small A/B/C: forward,15,15,15,3,Field_0.0000,0 V,0.0,0.24454,1.02694996e-03
small_A_B_C_forward,Small A/B/C: forward,15,15,15,3,Field_0.0000,0 V,0.0,0.25454,1.06299940e-03
small_A_B_C_forward,Small A/B/C: forward,15,15,15,3,Field_0.0000,0 V,0.0,0.26454,1.10091385e-03
small_A_B_C_forward,Small A/B/C: forward,15,15,15,3,Field_0.0000,0 V,0.0,0.27454,1.14080747e-03
small_A_B_C_forward,Small A/B/C: forward,15,15,15,3,Field_0.0000,0 V,0.0,0.28454,1.18280216e-03
small_A_B_C_forward,Small A/B/C: forward,15,15,15,3,Field_0.0000,0 V,0.0,0.29454,1.22702822e-03
small_A_B_C_forward,Small A/B/C: forward,15,15,15,3,Field_0.0000,0 V,0.0,0.30454,1.27362509e-03
small_A_B_C_forward,Small A/B/C: forward,15,15,15,3,Field_0.0000,0 V,0.0,0.31454,1.32274212e-03
small_A_B_C_forward,Small A/B/C: forward,15,15,15,3,Field_0.0000,0 V,0.0,0.32454,1.37453942e-03
small_A_B_C_forward,Small A/B/C: forward,15,15,15,3,Field_0.0000,0 V,0.0,0.33454,1.42918881e-03
small_A_B_C_forward,Small A/B/C: forward,15,15,15,3,Field_0.0000,0 V,0.0,0.34454,1.48687481e-03
small_A_B_C_forward,Small A/B/C: forward,15,15,15,3,Field_0.0000,0 V,0.0,0.35454,1.54779577e-03
small_A_B_C_forward,Small A/B/C: forward,15,15,15,3,Field_0.0000,0 V,0.0,0.36454,1.61216498e-03
small_A_B_C_forward,Small A/B/C: forward,15,15,15,3,Field_0.0000,0 V,0.0,0.37454,1.68021196e-03
small_A_B_C_forward,Small A/B/C: forward,15,15,15,3,Field_0.0000,0 V,0.0,0.38454,1.75218384e-03
small_A_B_C_forward,Small A/B/C: forward,15,15,15,3,Field_0.0000,0 V,0.0,0.39454,1.82834682e-03
small_A_B_C_forward,Small A/B/C: forward,15,15,15,3,Field_0.0000,0 V,0.0,0.40454,1.90898772e-03
small_A_B_C_forward,Small A/B/C: forward,15,15,15,3,Field_0.0000,0 V,0.0,0.41454,1.99441580e-03
small_A_B_C_forward,Small A/B/C: forward,15,15,15,3,Field_0.0000,0 V,0.0,0.42454,2.08496458e-03
small_A_B_C_forward,Small A/B/C: forward,15,15,15,3,Field_0.0000,0 V,0.0,0.43454,2.18099399e-03
small_A_B_C_forward,Small A/B/C: forward,15,15,15,3,Field_0.0000,0 V,0.0,0.44454,2.28289263e-03
small_A_B_C_forward,Small A/B/C: forward,15,15,15,3,Field_0.0000,0 V,0.0,0.45454,2.39108039e-03
small_A_B_C_forward,Small A/B/C: forward,15,15,15,3,Field_0.0000,0 V,0.0,0.46454,2.50601127e-03
small_A_B_C_forward,Small A/B/C: forward,15,15,15,3,Field_0.0000,0 V,0.0,0.47454,2.62817666e-03
small_A_B_C_forward,Small A/B/C: forward,15,15,15,3,Field_0.0000,0 V,0.0,0.48454,2.75810897e-03
small_A_B_C_forward,Small A/B/C: forward,15,15,15,3,Field_0.0000,0 V,0.0,0.49454,2.89638581e-03
small_A_B_C_forward,Small A/B/C: forward,15,15,15,3,Field_0.0000,0 V,0.0,0.50454,3.04363471e-03
small_A_B_C_forward,Small A/B/C: forward,15,15,15,3,Field_0.0000,0 V,0.0,0.51454,3.20053863e-03
small_A_B_C_forward,Small A/B/C: forward,15,15,15,3,Field_0.0000,0 V,0.0,0.52454,3.36784219e-03
small_A_B_C_forward,Small A/B/C: forward,15,15,15,3,Field_0.0000,0 V,0.0,0.53454,3.54635897e-03
small_A_B_C_forward,Small A/B/C: forward,15,15,15,3,Field_0.0000,0 V,0.0,0.54454,3.73697998e-03
small_A_B_C_forward,Small A/B/C: forward,15,15,15,3,Field_0.0000,0 V,0.0,0.55454,3.94068348e-03
small_A_B_C_forward,Small A/B/C: forward,15,15,15,3,Field_0.0000,0 V,0.0,0.56454,4.15854650e-03
small_A_B_C_forward,Small A/B/C: forward,15,15,15,3,Field_0.0000,0 V,0.0,0.57454,4.39175826e-03
small_A_B_C_forward,Small A/B/C: forward,15,15,15,3,Field_0.0000,0 V,0.0,0.58454,4.64163602e-03
small_A_B_C_forward,Small A/B/C: forward,15,15,15,3,Field_0.0000,0 V,0.0,0.59454,4.90964359e-03
small_A_B_C_forward,Small A/B/C: forward,15,15,15,3,Field_0.0000,0 V,0.0,0.60454,5.19741318e-03
small_A_B_C_forward,Small A/B/C: forward,15,15,15,3,Field_0.0000,0 V,0.0,0.61454,5.50677109e-03
small_A_B_C_forward,Small A/B/C: forward,15,15,15,3,Field_0.0000,0 V,0.0,0.62454,5.83976795e-03
small_A_B_C_forward,Small A/B/C: forward,15,15,15,3,Field_0.0000,0 V,0.0,0.63454,6.19871431e-03
small_A_B_C_forward,Small A/B/C: forward,15,15,15,3,Field_0.0000,0 V,0.0,0.64454,6.58622250e-03
small_A_B_C_forward,Small A/B/C: forward,15,15,15,3,Field_0.0000,0 V,0.0,0.65454,7.00525577e-03
small_A_B_C_forward,Small A/B/C: forward,15,15,15,3,Field_0.0000,0 V,0.0,0.66454,7.45918592e-03
small_A_B_C_forward,Small A/B/C: forward,15,15,15,3,Field_0.0000,0 V,0.0,0.67454,7.95186062e-03
small_A_B_C_forward,Small A/B/C: forward,15,15,15,3,Field_0.0000,0 V,0.0,0.68454,8.48768193e-03
small_A_B_C_forward,Small A/B/C: forward,15,15,15,3,Field_0.0000,0 V,0.0,0.69454,9.07169753e-03
small_A_B_C_forward,Small A/B/C: forward,15,15,15,3,Field_0.0000,0 V,0.0,0.70454,9.70970632e-03
small_A_B_C_forward,Small A/B/C: forward,15,15,15,3,Field_0.0000,0 V,0.0,0.71454,1.04083801e-02
small_A_B_C_forward,Small A/B/C: forward,15,15,15,3,Field_0.0000,0 V,0.0,0.72454,1.11754036e-02
small_A_B_C_forward,Small A/B/C: forward,15,15,15,3,Field_0.0000,0 V,0.0,0.73454,1.20196344e-02
small_A_B_C_forward,Small A/B/C: forward,15,15,15,3,Field_0.0000,0 V,0.0,0.74454,1.29512857e-02
small_A_B_C_forward,Small A/B/C: forward,15,15,15,3,Field_0.0000,0 V,0.0,0.75454,1.39821353e-02
small_A_B_C_forward,Small A/B/C: forward,15,15,15,3,Field_0.0000,0 V,0.0,0.76454,1.51257637e-02
small_A_B_C_forward,Small A/B/C: forward,15,15,15,3,Field_0.0000,0 V,0.0,0.77454,1.63978267e-02
small_A_B_C_forward,Small A/B/C: forward,15,15,15,3,Field_0.0000,0 V,0.0,0.78454,1.78163714e-02
small_A_B_C_forward,Small A/B/C: forward,15,15,15,3,Field_0.0000,0 V,0.0,0.79454,1.94022036e-02
small_A_B_C_forward,Small A/B/C: forward,15,15,15,3,Field_0.0000,0 V,0.0,0.80454,2.11793216e-02
small_A_B_C_forward,Small A/B/C: forward,15,15,15,3,Field_0.0000,0 V,0.0,0.81454,2.31754377e-02
small_A_B_C_forward,Small A/B/C: forward,15,15,15,3,Field_0.0000,0 V,0.0,0.82454,2.54226110e-02
small_A_B_C_forward,Small A/B/C: forward,15,15,15,3,Field_0.0000,0 V,0.0,0.83454,2.79580290e-02
small_A_B_C_forward,Small A/B/C: forward,15,15,15,3,Field_0.0000,0 V,0.0,0.84454,3.08249829e-02
small_A_B_C_forward,Small A/B/C: forward,15,15,15,3,Field_0.0000,0 V,0.0,0.85454,3.40740924e-02
small_A_B_C_forward,Small A/B/C: forward,15,15,15,3,Field_0.0000,0 V,0.0,0.86454,3.77648559e-02
small_A_B_C_forward,Small A/B/C: forward,15,15,15,3,Field_0.0000,0 V,0.0,0.87454,4.19676127e-02
small_A_B_C_forward,Small A/B/C: forward,15,15,15,3,Field_0.0000,0 V,0.0,0.88454,4.67660319e-02
small_A_B_C_forward,Small A/B/C: forward,15,15,15,3,Field_0.0000,0 V,0.0,0.89454,5.22602669e-02
small_A_B_C_forward,Small A/B/C: forward,15,15,15,3,Field_0.0000,0 V,0.0,0.90454,5.85709469e-02
small_A_B_C_forward,Small A/B/C: forward,15,15,15,3,Field_0.0000,0 V,0.0,0.91454,6.58442208e-02
small_A_B_C_forward,Small A/B/C: forward,15,15,15,3,Field_0.0000,0 V,0.0,0.92454,7.42581111e-02
small_A_B_C_forward,Small A/B/C: forward,15,15,15,3,Field_0.0000,0 V,0.0,0.93454,8.40304837e-02
small_A_B_C_forward,Small A/B/C: forward,15,15,15,3,Field_0.0000,0 V,0.0,0.94454,9.54289675e-02
small_A_B_C_forward,Small A/B/C: forward,15,15,15,3,Field_0.0000,0 V,0.0,0.95454,1.08783142e-01
small_A_B_C_forward,Small A/B/C: forward,15,15,15,3,Field_0.0000,0 V,0.0,0.96454,1.24499171e-01
small_A_B_C_forward,Small A/B/C: forward,15,15,15,3,Field_0.0000,0 V,0.0,0.97454,1.43076676e-01
small_A_B_C_forward,Small A/B/C: forward,15,15,15,3,Field_0.0000,0 V,0.0,0.98454,1.65126722e-01
small_A_B_C_forward,Small A/B/C: forward,15,15,15,3,Field_0.0000,0 V,0.0,0.99454,1.91387898e-01
small_A_B_C_forward,Small A/B/C: forward,15,15,15,3,Field_0.0000,0 V,0.0,1.00454,2.22728634e-01
small_A_B_C_forward,Small A/B/C: forward,15,15,15,3,Field_0.0000,0 V,0.0,1.01454,2.60111404e-01
small_A_B_C_forward,Small A/B/C: forward,15,15,15,3,Field_0.0000,0 V,0.0,1.02454,3.04519164e-01
small_A_B_C_forward,Small A/B/C: forward,15,15,15,3,Field_0.0000,0 V,0.0,1.03454,3.56780538e-01
small_A_B_C_forward,Small A/B/C: forward,15,15,15,3,Field_0.0000,0 V,0.0,1.04454,4.17233448e-01
small_A_B_C_forward,Small A/B/C: forward,15,15,15,3,Field_0.0000,0 V,0.0,1.05454,4.85172631e-01
small_A_B_C_forward,Small A/B/C: forward,15,15,15,3,Field_0.0000,0 V,0.0,1.06454,5.58099799e-01
small_A_B_C_forward,Small A/B/C: forward,15,15,15,3,Field_0.0000,0 V,0.0,1.07454,6.31007475e-01
small_A_B_C_forward,Small A/B/C: forward,15,15,15,3,Field_0.0000,0 V,0.0,1.08454,6.96266696e-01
small_A_B_C_forward,Small A/B/C: forward,15,15,15,3,Field_0.0000,0 V,0.0,1.09454,7.44862611e-01
small_A_B_C_forward,Small A/B/C: forward,15,15,15,3,Field_0.0000,0 V,0.0,1.10454,7.69151515e-01
small_A_B_C_forward,Small A/B/C: forward,15,15,15,3,Field_0.0000,0 V,0.0,1.11454,7.65917934e-01
small_A_B_C_forward,Small A/B/C: forward,15,15,15,3,Field_0.0000,0 V,0.0,1.12454,7.37648444e-01
small_A_B_C_forward,Small A/B/C: forward,15,15,15,3,Field_0.0000,0 V,0.0,1.13454,6.91098674e-01
small_A_B_C_forward,Small A/B/C: forward,15,15,15,3,Field_0.0000,0 V,0.0,1.14454,6.34383291e-01
small_A_B_C_forward,Small A/B/C: forward,15,15,15,3,Field_0.0000,0 V,0.0,1.15454,5.74530159e-01
small_A_B_C_forward,Small A/B/C: forward,15,15,15,3,Field_0.0000,0 V,0.0,1.16454,5.16409593e-01
small_A_B_C_forward,Small A/B/C: forward,15,15,15,3,Field_0.0000,0 V,0.0,1.17454,4.62783015e-01
small_A_B_C_forward,Small A/B/C: forward,15,15,15,3,Field_0.0000,0 V,0.0,1.18454,4.14844530e-01
small_A_B_C_forward,Small A/B/C: forward,15,15,15,3,Field_0.0000,0 V,0.0,1.19454,3.72808286e-01
small_A_B_C_forward,Small A/B/C: forward,15,15,15,3,Field_0.0000,0 V,0.0,1.20454,3.36359424e-01
small_A_B_C_forward,Small A/B/C: forward,15,15,15,3,Field_0.0000,0 V,0.0,1.21454,3.04945730e-01
small_A_B_C_forward,Small A/B/C: forward,15,15,15,3,Field_0.0000,0 V,0.0,1.22454,2.77945598e-01
small_A_B_C_forward,Small A/B/C: forward,15,15,15,3,Field_0.0000,0 V,0.0,1.23454,2.54755118e-01
small_A_B_C_forward,Small A/B/C: forward,15,15,15,3,Field_0.0000,0 V,0.0,1.24454,2.34827395e-01
small_A_B_C_forward,Small A/B/C: forward,15,15,15,3,Field_0.0000,0 V,0.0,1.25454,2.17685757e-01
small_A_B_C_forward,Small A/B/C: forward,15,15,15,3,Field_0.0000,0 V,0.0,1.26454,2.02923745e-01
small_A_B_C_forward,Small A/B/C: forward,15,15,15,3,Field_0.0000,0 V,0.0,1.27454,1.90199110e-01
small_A_B_C_forward,Small A/B/C: forward,15,15,15,3,Field_0.0000,0 V,0.0,1.28454,1.79225665e-01
small_A_B_C_forward,Small A/B/C: forward,15,15,15,3,Field_0.0000,0 V,0.0,1.29454,1.69764890e-01
small_A_B_C_forward,Small A/B/C: forward,15,15,15,3,Field_0.0000,0 V,0.0,1.30454,1.61618164e-01
small_A_B_C_forward,Small A/B/C: forward,15,15,15,3,Field_0.0000,0 V,0.0,1.31454,1.54619964e-01
small_A_B_C_forward,Small A/B/C: forward,15,15,15,3,Field_0.0000,0 V,0.0,1.32454,1.48632062e-01
small_A_B_C_forward,Small A/B/C: forward,15,15,15,3,Field_0.0000,0 V,0.0,1.33454,1.43538685e-01
small_A_B_C_forward,Small A/B/C: forward,15,15,15,3,Field_0.0000,0 V,0.0,1.34454,1.39242505e-01
small_A_B_C_forward,Small A/B/C: forward,15,15,15,3,Field_0.0000,0 V,0.0,1.35454,1.35661359e-01
small_A_B_C_forward,Small A/B/C: forward,15,15,15,3,Field_0.0000,0 V,0.0,1.36454,1.32725584e-01
small_A_B_C_forward,Small A/B/C: forward,15,15,15,3,Field_0.0000,0 V,0.0,1.37454,1.30375871e-01
small_A_B_C_forward,Small A/B/C: forward,15,15,15,3,Field_0.0000,0 V,0.0,1.38454,1.28561574e-01
small_A_B_C_forward,Small A/B/C: forward,15,15,15,3,Field_0.0000,0 V,0.0,1.39454,1.27239395e-01
small_A_B_C_forward,Small A/B/C: forward,15,15,15,3,Field_0.0000,0 V,0.0,1.40454,1.26372407e-01
small_A_B_C_forward,Small A/B/C: forward,15,15,15,3,Field_0.0000,0 V,0.0,1.41454,1.25929346e-01
small_A_B_C_forward,Small A/B/C: forward,15,15,15,3,Field_0.0000,0 V,0.0,1.42454,1.25884151e-01
small_A_B_C_forward,Small A/B/C: forward,15,15,15,3,Field_0.0000,0 V,0.0,1.43454,1.26215694e-01
small_A_B_C_forward,Small A/B/C: forward,15,15,15,3,Field_0.0000,0 V,0.0,1.44454,1.26907669e-01
small_A_B_C_forward,Small A/B/C: forward,15,15,15,3,Field_0.0000,0 V,0.0,1.45454,1.27948596e-01
small_A_B_C_forward,Small A/B/C: forward,15,15,15,3,Field_0.0000,0 V,0.0,1.46454,1.29331926e-01
small_A_B_C_forward,Small A/B/C: forward,15,15,15,3,Field_0.0000,0 V,0.0,1.47454,1.31056201e-01
small_A_B_C_forward,Small A/B/C: forward,15,15,15,3,Field_0.0000,0 V,0.0,1.48454,1.33125266e-01
small_A_B_C_forward,Small A/B/C: forward,15,15,15,3,Field_0.0000,0 V,0.0,1.49454,1.35548527e-01
small_A_B_C_forward,Small A/B/C: forward,15,15,15,3,Field_0.0000,0 V,0.0,1.50454,1.38341260e-01
small_A_B_C_forward,Small A/B/C: forward,15,15,15,3,Field_0.0000,0 V,0.0,1.51454,1.41524970e-01
small_A_B_C_forward,Small A/B/C: forward,15,15,15,3,Field_0.0000,0 V,0.0,1.52454,1.45127840e-01
small_A_B_C_forward,Small A/B/C: forward,15,15,15,3,Field_0.0000,0 V,0.0,1.53454,1.49185290e-01
small_A_B_C_forward,Small A/B/C: forward,15,15,15,3,Field_0.0000,0 V,0.0,1.54454,1.53740672e-01
small_A_B_C_forward,Small A/B/C: forward,15,15,15,3,Field_0.0000,0 V,0.0,1.55454,1.58846162e-01
small_A_B_C_forward,Small A/B/C: forward,15,15,15,3,Field_0.0000,0 V,0.0,1.56454,1.64563867e-01
small_A_B_C_forward,Small A/B/C: forward,15,15,15,3,Field_0.0000,0 V,0.0,1.57454,1.70967224e-01
small_A_B_C_forward,Small A/B/C: forward,15,15,15,3,Field_0.0000,0 V,0.0,1.58454,1.78142725e-01
small_A_B_C_forward,Small A/B/C: forward,15,15,15,3,Field_0.0000,0 V,0.0,1.59454,1.86192052e-01
small_A_B_C_forward,Small A/B/C: forward,15,15,15,3,Field_0.0000,0 V,0.0,1.60454,1.95234678e-01
small_A_B_C_forward,Small A/B/C: forward,15,15,15,3,Field_0.0000,0 V,0.0,1.61454,2.05411011e-01
small_A_B_C_forward,Small A/B/C: forward,15,15,15,3,Field_0.0000,0 V,0.0,1.62454,2.16886162e-01
small_A_B_C_forward,Small A/B/C: forward,15,15,15,3,Field_0.0000,0 V,0.0,1.63454,2.29854387e-01
small_A_B_C_forward,Small A/B/C: forward,15,15,15,3,Field_0.0000,0 V,0.0,1.64454,2.44544226e-01
small_A_B_C_forward,Small A/B/C: forward,15,15,15,3,Field_0.0000,0 V,0.0,1.65454,2.61224278e-01
small_A_B_C_forward,Small A/B/C: forward,15,15,15,3,Field_0.0000,0 V,0.0,1.66454,2.80209373e-01
small_A_B_C_forward,Small A/B/C: forward,15,15,15,3,Field_0.0000,0 V,0.0,1.67454,3.01866606e-01
small_A_B_C_forward,Small A/B/C: forward,15,15,15,3,Field_0.0000,0 V,0.0,1.68454,3.26620147e-01
small_A_B_C_forward,Small A/B/C: forward,15,15,15,3,Field_0.0000,0 V,0.0,1.69454,3.54952780e-01
small_A_B_C_forward,Small A/B/C: forward,15,15,15,3,Field_0.0000,0 V,0.0,1.70454,3.87400585e-01
small_A_B_C_forward,Small A/B/C: forward,15,15,15,3,Field_0.0000,0 V,0.0,1.71454,4.24534651e-01
small_A_B_C_forward,Small A/B/C: forward,15,15,15,3,Field_0.0000,0 V,0.0,1.72454,4.66919950e-01
small_A_B_C_forward,Small A/B/C: forward,15,15,15,3,Field_0.0000,0 V,0.0,1.73454,5.15036432e-01
small_A_B_C_forward,Small A/B/C: forward,15,15,15,3,Field_0.0000,0 V,0.0,1.74454,5.69141709e-01
small_A_B_C_forward,Small A/B/C: forward,15,15,15,3,Field_0.0000,0 V,0.0,1.75454,6.29051709e-01
small_A_B_C_forward,Small A/B/C: forward,15,15,15,3,Field_0.0000,0 V,0.0,1.76454,6.93823096e-01
small_A_B_C_forward,Small A/B/C: forward,15,15,15,3,Field_0.0000,0 V,0.0,1.77454,7.61354103e-01
small_A_B_C_forward,Small A/B/C: forward,15,15,15,3,Field_0.0000,0 V,0.0,1.78454,8.27996920e-01
small_A_B_C_forward,Small A/B/C: forward,15,15,15,3,Field_0.0000,0 V,0.0,1.79454,8.88393642e-01
small_A_B_C_forward,Small A/B/C: forward,15,15,15,3,Field_0.0000,0 V,0.0,1.80454,9.35813288e-01
small_A_B_C_forward,Small A/B/C: forward,15,15,15,3,Field_0.0000,0 V,0.0,1.81454,9.61924384e-01
small_A_B_C_forward,Small A/B/C: forward,15,15,15,3,Field_0.0000,0 V,0.0,1.82454,9.61316082e-01
small_A_B_C_forward,Small A/B/C: forward,15,15,15,3,Field_0.0000,0 V,0.0,1.83454,9.44220095e-01
small_A_B_C_forward,Small A/B/C: forward,15,15,15,3,Field_0.0000,0 V,0.0,1.84454,8.98956852e-01
small_A_B_C_forward,Small A/B/C: forward,15,15,15,3,Field_0.0000,0 V,0.0,1.85454,8.36235367e-01
small_A_B_C_forward,Small A/B/C: forward,15,15,15,3,Field_0.0000,0 V,0.0,1.86454,7.63526447e-01
small_A_B_C_forward,Small A/B/C: forward,15,15,15,3,Field_0.0000,0 V,0.0,1.87454,6.87546960e-01
small_A_B_C_forward,Small A/B/C: forward,15,15,15,3,Field_0.0000,0 V,0.0,1.88454,6.13309297e-01
small_A_B_C_forward,Small A/B/C: forward,15,15,15,3,Field_0.0000,0 V,0.0,1.89454,5.43850438e-01
small_A_B_C_forward,Small A/B/C: forward,15,15,15,3,Field_0.0000,0 V,0.0,1.90454,4.80254976e-01
small_A_B_C_forward,Small A/B/C: forward,15,15,15,3,Field_0.0000,0 V,0.0,1.91454,4.19501295e-01
small_A_B_C_forward,Small A/B/C: forward,15,15,15,3,Field_0.0000,0 V,0.0,1.92454,4.02343508e-01
small_A_B_C_forward,Small A/B/C: forward,15,15,15,3,Field_0.0000,0 V,0.0,1.93454,3.44894673e-01
small_A_B_C_forward,Small A/B/C: forward,15,15,15,3,Field_0.0000,0 V,0.0,1.94454,3.06759010e-01
small_A_B_C_forward,Small A/B/C: forward,15,15,15,3,Field_0.0000,0 V,0.0,1.95454,2.74915173e-01
small_A_B_C_forward,Small A/B/C: forward,15,15,15,3,Field_0.0000,0 V,0.0,1.96454,2.47740214e-01
small_A_B_C_forward,Small A/B/C: forward,15,15,15,3,Field_0.0000,0 V,0.0,1.97454,2.24382504e-01
small_A_B_C_forward,Small A/B/C: forward,15,15,15,3,Field_0.0000,0 V,0.0,1.98454,2.04216391e-01
small_A_B_C_forward,Small A/B/C: forward,15,15,15,3,Field_0.0000,0 V,0.0,1.99454,1.86740311e-01
small_A_B_C_forward,Small A/B/C: forward,15,15,15,3,Field_0.0000,0 V,0.0,2.00454,1.71538881e-01
small_A_B_C_forward,Small A/B/C: forward,15,15,15,3,Field_0.0000,0 V,0.0,2.01454,1.58270747e-01
small_A_B_C_forward,Small A/B/C: forward,15,15,15,3,Field_0.0000,0 V,0.0,2.02454,1.46655518e-01
small_A_B_C_forward,Small A/B/C: forward,15,15,15,3,Field_0.0000,0 V,0.0,2.03454,1.36458689e-01
small_A_B_C_forward,Small A/B/C: forward,15,15,15,3,Field_0.0000,0 V,0.0,2.04454,1.27483755e-01
small_A_B_C_forward,Small A/B/C: forward,15,15,15,3,Field_0.0000,0 V,0.0,2.05454,1.19565713e-01
small_A_B_C_forward,Small A/B/C: forward,15,15,15,3,Field_0.0000,0 V,0.0,2.06454,1.12565702e-01
small_A_B_C_forward,Small A/B/C: forward,15,15,15,3,Field_0.0000,0 V,0.0,2.07454,1.06366580e-01
small_A_B_C_forward,Small A/B/C: forward,15,15,15,3,Field_0.0000,0 V,0.0,2.08454,1.00869297e-01
small_A_B_C_forward,Small A/B/C: forward,15,15,15,3,Field_0.0000,0 V,0.0,2.09454,9.59898996e-02
small_A_B_C_forward,Small A/B/C: forward,15,15,15,3,Field_0.0000,0 V,0.0,2.10454,9.16570806e-02
small_A_B_C_forward,Small A/B/C: forward,15,15,15,3,Field_0.0000,0 V,0.0,2.11454,8.78101570e-02
small_A_B_C_forward,Small A/B/C: forward,15,15,15,3,Field_0.0000,0 V,0.0,2.12454,8.43974104e-02
small_A_B_C_forward,Small A/B/C: forward,15,15,15,3,Field_0.0000,0 V,0.0,2.13454,8.13747180e-02
small_A_B_C_forward,Small A/B/C: forward,15,15,15,3,Field_0.0000,0 V,0.0,2.14454,7.87044250e-02
small_A_B_C_forward,Small A/B/C: forward,15,15,15,3,Field_0.0000,0 V,0.0,2.15454,7.63544139e-02
small_A_B_C_forward,Small A/B/C: forward,15,15,15,3,Field_0.0000,0 V,0.0,2.16454,7.42973368e-02
small_A_B_C_forward,Small A/B/C: forward,15,15,15,3,Field_0.0000,0 V,0.0,2.17454,7.25099821e-02
small_A_B_C_forward,Small A/B/C: forward,15,15,15,3,Field_0.0000,0 V,0.0,2.18454,7.09727528e-02
small_A_B_C_forward,Small A/B/C: forward,15,15,15,3,Field_0.0000,0 V,0.0,2.19454,6.96692391e-02
small_A_B_C_forward,Small A/B/C: forward,15,15,15,3,Field_0.0000,0 V,0.0,2.20454,6.85858699e-02
small_A_B_C_forward,Small A/B/C: forward,15,15,15,3,Field_0.0000,0 V,0.0,2.21454,6.77116316e-02
small_A_B_C_forward,Small A/B/C: forward,15,15,15,3,Field_0.0000,0 V,0.0,2.22454,6.70378455e-02
small_A_B_C_forward,Small A/B/C: forward,15,15,15,3,Field_0.0000,0 V,0.0,2.23454,6.65579961e-02
small_A_B_C_forward,Small A/B/C: forward,15,15,15,3,Field_0.0000,0 V,0.0,2.24454,6.62676055e-02
small_A_B_C_forward,Small A/B/C: forward,15,15,15,3,Field_0.0000,0 V,0.0,2.25454,6.61641497e-02
small_A_B_C_forward,Small A/B/C: forward,15,15,15,3,Field_0.0000,0 V,0.0,2.26454,6.62470143e-02
small_A_B_C_forward,Small A/B/C: forward,15,15,15,3,Field_0.0000,0 V,0.0,2.27454,6.65174882e-02
small_A_B_C_forward,Small A/B/C: forward,15,15,15,3,Field_0.0000,0 V,0.0,2.28454,6.69787957e-02
small_A_B_C_forward,Small A/B/C: forward,15,15,15,3,Field_0.0000,0 V,0.0,2.29454,6.76361671e-02
small_A_B_C_forward,Small A/B/C: forward,15,15,15,3,Field_0.0000,0 V,0.0,2.30454,6.84969506e-02
small_A_B_C_forward,Small A/B/C: forward,15,15,15,3,Field_0.0000,0 V,0.0,2.31454,6.95707682e-02
small_A_B_C_forward,Small A/B/C: forward,15,15,15,3,Field_0.0000,0 V,0.0,2.32454,7.08697194e-02
small_A_B_C_forward,Small A/B/C: forward,15,15,15,3,Field_0.0000,0 V,0.0,2.33454,7.24086361e-02
small_A_B_C_forward,Small A/B/C: forward,15,15,15,3,Field_0.0000,0 V,0.0,2.34454,7.42053910e-02
small_A_B_C_forward,Small A/B/C: forward,15,15,15,3,Field_0.0000,0 V,0.0,2.35454,7.62812529e-02
small_A_B_C_forward,Small A/B/C: forward,15,15,15,3,Field_0.0000,0 V,0.0,2.36454,7.86612601e-02
small_A_B_C_forward,Small A/B/C: forward,15,15,15,3,Field_0.0000,0 V,0.0,2.37454,8.13745014e-02
small_A_B_C_forward,Small A/B/C: forward,15,15,15,3,Field_0.0000,0 V,0.0,2.38454,8.44539017e-02
small_A_B_C_forward,Small A/B/C: forward,15,15,15,3,Field_0.0000,0 V,0.0,2.39454,8.79337135e-02
small_A_B_C_forward,Small A/B/C: forward,15,15,15,3,Field_0.0000,0 V,0.0,2.40454,9.18329285e-02
small_A_B_C_forward,Small A/B/C: forward,15,15,15,3,Field_0.0000,0 V,0.0,2.41454,9.59106224e-02
small_A_B_C_forward,Small A/B/C: forward,15,15,15,3,Field_0.0000,0 V,0.0,2.42454,1.02190328e-01
small_A_B_C_forward,Small A/B/C: forward,15,15,15,3,Field_0.0000,0 V,0.0,2.43454,1.07619176e-01
small_A_B_C_forward,Small A/B/C: forward,15,15,15,3,Field_0.0000,0 V,0.0,2.44454,1.14111799e-01
small_A_B_C_forward,Small A/B/C: forward,15,15,15,3,Field_0.0000,0 V,0.0,2.45454,1.21552879e-01
small_A_B_C_forward,Small A/B/C: forward,15,15,15,3,Field_0.0000,0 V,0.0,2.46454,1.30066309e-01
small_A_B_C_forward,Small A/B/C: forward,15,15,15,3,Field_0.0000,0 V,0.0,2.47454,1.39845593e-01
small_A_B_C_forward,Small A/B/C: forward,15,15,15,3,Field_0.0000,0 V,0.0,2.48454,1.51245619e-01
small_A_B_C_forward,Small A/B/C: forward,15,15,15,3,Field_0.0000,0 V,0.0,2.49454,1.68224928e-01
small_A_B_C_forward,Small A/B/C: forward,15,15,15,3,Field_0.0000,0 V,0.0,2.50454,1.78678504e-01
small_A_B_C_forward,Small A/B/C: forward,15,15,15,3,Field_0.0000,0 V,0.0,2.51454,1.95224952e-01
small_A_B_C_forward,Small A/B/C: forward,15,15,15,3,Field_0.0000,0 V,0.0,2.52454,2.15080391e-01
small_A_B_C_forward,Small A/B/C: forward,15,15,15,3,Field_0.0000,0 V,0.0,2.53454,2.38276283e-01
small_A_B_C_forward,Small A/B/C: forward,15,15,15,3,Field_0.0000,0 V,0.0,2.54454,2.65435989e-01
small_A_B_C_forward,Small A/B/C: forward,15,15,15,3,Field_0.0000,0 V,0.0,2.55454,2.97321293e-01
small_A_B_C_forward,Small A/B/C: forward,15,15,15,3,Field_0.0000,0 V,0.0,2.56454,3.34815019e-01
small_A_B_C_forward,Small A/B/C: forward,15,15,15,3,Field_0.0000,0 V,0.0,2.57454,3.78895881e-01
small_A_B_C_forward,Small A/B/C: forward,15,15,15,3,Field_0.0000,0 V,0.0,2.58454,4.30567544e-01
small_A_B_C_forward,Small A/B/C: forward,15,15,15,3,Field_0.0000,0 V,0.0,2.59454,4.90702002e-01
small_A_B_C_forward,Small A/B/C: forward,15,15,15,3,Field_0.0000,0 V,0.0,2.60454,5.59741914e-01
small_A_B_C_forward,Small A/B/C: forward,15,15,15,3,Field_0.0000,0 V,0.0,2.61454,6.37201219e-01
small_A_B_C_forward,Small A/B/C: forward,15,15,15,3,Field_0.0000,0 V,0.0,2.62454,7.20943626e-01
small_A_B_C_forward,Small A/B/C: forward,15,15,15,3,Field_0.0000,0 V,0.0,2.63454,8.06364624e-01
small_A_B_C_forward,Small A/B/C: forward,15,15,15,3,Field_0.0000,0 V,0.0,2.64454,8.85897842e-01
small_A_B_C_forward,Small A/B/C: forward,15,15,15,3,Field_0.0000,0 V,0.0,2.65454,9.49586807e-01
small_A_B_C_forward,Small A/B/C: forward,15,15,15,3,Field_0.0000,0 V,0.0,2.66454,9.87347478e-01
small_A_B_C_forward,Small A/B/C: forward,15,15,15,3,Field_0.0000,0 V,0.0,2.67454,9.92488687e-01
small_A_B_C_forward,Small A/B/C: forward,15,15,15,3,Field_0.0000,0 V,0.0,2.68454,9.64562767e-01
small_A_B_C_forward,Small A/B/C: forward,15,15,15,3,Field_0.0000,0 V,0.0,2.69454,9.09488642e-01
small_A_B_C_forward,Small A/B/C: forward,15,15,15,3,Field_0.0000,0 V,0.0,2.70454,8.36883228e-01
small_A_B_C_forward,Small A/B/C: forward,15,15,15,3,Field_0.0000,0 V,0.0,2.71454,7.56581357e-01
small_A_B_C_forward,Small A/B/C: forward,15,15,15,3,Field_0.0000,0 V,0.0,2.72454,6.76293175e-01
small_A_B_C_forward,Small A/B/C: forward,15,15,15,3,Field_0.0000,0 V,0.0,2.73454,6.00908044e-01
small_A_B_C_forward,Small A/B/C: forward,15,15,15,3,Field_0.0000,0 V,0.0,2.74454,5.32882894e-01
small_A_B_C_forward,Small A/B/C: forward,15,15,15,3,Field_0.0000,0 V,0.0,2.75454,4.72997174e-01
small_A_B_C_forward,Small A/B/C: forward,15,15,15,3,Field_0.0000,0 V,0.0,2.76454,4.21048314e-01
small_A_B_C_forward,Small A/B/C: forward,15,15,15,3,Field_0.0000,0 V,0.0,2.77454,3.76347777e-01
small_A_B_C_forward,Small A/B/C: forward,15,15,15,3,Field_0.0000,0 V,0.0,2.78454,3.38025938e-01
small_A_B_C_forward,Small A/B/C: forward,15,15,15,3,Field_0.0000,0 V,0.0,2.79454,3.05198989e-01
small_A_B_C_forward,Small A/B/C: forward,15,15,15,3,Field_0.0000,0 V,0.0,2.80454,2.77049513e-01
small_A_B_C_forward,Small A/B/C: forward,15,15,15,3,Field_0.0000,0 V,0.0,2.81454,2.52857917e-01
small_A_B_C_forward,Small A/B/C: forward,15,15,15,3,Field_0.0000,0 V,0.0,2.82454,2.32008108e-01
small_A_B_C_forward,Small A/B/C: forward,15,15,15,3,Field_0.0000,0 V,0.0,2.83454,2.13980956e-01
small_A_B_C_forward,Small A/B/C: forward,15,15,15,3,Field_0.0000,0 V,0.0,2.84454,1.98342889e-01
small_A_B_C_forward,Small A/B/C: forward,15,15,15,3,Field_0.0000,0 V,0.0,2.85454,1.84733402e-01
small_A_B_C_forward,Small A/B/C: forward,15,15,15,3,Field_0.0000,0 V,0.0,2.86454,1.72853216e-01
small_A_B_C_forward,Small A/B/C: forward,15,15,15,3,Field_0.0000,0 V,0.0,2.87454,1.62453830e-01
small_A_B_C_forward,Small A/B/C: forward,15,15,15,3,Field_0.0000,0 V,0.0,2.88454,1.53328614e-01
small_A_B_C_forward,Small A/B/C: forward,15,15,15,3,Field_0.0000,0 V,0.0,2.89454,1.45305396e-01
small_A_B_C_forward,Small A/B/C: forward,15,15,15,3,Field_0.0000,0 V,0.0,2.90454,1.38240358e-01
small_A_B_C_forward,Small A/B/C: forward,15,15,15,3,Field_0.0000,0 V,0.0,2.91454,1.32013053e-01
small_A_B_C_forward,Small A/B/C: forward,15,15,15,3,Field_0.0000,0 V,0.0,2.92454,1.26522354e-01
small_A_B_C_forward,Small A/B/C: forward,15,15,15,3,Field_0.0000,0 V,0.0,2.93454,1.21683157e-01
small_A_B_C_forward,Small A/B/C: forward,15,15,15,3,Field_0.0000,0 V,0.0,2.94454,1.17423706e-01
small_A_B_C_forward,Small A/B/C: forward,15,15,15,3,Field_0.0000,0 V,0.0,2.95454,1.13683426e-01
small_A_B_C_forward,Small A/B/C: forward,15,15,15,3,Field_0.0000,0 V,0.0,2.96454,1.10411146e-01
small_A_B_C_forward,Small A/B/C: forward,15,15,15,3,Field_0.0000,0 V,0.0,2.97454,1.07563671e-01
small_A_B_C_forward,Small A/B/C: forward,15,15,15,3,Field_0.0000,0 V,0.0,2.98454,1.05104601e-01
small_A_B_C_forward,Small A/B/C: forward,15,15,15,3,Field_0.0000,0 V,0.0,2.99454,1.03003384e-01
small_A_B_C_forward,Small A/B/C: forward,15,15,15,3,Field_0.0015,+1.72 V,1.718,-2.00499,2.07622278e-01
small_A_B_C_forward,Small A/B/C: forward,15,15,15,3,Field_0.0015,+1.72 V,1.718,-1.99499,1.24293684e-01
small_A_B_C_forward,Small A/B/C: forward,15,15,15,3,Field_0.0015,+1.72 V,1.718,-1.98499,9.46364335e-02
small_A_B_C_forward,Small A/B/C: forward,15,15,15,3,Field_0.0015,+1.72 V,1.718,-1.97499,7.88176514e-02
small_A_B_C_forward,Small A/B/C: forward,15,15,15,3,Field_0.0015,+1.72 V,1.718,-1.96499,6.90837116e-02
small_A_B_C_forward,Small A/B/C: forward,15,15,15,3,Field_0.0015,+1.72 V,1.718,-1.95499,6.27712990e-02
small_A_B_C_forward,Small A/B/C: forward,15,15,15,3,Field_0.0015,+1.72 V,1.718,-1.94499,5.86557810e-02
small_A_B_C_forward,Small A/B/C: forward,15,15,15,3,Field_0.0015,+1.72 V,1.718,-1.93499,5.60579618e-02
small_A_B_C_forward,Small A/B/C: forward,15,15,15,3,Field_0.0015,+1.72 V,1.718,-1.92499,5.45384524e-02
small_A_B_C_forward,Small A/B/C: forward,15,15,15,3,Field_0.0015,+1.72 V,1.718,-1.91499,5.37424812e-02
small_A_B_C_forward,Small A/B/C: forward,15,15,15,3,Field_0.0015,+1.72 V,1.718,-1.90499,4.99776314e-02
small_A_B_C_forward,Small A/B/C: forward,15,15,15,3,Field_0.0015,+1.72 V,1.718,-1.89499,5.42161804e-02
small_A_B_C_forward,Small A/B/C: forward,15,15,15,3,Field_0.0015,+1.72 V,1.718,-1.88499,5.44952297e-02
small_A_B_C_forward,Small A/B/C: forward,15,15,15,3,Field_0.0015,+1.72 V,1.718,-1.87499,5.49478479e-02
small_A_B_C_forward,Small A/B/C: forward,15,15,15,3,Field_0.0015,+1.72 V,1.718,-1.86499,5.54764766e-02
small_A_B_C_forward,Small A/B/C: forward,15,15,15,3,Field_0.0015,+1.72 V,1.718,-1.85499,5.60882502e-02
small_A_B_C_forward,Small A/B/C: forward,15,15,15,3,Field_0.0015,+1.72 V,1.718,-1.84499,5.68102510e-02
small_A_B_C_forward,Small A/B/C: forward,15,15,15,3,Field_0.0015,+1.72 V,1.718,-1.83499,5.75877733e-02
small_A_B_C_forward,Small A/B/C: forward,15,15,15,3,Field_0.0015,+1.72 V,1.718,-1.82499,5.81594081e-02
small_A_B_C_forward,Small A/B/C: forward,15,15,15,3,Field_0.0015,+1.72 V,1.718,-1.81499,5.80279764e-02
small_A_B_C_forward,Small A/B/C: forward,15,15,15,3,Field_0.0015,+1.72 V,1.718,-1.80499,5.67005276e-02
small_A_B_C_forward,Small A/B/C: forward,15,15,15,3,Field_0.0015,+1.72 V,1.718,-1.79499,5.40989781e-02
small_A_B_C_forward,Small A/B/C: forward,15,15,15,3,Field_0.0015,+1.72 V,1.718,-1.78499,5.06696308e-02
small_A_B_C_forward,Small A/B/C: forward,15,15,15,3,Field_0.0015,+1.72 V,1.718,-1.77499,4.70477371e-02
small_A_B_C_forward,Small A/B/C: forward,15,15,15,3,Field_0.0015,+1.72 V,1.718,-1.76499,4.37094653e-02
small_A_B_C_forward,Small A/B/C: forward,15,15,15,3,Field_0.0015,+1.72 V,1.718,-1.75499,4.08883322e-02
small_A_B_C_forward,Small A/B/C: forward,15,15,15,3,Field_0.0015,+1.72 V,1.718,-1.74499,3.86537813e-02
small_A_B_C_forward,Small A/B/C: forward,15,15,15,3,Field_0.0015,+1.72 V,1.718,-1.73499,3.70052296e-02
small_A_B_C_forward,Small A/B/C: forward,15,15,15,3,Field_0.0015,+1.72 V,1.718,-1.72499,3.59343924e-02
small_A_B_C_forward,Small A/B/C: forward,15,15,15,3,Field_0.0015,+1.72 V,1.718,-1.71499,3.54645785e-02
small_A_B_C_forward,Small A/B/C: forward,15,15,15,3,Field_0.0015,+1.72 V,1.718,-1.70499,3.56893528e-02
small_A_B_C_forward,Small A/B/C: forward,15,15,15,3,Field_0.0015,+1.72 V,1.718,-1.69499,3.68432572e-02
small_A_B_C_forward,Small A/B/C: forward,15,15,15,3,Field_0.0015,+1.72 V,1.718,-1.68499,3.94829849e-02
small_A_B_C_forward,Small A/B/C: forward,15,15,15,3,Field_0.0015,+1.72 V,1.718,-1.67499,4.50635518e-02
small_A_B_C_forward,Small A/B/C: forward,15,15,15,3,Field_0.0015,+1.72 V,1.718,-1.66499,5.83698618e-02
small_A_B_C_forward,Small A/B/C: forward,15,15,15,3,Field_0.0015,+1.72 V,1.718,-1.65499,1.04592820e-01
small_A_B_C_forward,Small A/B/C: forward,15,15,15,3,Field_0.0015,+1.72 V,1.718,-1.64499,5.93277454e-01
small_A_B_C_forward,Small A/B/C: forward,15,15,15,3,Field_0.0015,+1.72 V,1.718,-1.63499,5.13751745e-02
small_A_B_C_forward,Small A/B/C: forward,15,15,15,3,Field_0.0015,+1.72 V,1.718,-1.62499,1.24049045e-02
small_A_B_C_forward,Small A/B/C: forward,15,15,15,3,Field_0.0015,+1.72 V,1.718,-1.61499,1.67712370e-02
small_A_B_C_forward,Small A/B/C: forward,15,15,15,3,Field_0.0015,+1.72 V,1.718,-1.60499,2.24648786e-02
small_A_B_C_forward,Small A/B/C: forward,15,15,15,3,Field_0.0015,+1.72 V,1.718,-1.59499,2.66909973e-02
small_A_B_C_forward,Small A/B/C: forward,15,15,15,3,Field_0.0015,+1.72 V,1.718,-1.58499,3.01252532e-02
small_A_B_C_forward,Small A/B/C: forward,15,15,15,3,Field_0.0015,+1.72 V,1.718,-1.57499,3.33871534e-02
small_A_B_C_forward,Small A/B/C: forward,15,15,15,3,Field_0.0015,+1.72 V,1.718,-1.56499,3.67870763e-02
small_A_B_C_forward,Small A/B/C: forward,15,15,15,3,Field_0.0015,+1.72 V,1.718,-1.55499,4.04722202e-02
small_A_B_C_forward,Small A/B/C: forward,15,15,15,3,Field_0.0015,+1.72 V,1.718,-1.54499,4.45145014e-02
small_A_B_C_forward,Small A/B/C: forward,15,15,15,3,Field_0.0015,+1.72 V,1.718,-1.53499,4.89588581e-02
small_A_B_C_forward,Small A/B/C: forward,15,15,15,3,Field_0.0015,+1.72 V,1.718,-1.52499,5.38655460e-02
small_A_B_C_forward,Small A/B/C: forward,15,15,15,3,Field_0.0015,+1.72 V,1.718,-1.51499,5.93565101e-02
small_A_B_C_forward,Small A/B/C: forward,15,15,15,3,Field_0.0015,+1.72 V,1.718,-1.50499,6.56608752e-02
small_A_B_C_forward,Small A/B/C: forward,15,15,15,3,Field_0.0015,+1.72 V,1.718,-1.49499,7.31532482e-02
small_A_B_C_forward,Small A/B/C: forward,15,15,15,3,Field_0.0015,+1.72 V,1.718,-1.48499,8.23867801e-02
small_A_B_C_forward,Small A/B/C: forward,15,15,15,3,Field_0.0015,+1.72 V,1.718,-1.47499,9.41267715e-02
small_A_B_C_forward,Small A/B/C: forward,15,15,15,3,Field_0.0015,+1.72 V,1.718,-1.46499,1.09372744e-01
small_A_B_C_forward,Small A/B/C: forward,15,15,15,3,Field_0.0015,+1.72 V,1.718,-1.45499,1.29290547e-01
small_A_B_C_forward,Small A/B/C: forward,15,15,15,3,Field_0.0015,+1.72 V,1.718,-1.44499,1.54798552e-01
small_A_B_C_forward,Small A/B/C: forward,15,15,15,3,Field_0.0015,+1.72 V,1.718,-1.43499,1.85196703e-01
small_A_B_C_forward,Small A/B/C: forward,15,15,15,3,Field_0.0015,+1.72 V,1.718,-1.42499,2.15138842e-01
small_A_B_C_forward,Small A/B/C: forward,15,15,15,3,Field_0.0015,+1.72 V,1.718,-1.41499,2.31965115e-01
small_A_B_C_forward,Small A/B/C: forward,15,15,15,3,Field_0.0015,+1.72 V,1.718,-1.40499,2.22157280e-01
small_A_B_C_forward,Small A/B/C: forward,15,15,15,3,Field_0.0015,+1.72 V,1.718,-1.39499,1.87354612e-01
small_A_B_C_forward,Small A/B/C: forward,15,15,15,3,Field_0.0015,+1.72 V,1.718,-1.38499,1.44066551e-01
small_A_B_C_forward,Small A/B/C: forward,15,15,15,3,Field_0.0015,+1.72 V,1.718,-1.37499,1.05968313e-01
small_A_B_C_forward,Small A/B/C: forward,15,15,15,3,Field_0.0015,+1.72 V,1.718,-1.36499,7.72175555e-02
small_A_B_C_forward,Small A/B/C: forward,15,15,15,3,Field_0.0015,+1.72 V,1.718,-1.35499,5.67820289e-02
small_A_B_C_forward,Small A/B/C: forward,15,15,15,3,Field_0.0015,+1.72 V,1.718,-1.34499,4.24581407e-02
small_A_B_C_forward,Small A/B/C: forward,15,15,15,3,Field_0.0015,+1.72 V,1.718,-1.33499,3.23460049e-02
small_A_B_C_forward,Small A/B/C: forward,15,15,15,3,Field_0.0015,+1.72 V,1.718,-1.32499,2.50911848e-02
small_A_B_C_forward,Small A/B/C: forward,15,15,15,3,Field_0.0015,+1.72 V,1.718,-1.31499,1.97842074e-02
small_A_B_C_forward,Small A/B/C: forward,15,15,15,3,Field_0.0015,+1.72 V,1.718,-1.30499,1.58226860e-02
small_A_B_C_forward,Small A/B/C: forward,15,15,15,3,Field_0.0015,+1.72 V,1.718,-1.29499,1.28053261e-02
small_A_B_C_forward,Small A/B/C: forward,15,15,15,3,Field_0.0015,+1.72 V,1.718,-1.28499,1.04609956e-02
small_A_B_C_forward,Small A/B/C: forward,15,15,15,3,Field_0.0015,+1.72 V,1.718,-1.27499,8.60363802e-03
small_A_B_C_forward,Small A/B/C: forward,15,15,15,3,Field_0.0015,+1.72 V,1.718,-1.26499,7.10513084e-03
small_A_B_C_forward,Small A/B/C: forward,15,15,15,3,Field_0.0015,+1.72 V,1.718,-1.25499,5.88312499e-03
small_A_B_C_forward,Small A/B/C: forward,15,15,15,3,Field_0.0015,+1.72 V,1.718,-1.24499,4.91039852e-03
small_A_B_C_forward,Small A/B/C: forward,15,15,15,3,Field_0.0015,+1.72 V,1.718,-1.23499,4.26892361e-03
small_A_B_C_forward,Small A/B/C: forward,15,15,15,3,Field_0.0015,+1.72 V,1.718,-1.22499,4.21093845e-03
small_A_B_C_forward,Small A/B/C: forward,15,15,15,3,Field_0.0015,+1.72 V,1.718,-1.21499,4.70290157e-03
small_A_B_C_forward,Small A/B/C: forward,15,15,15,3,Field_0.0015,+1.72 V,1.718,-1.20499,4.88455396e-03
small_A_B_C_forward,Small A/B/C: forward,15,15,15,3,Field_0.0015,+1.72 V,1.718,-1.19499,4.55171689e-03
small_A_B_C_forward,Small A/B/C: forward,15,15,15,3,Field_0.0015,+1.72 V,1.718,-1.18499,4.07506807e-03
small_A_B_C_forward,Small A/B/C: forward,15,15,15,3,Field_0.0015,+1.72 V,1.718,-1.17499,3.63000692e-03
small_A_B_C_forward,Small A/B/C: forward,15,15,15,3,Field_0.0015,+1.72 V,1.718,-1.16499,3.25056284e-03
small_A_B_C_forward,Small A/B/C: forward,15,15,15,3,Field_0.0015,+1.72 V,1.718,-1.15499,2.93238556e-03
small_A_B_C_forward,Small A/B/C: forward,15,15,15,3,Field_0.0015,+1.72 V,1.718,-1.14499,2.66476384e-03
small_A_B_C_forward,Small A/B/C: forward,15,15,15,3,Field_0.0015,+1.72 V,1.718,-1.13499,2.43788516e-03
small_A_B_C_forward,Small A/B/C: forward,15,15,15,3,Field_0.0015,+1.72 V,1.718,-1.12499,2.24393805e-03
small_A_B_C_forward,Small A/B/C: forward,15,15,15,3,Field_0.0015,+1.72 V,1.718,-1.11499,2.07688916e-03
small_A_B_C_forward,Small A/B/C: forward,15,15,15,3,Field_0.0015,+1.72 V,1.718,-1.10499,1.93207753e-03
small_A_B_C_forward,Small A/B/C: forward,15,15,15,3,Field_0.0015,+1.72 V,1.718,-1.09499,1.80586754e-03
small_A_B_C_forward,Small A/B/C: forward,15,15,15,3,Field_0.0015,+1.72 V,1.718,-1.08499,1.69538894e-03
small_A_B_C_forward,Small A/B/C: forward,15,15,15,3,Field_0.0015,+1.72 V,1.718,-1.07499,1.59834877e-03
small_A_B_C_forward,Small A/B/C: forward,15,15,15,3,Field_0.0015,+1.72 V,1.718,-1.06499,1.51289573e-03
small_A_B_C_forward,Small A/B/C: forward,15,15,15,3,Field_0.0015,+1.72 V,1.718,-1.05499,1.43752142e-03
small_A_B_C_forward,Small A/B/C: forward,15,15,15,3,Field_0.0015,+1.72 V,1.718,-1.04499,1.37098768e-03
small_A_B_C_forward,Small A/B/C: forward,15,15,15,3,Field_0.0015,+1.72 V,1.718,-1.03499,1.31227242e-03
small_A_B_C_forward,Small A/B/C: forward,15,15,15,3,Field_0.0015,+1.72 V,1.718,-1.02499,1.26052869e-03
small_A_B_C_forward,Small A/B/C: forward,15,15,15,3,Field_0.0015,+1.72 V,1.718,-1.01499,1.21505347e-03
small_A_B_C_forward,Small A/B/C: forward,15,15,15,3,Field_0.0015,+1.72 V,1.718,-1.00499,1.17526374e-03
small_A_B_C_forward,Small A/B/C: forward,15,15,15,3,Field_0.0015,+1.72 V,1.718,-0.99499,1.14066844e-03
small_A_B_C_forward,Small A/B/C: forward,15,15,15,3,Field_0.0015,+1.72 V,1.718,-0.98499,1.11090280e-03
small_A_B_C_forward,Small A/B/C: forward,15,15,15,3,Field_0.0015,+1.72 V,1.718,-0.97499,1.08570317e-03
small_A_B_C_forward,Small A/B/C: forward,15,15,15,3,Field_0.0015,+1.72 V,1.718,-0.96499,1.06487065e-03
small_A_B_C_forward,Small A/B/C: forward,15,15,15,3,Field_0.0015,+1.72 V,1.718,-0.95499,1.04826775e-03
small_A_B_C_forward,Small A/B/C: forward,15,15,15,3,Field_0.0015,+1.72 V,1.718,-0.94499,1.03581699e-03
small_A_B_C_forward,Small A/B/C: forward,15,15,15,3,Field_0.0015,+1.72 V,1.718,-0.93499,1.02750139e-03
small_A_B_C_forward,Small A/B/C: forward,15,15,15,3,Field_0.0015,+1.72 V,1.718,-0.92499,1.02336701e-03
small_A_B_C_forward,Small A/B/C: forward,15,15,15,3,Field_0.0015,+1.72 V,1.718,-0.91499,1.02352765e-03
small_A_B_C_forward,Small A/B/C: forward,15,15,15,3,Field_0.0015,+1.72 V,1.718,-0.90499,1.02817224e-03
small_A_B_C_forward,Small A/B/C: forward,15,15,15,3,Field_0.0015,+1.72 V,1.718,-0.89499,1.03757536e-03
small_A_B_C_forward,Small A/B/C: forward,15,15,15,3,Field_0.0015,+1.72 V,1.718,-0.88499,1.05211183e-03
small_A_B_C_forward,Small A/B/C: forward,15,15,15,3,Field_0.0015,+1.72 V,1.718,-0.87499,1.07227647e-03
small_A_B_C_forward,Small A/B/C: forward,15,15,15,3,Field_0.0015,+1.72 V,1.718,-0.86499,1.09871083e-03
small_A_B_C_forward,Small A/B/C: forward,15,15,15,3,Field_0.0015,+1.72 V,1.718,-0.85499,1.13223928e-03
small_A_B_C_forward,Small A/B/C: forward,15,15,15,3,Field_0.0015,+1.72 V,1.718,-0.84499,1.17391817e-03
small_A_B_C_forward,Small A/B/C: forward,15,15,15,3,Field_0.0015,+1.72 V,1.718,-0.83499,1.22510364e-03
small_A_B_C_forward,Small A/B/C: forward,15,15,15,3,Field_0.0015,+1.72 V,1.718,-0.82499,1.28754636e-03
small_A_B_C_forward,Small A/B/C: forward,15,15,15,3,Field_0.0015,+1.72 V,1.718,-0.81499,1.36352735e-03
small_A_B_C_forward,Small A/B/C: forward,15,15,15,3,Field_0.0015,+1.72 V,1.718,-0.80499,1.45605781e-03
small_A_B_C_forward,Small A/B/C: forward,15,15,15,3,Field_0.0015,+1.72 V,1.718,-0.79499,1.56918437e-03
small_A_B_C_forward,Small A/B/C: forward,15,15,15,3,Field_0.0015,+1.72 V,1.718,-0.78499,1.70847593e-03
small_A_B_C_forward,Small A/B/C: forward,15,15,15,3,Field_0.0015,+1.72 V,1.718,-0.77499,1.88183730e-03
small_A_B_C_forward,Small A/B/C: forward,15,15,15,3,Field_0.0015,+1.72 V,1.718,-0.76499,2.10091716e-03
small_A_B_C_forward,Small A/B/C: forward,15,15,15,3,Field_0.0015,+1.72 V,1.718,-0.75499,2.38354365e-03
small_A_B_C_forward,Small A/B/C: forward,15,15,15,3,Field_0.0015,+1.72 V,1.718,-0.74499,2.75765141e-03
small_A_B_C_forward,Small A/B/C: forward,15,15,15,3,Field_0.0015,+1.72 V,1.718,-0.73499,3.26667211e-03
small_A_B_C_forward,Small A/B/C: forward,15,15,15,3,Field_0.0015,+1.72 V,1.718,-0.72499,3.97592523e-03
small_A_B_C_forward,Small A/B/C: forward,15,15,15,3,Field_0.0015,+1.72 V,1.718,-0.71499,4.98276931e-03
small_A_B_C_forward,Small A/B/C: forward,15,15,15,3,Field_0.0015,+1.72 V,1.718,-0.70499,6.44027183e-03
small_A_B_C_forward,Small A/B/C: forward,15,15,15,3,Field_0.0015,+1.72 V,1.718,-0.69499,8.60210846e-03
small_A_B_C_forward,Small A/B/C: forward,15,15,15,3,Field_0.0015,+1.72 V,1.718,-0.68499,1.18713404e-02
small_A_B_C_forward,Small A/B/C: forward,15,15,15,3,Field_0.0015,+1.72 V,1.718,-0.67499,1.67249413e-02
small_A_B_C_forward,Small A/B/C: forward,15,15,15,3,Field_0.0015,+1.72 V,1.718,-0.66499,2.29672526e-02
small_A_B_C_forward,Small A/B/C: forward,15,15,15,3,Field_0.0015,+1.72 V,1.718,-0.65499,2.76627952e-02
small_A_B_C_forward,Small A/B/C: forward,15,15,15,3,Field_0.0015,+1.72 V,1.718,-0.64499,2.61388897e-02
small_A_B_C_forward,Small A/B/C: forward,15,15,15,3,Field_0.0015,+1.72 V,1.718,-0.63499,1.98360316e-02
small_A_B_C_forward,Small A/B/C: forward,15,15,15,3,Field_0.0015,+1.72 V,1.718,-0.62499,1.36920312e-02
small_A_B_C_forward,Small A/B/C: forward,15,15,15,3,Field_0.0015,+1.72 V,1.718,-0.61499,9.40065408e-03
small_A_B_C_forward,Small A/B/C: forward,15,15,15,3,Field_0.0015,+1.72 V,1.718,-0.60499,6.64427180e-03
small_A_B_C_forward,Small A/B/C: forward,15,15,15,3,Field_0.0015,+1.72 V,1.718,-0.59499,4.87067892e-03
small_A_B_C_forward,Small A/B/C: forward,15,15,15,3,Field_0.0015,+1.72 V,1.718,-0.58499,3.69691812e-03
small_A_B_C_forward,Small A/B/C: forward,15,15,15,3,Field_0.0015,+1.72 V,1.718,-0.57499,2.89346791e-03
small_A_B_C_forward,Small A/B/C: forward,15,15,15,3,Field_0.0015,+1.72 V,1.718,-0.56499,2.32532422e-03
small_A_B_C_forward,Small A/B/C: forward,15,15,15,3,Field_0.0015,+1.72 V,1.718,-0.55499,1.91162630e-03
small_A_B_C_forward,Small A/B/C: forward,15,15,15,3,Field_0.0015,+1.72 V,1.718,-0.54499,1.60251603e-03
small_A_B_C_forward,Small A/B/C: forward,15,15,15,3,Field_0.0015,+1.72 V,1.718,-0.53499,1.36628355e-03
small_A_B_C_forward,Small A/B/C: forward,15,15,15,3,Field_0.0015,+1.72 V,1.718,-0.52499,1.18215277e-03
small_A_B_C_forward,Small A/B/C: forward,15,15,15,3,Field_0.0015,+1.72 V,1.718,-0.51499,1.03613310e-03
small_A_B_C_forward,Small A/B/C: forward,15,15,15,3,Field_0.0015,+1.72 V,1.718,-0.50499,9.18566201e-04
small_A_B_C_forward,Small A/B/C: forward,15,15,15,3,Field_0.0015,+1.72 V,1.718,-0.49499,8.22633251e-04
small_A_B_C_forward,Small A/B/C: forward,15,15,15,3,Field_0.0015,+1.72 V,1.718,-0.48499,7.43421841e-04
small_A_B_C_forward,Small A/B/C: forward,15,15,15,3,Field_0.0015,+1.72 V,1.718,-0.47499,6.77327775e-04
small_A_B_C_forward,Small A/B/C: forward,15,15,15,3,Field_0.0015,+1.72 V,1.718,-0.46499,6.21662611e-04
small_A_B_C_forward,Small A/B/C: forward,15,15,15,3,Field_0.0015,+1.72 V,1.718,-0.45499,5.74390660e-04
small_A_B_C_forward,Small A/B/C: forward,15,15,15,3,Field_0.0015,+1.72 V,1.718,-0.44499,5.33949277e-04
small_A_B_C_forward,Small A/B/C: forward,15,15,15,3,Field_0.0015,+1.72 V,1.718,-0.43499,4.99123872e-04
small_A_B_C_forward,Small A/B/C: forward,15,15,15,3,Field_0.0015,+1.72 V,1.718,-0.42499,4.68959531e-04
small_A_B_C_forward,Small A/B/C: forward,15,15,15,3,Field_0.0015,+1.72 V,1.718,-0.41499,4.42697587e-04
small_A_B_C_forward,Small A/B/C: forward,15,15,15,3,Field_0.0015,+1.72 V,1.718,-0.40499,4.19729453e-04
small_A_B_C_forward,Small A/B/C: forward,15,15,15,3,Field_0.0015,+1.72 V,1.718,-0.39499,3.99562585e-04
small_A_B_C_forward,Small A/B/C: forward,15,15,15,3,Field_0.0015,+1.72 V,1.718,-0.38499,3.81795085e-04
small_A_B_C_forward,Small A/B/C: forward,15,15,15,3,Field_0.0015,+1.72 V,1.718,-0.37499,3.66096539e-04
small_A_B_C_forward,Small A/B/C: forward,15,15,15,3,Field_0.0015,+1.72 V,1.718,-0.36499,3.52193407e-04
small_A_B_C_forward,Small A/B/C: forward,15,15,15,3,Field_0.0015,+1.72 V,1.718,-0.35499,3.39857777e-04
small_A_B_C_forward,Small A/B/C: forward,15,15,15,3,Field_0.0015,+1.72 V,1.718,-0.34499,3.28898629e-04
small_A_B_C_forward,Small A/B/C: forward,15,15,15,3,Field_0.0015,+1.72 V,1.718,-0.33499,3.19154990e-04
small_A_B_C_forward,Small A/B/C: forward,15,15,15,3,Field_0.0015,+1.72 V,1.718,-0.32499,3.10490523e-04
small_A_B_C_forward,Small A/B/C: forward,15,15,15,3,Field_0.0015,+1.72 V,1.718,-0.31499,3.02789236e-04
small_A_B_C_forward,Small A/B/C: forward,15,15,15,3,Field_0.0015,+1.72 V,1.718,-0.30499,2.95952026e-04
small_A_B_C_forward,Small A/B/C: forward,15,15,15,3,Field_0.0015,+1.72 V,1.718,-0.29499,2.89893903e-04
small_A_B_C_forward,Small A/B/C: forward,15,15,15,3,Field_0.0015,+1.72 V,1.718,-0.28499,2.84541737e-04
small_A_B_C_forward,Small A/B/C: forward,15,15,15,3,Field_0.0015,+1.72 V,1.718,-0.27499,2.79832412e-04
small_A_B_C_forward,Small A/B/C: forward,15,15,15,3,Field_0.0015,+1.72 V,1.718,-0.26499,2.75711320e-04
small_A_B_C_forward,Small A/B/C: forward,15,15,15,3,Field_0.0015,+1.72 V,1.718,-0.25499,2.72131112e-04
small_A_B_C_forward,Small A/B/C: forward,15,15,15,3,Field_0.0015,+1.72 V,1.718,-0.24499,2.69050667e-04
small_A_B_C_forward,Small A/B/C: forward,15,15,15,3,Field_0.0015,+1.72 V,1.718,-0.23499,2.66434234e-04
small_A_B_C_forward,Small A/B/C: forward,15,15,15,3,Field_0.0015,+1.72 V,1.718,-0.22499,2.64250712e-04
small_A_B_C_forward,Small A/B/C: forward,15,15,15,3,Field_0.0015,+1.72 V,1.718,-0.21499,2.62473052e-04
small_A_B_C_forward,Small A/B/C: forward,15,15,15,3,Field_0.0015,+1.72 V,1.718,-0.20499,2.61077748e-04
small_A_B_C_forward,Small A/B/C: forward,15,15,15,3,Field_0.0015,+1.72 V,1.718,-0.19499,2.60044416e-04
small_A_B_C_forward,Small A/B/C: forward,15,15,15,3,Field_0.0015,+1.72 V,1.718,-0.18499,2.59355429e-04
small_A_B_C_forward,Small A/B/C: forward,15,15,15,3,Field_0.0015,+1.72 V,1.718,-0.17499,2.58995617e-04
small_A_B_C_forward,Small A/B/C: forward,15,15,15,3,Field_0.0015,+1.72 V,1.718,-0.16499,2.58952008e-04
small_A_B_C_forward,Small A/B/C: forward,15,15,15,3,Field_0.0015,+1.72 V,1.718,-0.15499,2.59213610e-04
small_A_B_C_forward,Small A/B/C: forward,15,15,15,3,Field_0.0015,+1.72 V,1.718,-0.14499,2.59771232e-04
small_A_B_C_forward,Small A/B/C: forward,15,15,15,3,Field_0.0015,+1.72 V,1.718,-0.13499,2.60617324e-04
small_A_B_C_forward,Small A/B/C: forward,15,15,15,3,Field_0.0015,+1.72 V,1.718,-0.12499,2.61745851e-04
small_A_B_C_forward,Small A/B/C: forward,15,15,15,3,Field_0.0015,+1.72 V,1.718,-0.11499,2.63152185e-04
small_A_B_C_forward,Small A/B/C: forward,15,15,15,3,Field_0.0015,+1.72 V,1.718,-0.10499,2.64833019e-04
small_A_B_C_forward,Small A/B/C: forward,15,15,15,3,Field_0.0015,+1.72 V,1.718,-0.09499,2.66786290e-04
small_A_B_C_forward,Small A/B/C: forward,15,15,15,3,Field_0.0015,+1.72 V,1.718,-0.08499,2.69011129e-04
small_A_B_C_forward,Small A/B/C: forward,15,15,15,3,Field_0.0015,+1.72 V,1.718,-0.07499,2.71507813e-04
small_A_B_C_forward,Small A/B/C: forward,15,15,15,3,Field_0.0015,+1.72 V,1.718,-0.06499,2.74277734e-04
small_A_B_C_forward,Small A/B/C: forward,15,15,15,3,Field_0.0015,+1.72 V,1.718,-0.05499,2.77323382e-04
small_A_B_C_forward,Small A/B/C: forward,15,15,15,3,Field_0.0015,+1.72 V,1.718,-0.04499,2.80648329e-04
small_A_B_C_forward,Small A/B/C: forward,15,15,15,3,Field_0.0015,+1.72 V,1.718,-0.03499,2.84257232e-04
small_A_B_C_forward,Small A/B/C: forward,15,15,15,3,Field_0.0015,+1.72 V,1.718,-0.02499,2.88155834e-04
small_A_B_C_forward,Small A/B/C: forward,15,15,15,3,Field_0.0015,+1.72 V,1.718,-0.01499,2.92350984e-04
small_A_B_C_forward,Small A/B/C: forward,15,15,15,3,Field_0.0015,+1.72 V,1.718,-0.00499,2.96850653e-04
small_A_B_C_forward,Small A/B/C: forward,15,15,15,3,Field_0.0015,+1.72 V,1.718,0.00501,3.01749634e-04
small_A_B_C_forward,Small A/B/C: forward,15,15,15,3,Field_0.0015,+1.72 V,1.718,0.01501,3.07149399e-04
small_A_B_C_forward,Small A/B/C: forward,15,15,15,3,Field_0.0015,+1.72 V,1.718,0.02501,3.13070755e-04
small_A_B_C_forward,Small A/B/C: forward,15,15,15,3,Field_0.0015,+1.72 V,1.718,0.03501,3.19537228e-04
small_A_B_C_forward,Small A/B/C: forward,15,15,15,3,Field_0.0015,+1.72 V,1.718,0.04501,3.26575210e-04
small_A_B_C_forward,Small A/B/C: forward,15,15,15,3,Field_0.0015,+1.72 V,1.718,0.05501,3.34214136e-04
small_A_B_C_forward,Small A/B/C: forward,15,15,15,3,Field_0.0015,+1.72 V,1.718,0.06501,3.42486694e-04
small_A_B_C_forward,Small A/B/C: forward,15,15,15,3,Field_0.0015,+1.72 V,1.718,0.07501,3.51429052e-04
small_A_B_C_forward,Small A/B/C: forward,15,15,15,3,Field_0.0015,+1.72 V,1.718,0.08501,3.61081131e-04
small_A_B_C_forward,Small A/B/C: forward,15,15,15,3,Field_0.0015,+1.72 V,1.718,0.09501,3.71486905e-04
small_A_B_C_forward,Small A/B/C: forward,15,15,15,3,Field_0.0015,+1.72 V,1.718,0.10501,3.82694743e-04
small_A_B_C_forward,Small A/B/C: forward,15,15,15,3,Field_0.0015,+1.72 V,1.718,0.11501,3.94757794e-04
small_A_B_C_forward,Small A/B/C: forward,15,15,15,3,Field_0.0015,+1.72 V,1.718,0.12501,4.07734420e-04
small_A_B_C_forward,Small A/B/C: forward,15,15,15,3,Field_0.0015,+1.72 V,1.718,0.13501,4.21688676e-04
small_A_B_C_forward,Small A/B/C: forward,15,15,15,3,Field_0.0015,+1.72 V,1.718,0.14501,4.36690859e-04
small_A_B_C_forward,Small A/B/C: forward,15,15,15,3,Field_0.0015,+1.72 V,1.718,0.15501,4.52818110e-04
small_A_B_C_forward,Small A/B/C: forward,15,15,15,3,Field_0.0015,+1.72 V,1.718,0.16501,4.70155101e-04
small_A_B_C_forward,Small A/B/C: forward,15,15,15,3,Field_0.0015,+1.72 V,1.718,0.17501,4.88794798e-04
small_A_B_C_forward,Small A/B/C: forward,15,15,15,3,Field_0.0015,+1.72 V,1.718,0.18501,5.08839320e-04
small_A_B_C_forward,Small A/B/C: forward,15,15,15,3,Field_0.0015,+1.72 V,1.718,0.19501,5.30400901e-04
small_A_B_C_forward,Small A/B/C: forward,15,15,15,3,Field_0.0015,+1.72 V,1.718,0.20501,5.53602972e-04
small_A_B_C_forward,Small A/B/C: forward,15,15,15,3,Field_0.0015,+1.72 V,1.718,0.21501,5.78581382e-04
small_A_B_C_forward,Small A/B/C: forward,15,15,15,3,Field_0.0015,+1.72 V,1.718,0.22501,6.05485764e-04
small_A_B_C_forward,Small A/B/C: forward,15,15,15,3,Field_0.0015,+1.72 V,1.718,0.23501,6.34481084e-04
small_A_B_C_forward,Small A/B/C: forward,15,15,15,3,Field_0.0015,+1.72 V,1.718,0.24501,6.65749383e-04
small_A_B_C_forward,Small A/B/C: forward,15,15,15,3,Field_0.0015,+1.72 V,1.718,0.25501,6.99491747e-04
small_A_B_C_forward,Small A/B/C: forward,15,15,15,3,Field_0.0015,+1.72 V,1.718,0.26501,7.35930541e-04
small_A_B_C_forward,Small A/B/C: forward,15,15,15,3,Field_0.0015,+1.72 V,1.718,0.27501,7.75311935e-04
small_A_B_C_forward,Small A/B/C: forward,15,15,15,3,Field_0.0015,+1.72 V,1.718,0.28501,8.17908773e-04
small_A_B_C_forward,Small A/B/C: forward,15,15,15,3,Field_0.0015,+1.72 V,1.718,0.29501,8.64023837e-04
small_A_B_C_forward,Small A/B/C: forward,15,15,15,3,Field_0.0015,+1.72 V,1.718,0.30501,9.13993565e-04
small_A_B_C_forward,Small A/B/C: forward,15,15,15,3,Field_0.0015,+1.72 V,1.718,0.31501,9.68192285e-04
small_A_B_C_forward,Small A/B/C: forward,15,15,15,3,Field_0.0015,+1.72 V,1.718,0.32501,1.02703706e-03
small_A_B_C_forward,Small A/B/C: forward,15,15,15,3,Field_0.0015,+1.72 V,1.718,0.33501,1.09099324e-03
small_A_B_C_forward,Small A/B/C: forward,15,15,15,3,Field_0.0015,+1.72 V,1.718,0.34501,1.16058082e-03
small_A_B_C_forward,Small A/B/C: forward,15,15,15,3,Field_0.0015,+1.72 V,1.718,0.35501,1.23638172e-03
small_A_B_C_forward,Small A/B/C: forward,15,15,15,3,Field_0.0015,+1.72 V,1.718,0.36501,1.31904825e-03
small_A_B_C_forward,Small A/B/C: forward,15,15,15,3,Field_0.0015,+1.72 V,1.718,0.37501,1.40931280e-03
small_A_B_C_forward,Small A/B/C: forward,15,15,15,3,Field_0.0015,+1.72 V,1.718,0.38501,1.50799903e-03
small_A_B_C_forward,Small A/B/C: forward,15,15,15,3,Field_0.0015,+1.72 V,1.718,0.39501,1.61603494e-03
small_A_B_C_forward,Small A/B/C: forward,15,15,15,3,Field_0.0015,+1.72 V,1.718,0.40501,1.73446794e-03
small_A_B_C_forward,Small A/B/C: forward,15,15,15,3,Field_0.0015,+1.72 V,1.718,0.41501,1.86448242e-03
small_A_B_C_forward,Small A/B/C: forward,15,15,15,3,Field_0.0015,+1.72 V,1.718,0.42501,2.00742030e-03
small_A_B_C_forward,Small A/B/C: forward,15,15,15,3,Field_0.0015,+1.72 V,1.718,0.43501,2.16480501e-03
small_A_B_C_forward,Small A/B/C: forward,15,15,15,3,Field_0.0015,+1.72 V,1.718,0.44501,2.33836959e-03
small_A_B_C_forward,Small A/B/C: forward,15,15,15,3,Field_0.0015,+1.72 V,1.718,0.45501,2.53008976e-03
small_A_B_C_forward,Small A/B/C: forward,15,15,15,3,Field_0.0015,+1.72 V,1.718,0.46501,2.74222286e-03
small_A_B_C_forward,Small A/B/C: forward,15,15,15,3,Field_0.0015,+1.72 V,1.718,0.47501,2.97735387e-03
small_A_B_C_forward,Small A/B/C: forward,15,15,15,3,Field_0.0015,+1.72 V,1.718,0.48501,3.23844986e-03
small_A_B_C_forward,Small A/B/C: forward,15,15,15,3,Field_0.0015,+1.72 V,1.718,0.49501,3.52892468e-03
small_A_B_C_forward,Small A/B/C: forward,15,15,15,3,Field_0.0015,+1.72 V,1.718,0.50501,3.85271600e-03
small_A_B_C_forward,Small A/B/C: forward,15,15,15,3,Field_0.0015,+1.72 V,1.718,0.51501,4.21437718e-03
small_A_B_C_forward,Small A/B/C: forward,15,15,15,3,Field_0.0015,+1.72 V,1.718,0.52501,4.61918726e-03
small_A_B_C_forward,Small A/B/C: forward,15,15,15,3,Field_0.0015,+1.72 V,1.718,0.53501,5.07328285e-03
small_A_B_C_forward,Small A/B/C: forward,15,15,15,3,Field_0.0015,+1.72 V,1.718,0.54501,5.58381662e-03
small_A_B_C_forward,Small A/B/C: forward,15,15,15,3,Field_0.0015,+1.72 V,1.718,0.55501,6.15914828e-03
small_A_B_C_forward,Small A/B/C: forward,15,15,15,3,Field_0.0015,+1.72 V,1.718,0.56501,6.80907489e-03
small_A_B_C_forward,Small A/B/C: forward,15,15,15,3,Field_0.0015,+1.72 V,1.718,0.57501,7.54510928e-03
small_A_B_C_forward,Small A/B/C: forward,15,15,15,3,Field_0.0015,+1.72 V,1.718,0.58501,8.38081658e-03
small_A_B_C_forward,Small A/B/C: forward,15,15,15,3,Field_0.0015,+1.72 V,1.718,0.59501,9.33222136e-03
small_A_B_C_forward,Small A/B/C: forward,15,15,15,3,Field_0.0015,+1.72 V,1.718,0.60501,1.04182997e-02
small_A_B_C_forward,Small A/B/C: forward,15,15,15,3,Field_0.0015,+1.72 V,1.718,0.61501,1.16615730e-02
small_A_B_C_forward,Small A/B/C: forward,15,15,15,3,Field_0.0015,+1.72 V,1.718,0.62501,1.30888217e-02
small_A_B_C_forward,Small A/B/C: forward,15,15,15,3,Field_0.0015,+1.72 V,1.718,0.63501,1.47319394e-02
small_A_B_C_forward,Small A/B/C: forward,15,15,15,3,Field_0.0015,+1.72 V,1.718,0.64501,1.66289448e-02
small_A_B_C_forward,Small A/B/C: forward,15,15,15,3,Field_0.0015,+1.72 V,1.718,0.65501,1.88251678e-02
small_A_B_C_forward,Small A/B/C: forward,15,15,15,3,Field_0.0015,+1.72 V,1.718,0.66501,2.13746108e-02
small_A_B_C_forward,Small A/B/C: forward,15,15,15,3,Field_0.0015,+1.72 V,1.718,0.67501,2.43414696e-02
small_A_B_C_forward,Small A/B/C: forward,15,15,15,3,Field_0.0015,+1.72 V,1.718,0.68501,2.78017549e-02
small_A_B_C_forward,Small A/B/C: forward,15,15,15,3,Field_0.0015,+1.72 V,1.718,0.69501,3.18448907e-02
small_A_B_C_forward,Small A/B/C: forward,15,15,15,3,Field_0.0015,+1.72 V,1.718,0.70501,3.65750561e-02
small_A_B_C_forward,Small A/B/C: forward,15,15,15,3,Field_0.0015,+1.72 V,1.718,0.71501,4.21118726e-02
small_A_B_C_forward,Small A/B/C: forward,15,15,15,3,Field_0.0015,+1.72 V,1.718,0.72501,4.85897936e-02
small_A_B_C_forward,Small A/B/C: forward,15,15,15,3,Field_0.0015,+1.72 V,1.718,0.73501,5.61552258e-02
small_A_B_C_forward,Small A/B/C: forward,15,15,15,3,Field_0.0015,+1.72 V,1.718,0.74501,6.49600163e-02
small_A_B_C_forward,Small A/B/C: forward,15,15,15,3,Field_0.0015,+1.72 V,1.718,0.75501,7.51495552e-02
small_A_B_C_forward,Small A/B/C: forward,15,15,15,3,Field_0.0015,+1.72 V,1.718,0.76501,8.68435694e-02
small_A_B_C_forward,Small A/B/C: forward,15,15,15,3,Field_0.0015,+1.72 V,1.718,0.77501,1.00108094e-01
small_A_B_C_forward,Small A/B/C: forward,15,15,15,3,Field_0.0015,+1.72 V,1.718,0.78501,1.14918651e-01
small_A_B_C_forward,Small A/B/C: forward,15,15,15,3,Field_0.0015,+1.72 V,1.718,0.79501,1.31117920e-01
small_A_B_C_forward,Small A/B/C: forward,15,15,15,3,Field_0.0015,+1.72 V,1.718,0.80501,1.48376247e-01
small_A_B_C_forward,Small A/B/C: forward,15,15,15,3,Field_0.0015,+1.72 V,1.718,0.81501,1.66168987e-01
small_A_B_C_forward,Small A/B/C: forward,15,15,15,3,Field_0.0015,+1.72 V,1.718,0.82501,1.83787718e-01
small_A_B_C_forward,Small A/B/C: forward,15,15,15,3,Field_0.0015,+1.72 V,1.718,0.83501,2.00398253e-01
small_A_B_C_forward,Small A/B/C: forward,15,15,15,3,Field_0.0015,+1.72 V,1.718,0.84501,2.15144480e-01
small_A_B_C_forward,Small A/B/C: forward,15,15,15,3,Field_0.0015,+1.72 V,1.718,0.85501,2.27276943e-01
small_A_B_C_forward,Small A/B/C: forward,15,15,15,3,Field_0.0015,+1.72 V,1.718,0.86501,2.36269598e-01
small_A_B_C_forward,Small A/B/C: forward,15,15,15,3,Field_0.0015,+1.72 V,1.718,0.87501,2.41888693e-01
small_A_B_C_forward,Small A/B/C: forward,15,15,15,3,Field_0.0015,+1.72 V,1.718,0.88501,2.44196175e-01
small_A_B_C_forward,Small A/B/C: forward,15,15,15,3,Field_0.0015,+1.72 V,1.718,0.89501,2.43495573e-01
small_A_B_C_forward,Small A/B/C: forward,15,15,15,3,Field_0.0015,+1.72 V,1.718,0.90501,2.40246183e-01
small_A_B_C_forward,Small A/B/C: forward,15,15,15,3,Field_0.0015,+1.72 V,1.718,0.91501,2.34974319e-01
small_A_B_C_forward,Small A/B/C: forward,15,15,15,3,Field_0.0015,+1.72 V,1.718,0.92501,2.28201690e-01
small_A_B_C_forward,Small A/B/C: forward,15,15,15,3,Field_0.0015,+1.72 V,1.718,0.93501,2.20398768e-01
small_A_B_C_forward,Small A/B/C: forward,15,15,15,3,Field_0.0015,+1.72 V,1.718,0.94501,2.11961647e-01
small_A_B_C_forward,Small A/B/C: forward,15,15,15,3,Field_0.0015,+1.72 V,1.718,0.95501,2.03206357e-01
small_A_B_C_forward,Small A/B/C: forward,15,15,15,3,Field_0.0015,+1.72 V,1.718,0.96501,1.94373898e-01
small_A_B_C_forward,Small A/B/C: forward,15,15,15,3,Field_0.0015,+1.72 V,1.718,0.97501,1.85640517e-01
small_A_B_C_forward,Small A/B/C: forward,15,15,15,3,Field_0.0015,+1.72 V,1.718,0.98501,1.77129583e-01
small_A_B_C_forward,Small A/B/C: forward,15,15,15,3,Field_0.0015,+1.72 V,1.718,0.99501,1.68922975e-01
small_A_B_C_forward,Small A/B/C: forward,15,15,15,3,Field_0.0015,+1.72 V,1.718,1.00501,1.61157064e-01
small_A_B_C_forward,Small A/B/C: forward,15,15,15,3,Field_0.0015,+1.72 V,1.718,1.01501,1.53931791e-01
small_A_B_C_forward,Small A/B/C: forward,15,15,15,3,Field_0.0015,+1.72 V,1.718,1.02501,1.47235060e-01
small_A_B_C_forward,Small A/B/C: forward,15,15,15,3,Field_0.0015,+1.72 V,1.718,1.03501,1.41041518e-01
small_A_B_C_forward,Small A/B/C: forward,15,15,15,3,Field_0.0015,+1.72 V,1.718,1.04501,1.35318111e-01
small_A_B_C_forward,Small A/B/C: forward,15,15,15,3,Field_0.0015,+1.72 V,1.718,1.05501,1.30027935e-01
small_A_B_C_forward,Small A/B/C: forward,15,15,15,3,Field_0.0015,+1.72 V,1.718,1.06501,1.25132840e-01
small_A_B_C_forward,Small A/B/C: forward,15,15,15,3,Field_0.0015,+1.72 V,1.718,1.07501,1.20595130e-01
small_A_B_C_forward,Small A/B/C: forward,15,15,15,3,Field_0.0015,+1.72 V,1.718,1.08501,1.16378630e-01
small_A_B_C_forward,Small A/B/C: forward,15,15,15,3,Field_0.0015,+1.72 V,1.718,1.09501,1.12449319e-01
small_A_B_C_forward,Small A/B/C: forward,15,15,15,3,Field_0.0015,+1.72 V,1.718,1.10501,1.08775684e-01
small_A_B_C_forward,Small A/B/C: forward,15,15,15,3,Field_0.0015,+1.72 V,1.718,1.11501,1.05328870e-01
small_A_B_C_forward,Small A/B/C: forward,15,15,15,3,Field_0.0015,+1.72 V,1.718,1.12501,1.02082725e-01
small_A_B_C_forward,Small A/B/C: forward,15,15,15,3,Field_0.0015,+1.72 V,1.718,1.13501,9.90137594e-02
small_A_B_C_forward,Small A/B/C: forward,15,15,15,3,Field_0.0015,+1.72 V,1.718,1.14501,9.61010711e-02
small_A_B_C_forward,Small A/B/C: forward,15,15,15,3,Field_0.0015,+1.72 V,1.718,1.15501,9.33262405e-02
small_A_B_C_forward,Small A/B/C: forward,15,15,15,3,Field_0.0015,+1.72 V,1.718,1.16501,9.06732152e-02
small_A_B_C_forward,Small A/B/C: forward,15,15,15,3,Field_0.0015,+1.72 V,1.718,1.17501,8.81281871e-02
small_A_B_C_forward,Small A/B/C: forward,15,15,15,3,Field_0.0015,+1.72 V,1.718,1.18501,8.56794645e-02
small_A_B_C_forward,Small A/B/C: forward,15,15,15,3,Field_0.0015,+1.72 V,1.718,1.19501,8.33173407e-02
small_A_B_C_forward,Small A/B/C: forward,15,15,15,3,Field_0.0015,+1.72 V,1.718,1.20501,8.10339573e-02
small_A_B_C_forward,Small A/B/C: forward,15,15,15,3,Field_0.0015,+1.72 V,1.718,1.21501,7.88231625e-02
small_A_B_C_forward,Small A/B/C: forward,15,15,15,3,Field_0.0015,+1.72 V,1.718,1.22501,7.66803630e-02
small_A_B_C_forward,Small A/B/C: forward,15,15,15,3,Field_0.0015,+1.72 V,1.718,1.23501,7.46023695e-02
small_A_B_C_forward,Small A/B/C: forward,15,15,15,3,Field_0.0015,+1.72 V,1.718,1.24501,7.25872360e-02
small_A_B_C_forward,Small A/B/C: forward,15,15,15,3,Field_0.0015,+1.72 V,1.718,1.25501,7.06340942e-02
small_A_B_C_forward,Small A/B/C: forward,15,15,15,3,Field_0.0015,+1.72 V,1.718,1.26501,6.87429828e-02
small_A_B_C_forward,Small A/B/C: forward,15,15,15,3,Field_0.0015,+1.72 V,1.718,1.27501,6.69146747e-02
small_A_B_C_forward,Small A/B/C: forward,15,15,15,3,Field_0.0015,+1.72 V,1.718,1.28501,6.51504988e-02
small_A_B_C_forward,Small A/B/C: forward,15,15,15,3,Field_0.0015,+1.72 V,1.718,1.29501,6.34521563e-02
small_A_B_C_forward,Small A/B/C: forward,15,15,15,3,Field_0.0015,+1.72 V,1.718,1.30501,6.18215192e-02
small_A_B_C_forward,Small A/B/C: forward,15,15,15,3,Field_0.0015,+1.72 V,1.718,1.31501,6.02603935e-02
small_A_B_C_forward,Small A/B/C: forward,15,15,15,3,Field_0.0015,+1.72 V,1.718,1.32501,5.87701996e-02
small_A_B_C_forward,Small A/B/C: forward,15,15,15,3,Field_0.0015,+1.72 V,1.718,1.33501,5.73514659e-02
small_A_B_C_forward,Small A/B/C: forward,15,15,15,3,Field_0.0015,+1.72 V,1.718,1.34501,5.60028825e-02
small_A_B_C_forward,Small A/B/C: forward,15,15,15,3,Field_0.0015,+1.72 V,1.718,1.35501,5.47192190e-02
small_A_B_C_forward,Small A/B/C: forward,15,15,15,3,Field_0.0015,+1.72 V,1.718,1.36501,5.34858920e-02
small_A_B_C_forward,Small A/B/C: forward,15,15,15,3,Field_0.0015,+1.72 V,1.718,1.37501,5.22612981e-02
small_A_B_C_forward,Small A/B/C: forward,15,15,15,3,Field_0.0015,+1.72 V,1.718,1.38501,5.08953061e-02
small_A_B_C_forward,Small A/B/C: forward,15,15,15,3,Field_0.0015,+1.72 V,1.718,1.39501,4.83309327e-02
small_A_B_C_forward,Small A/B/C: forward,15,15,15,3,Field_0.0015,+1.72 V,1.718,1.40501,5.55779248e-02
small_A_B_C_forward,Small A/B/C: forward,15,15,15,3,Field_0.0015,+1.72 V,1.718,1.41501,5.12732680e-02
small_A_B_C_forward,Small A/B/C: forward,15,15,15,3,Field_0.0015,+1.72 V,1.718,1.42501,5.01798133e-02
small_A_B_C_forward,Small A/B/C: forward,15,15,15,3,Field_0.0015,+1.72 V,1.718,1.43501,4.95544189e-02
small_A_B_C_forward,Small A/B/C: forward,15,15,15,3,Field_0.0015,+1.72 V,1.718,1.44501,4.91623762e-02
small_A_B_C_forward,Small A/B/C: forward,15,15,15,3,Field_0.0015,+1.72 V,1.718,1.45501,4.89487770e-02
small_A_B_C_forward,Small A/B/C: forward,15,15,15,3,Field_0.0015,+1.72 V,1.718,1.46501,4.88982596e-02
small_A_B_C_forward,Small A/B/C: forward,15,15,15,3,Field_0.0015,+1.72 V,1.718,1.47501,4.90090790e-02
small_A_B_C_forward,Small A/B/C: forward,15,15,15,3,Field_0.0015,+1.72 V,1.718,1.48501,4.92859623e-02
small_A_B_C_forward,Small A/B/C: forward,15,15,15,3,Field_0.0015,+1.72 V,1.718,1.49501,4.97377539e-02
small_A_B_C_forward,Small A/B/C: forward,15,15,15,3,Field_0.0015,+1.72 V,1.718,1.50501,5.03766585e-02
small_A_B_C_forward,Small A/B/C: forward,15,15,15,3,Field_0.0015,+1.72 V,1.718,1.51501,5.12181477e-02
small_A_B_C_forward,Small A/B/C: forward,15,15,15,3,Field_0.0015,+1.72 V,1.718,1.52501,5.22812149e-02
small_A_B_C_forward,Small A/B/C: forward,15,15,15,3,Field_0.0015,+1.72 V,1.718,1.53501,5.35888688e-02
small_A_B_C_forward,Small A/B/C: forward,15,15,15,3,Field_0.0015,+1.72 V,1.718,1.54501,5.51688382e-02
small_A_B_C_forward,Small A/B/C: forward,15,15,15,3,Field_0.0015,+1.72 V,1.718,1.55501,5.70545045e-02
small_A_B_C_forward,Small A/B/C: forward,15,15,15,3,Field_0.0015,+1.72 V,1.718,1.56501,5.92861096e-02
small_A_B_C_forward,Small A/B/C: forward,15,15,15,3,Field_0.0015,+1.72 V,1.718,1.57501,6.19123179e-02
small_A_B_C_forward,Small A/B/C: forward,15,15,15,3,Field_0.0015,+1.72 V,1.718,1.58501,6.49922674e-02
small_A_B_C_forward,Small A/B/C: forward,15,15,15,3,Field_0.0015,+1.72 V,1.718,1.59501,6.85983322e-02
small_A_B_C_forward,Small A/B/C: forward,15,15,15,3,Field_0.0015,+1.72 V,1.718,1.60501,7.28200299e-02
small_A_B_C_forward,Small A/B/C: forward,15,15,15,3,Field_0.0015,+1.72 V,1.718,1.61501,7.77700475e-02
small_A_B_C_forward,Small A/B/C: forward,15,15,15,3,Field_0.0015,+1.72 V,1.718,1.62501,8.35951191e-02
small_A_B_C_forward,Small A/B/C: forward,15,15,15,3,Field_0.0015,+1.72 V,1.718,1.63501,9.05018101e-02
small_A_B_C_forward,Small A/B/C: forward,15,15,15,3,Field_0.0015,+1.72 V,1.718,1.64501,9.88517598e-02
small_A_B_C_forward,Small A/B/C: forward,15,15,15,3,Field_0.0015,+1.72 V,1.718,1.65501,1.09953387e-01
small_A_B_C_forward,Small A/B/C: forward,15,15,15,3,Field_0.0015,+1.72 V,1.718,1.66501,1.07595121e-01
small_A_B_C_forward,Small A/B/C: forward,15,15,15,3,Field_0.0015,+1.72 V,1.718,1.67501,1.28736916e-01
small_A_B_C_forward,Small A/B/C: forward,15,15,15,3,Field_0.0015,+1.72 V,1.718,1.68501,1.45211978e-01
small_A_B_C_forward,Small A/B/C: forward,15,15,15,3,Field_0.0015,+1.72 V,1.718,1.69501,1.64287369e-01
small_A_B_C_forward,Small A/B/C: forward,15,15,15,3,Field_0.0015,+1.72 V,1.718,1.70501,1.87093496e-01
small_A_B_C_forward,Small A/B/C: forward,15,15,15,3,Field_0.0015,+1.72 V,1.718,1.71501,2.14657752e-01
small_A_B_C_forward,Small A/B/C: forward,15,15,15,3,Field_0.0015,+1.72 V,1.718,1.72501,2.48173564e-01
small_A_B_C_forward,Small A/B/C: forward,15,15,15,3,Field_0.0015,+1.72 V,1.718,1.73501,2.89060969e-01
small_A_B_C_forward,Small A/B/C: forward,15,15,15,3,Field_0.0015,+1.72 V,1.718,1.74501,3.38954179e-01
small_A_B_C_forward,Small A/B/C: forward,15,15,15,3,Field_0.0015,+1.72 V,1.718,1.75501,3.99579060e-01
small_A_B_C_forward,Small A/B/C: forward,15,15,15,3,Field_0.0015,+1.72 V,1.718,1.76501,4.72419044e-01
small_A_B_C_forward,Small A/B/C: forward,15,15,15,3,Field_0.0015,+1.72 V,1.718,1.77501,5.58011914e-01
small_A_B_C_forward,Small A/B/C: forward,15,15,15,3,Field_0.0015,+1.72 V,1.718,1.78501,6.54724371e-01
small_A_B_C_forward,Small A/B/C: forward,15,15,15,3,Field_0.0015,+1.72 V,1.718,1.79501,7.57084048e-01
small_A_B_C_forward,Small A/B/C: forward,15,15,15,3,Field_0.0015,+1.72 V,1.718,1.80501,8.54440576e-01
small_A_B_C_forward,Small A/B/C: forward,15,15,15,3,Field_0.0015,+1.72 V,1.718,1.81501,9.31710511e-01
small_A_B_C_forward,Small A/B/C: forward,15,15,15,3,Field_0.0015,+1.72 V,1.718,1.82501,9.73847872e-01
small_A_B_C_forward,Small A/B/C: forward,15,15,15,3,Field_0.0015,+1.72 V,1.718,1.83501,9.72714164e-01
small_A_B_C_forward,Small A/B/C: forward,15,15,15,3,Field_0.0015,+1.72 V,1.718,1.84501,9.31260818e-01
small_A_B_C_forward,Small A/B/C: forward,15,15,15,3,Field_0.0015,+1.72 V,1.718,1.85501,8.61292401e-01
small_A_B_C_forward,Small A/B/C: forward,15,15,15,3,Field_0.0015,+1.72 V,1.718,1.86501,7.77189542e-01
small_A_B_C_forward,Small A/B/C: forward,15,15,15,3,Field_0.0015,+1.72 V,1.718,1.87501,6.90728375e-01
small_A_B_C_forward,Small A/B/C: forward,15,15,15,3,Field_0.0015,+1.72 V,1.718,1.88501,6.09260338e-01
small_A_B_C_forward,Small A/B/C: forward,15,15,15,3,Field_0.0015,+1.72 V,1.718,1.89501,5.36286170e-01
small_A_B_C_forward,Small A/B/C: forward,15,15,15,3,Field_0.0015,+1.72 V,1.718,1.90501,4.72785805e-01
small_A_B_C_forward,Small A/B/C: forward,15,15,15,3,Field_0.0015,+1.72 V,1.718,1.91501,4.18384044e-01
small_A_B_C_forward,Small A/B/C: forward,15,15,15,3,Field_0.0015,+1.72 V,1.718,1.92501,3.72114672e-01
small_A_B_C_forward,Small A/B/C: forward,15,15,15,3,Field_0.0015,+1.72 V,1.718,1.93501,3.32844905e-01
small_A_B_C_forward,Small A/B/C: forward,15,15,15,3,Field_0.0015,+1.72 V,1.718,1.94501,2.99481229e-01
small_A_B_C_forward,Small A/B/C: forward,15,15,15,3,Field_0.0015,+1.72 V,1.718,1.95501,2.71053110e-01
small_A_B_C_forward,Small A/B/C: forward,15,15,15,3,Field_0.0015,+1.72 V,1.718,1.96501,2.46735021e-01
small_A_B_C_forward,Small A/B/C: forward,15,15,15,3,Field_0.0015,+1.72 V,1.718,1.97501,2.25840400e-01
small_A_B_C_forward,Small A/B/C: forward,15,15,15,3,Field_0.0015,+1.72 V,1.718,1.98501,2.07804818e-01
small_A_B_C_forward,Small A/B/C: forward,15,15,15,3,Field_0.0015,+1.72 V,1.718,1.99501,1.92166640e-01
small_A_B_C_forward,Small A/B/C: forward,15,15,15,3,Field_0.0015,+1.72 V,1.718,2.00501,1.78534859e-01
small_A_B_C_forward,Small A/B/C: forward,15,15,15,3,Field_0.0015,+1.72 V,1.718,2.01501,1.66593147e-01
small_A_B_C_forward,Small A/B/C: forward,15,15,15,3,Field_0.0015,+1.72 V,1.718,2.02501,1.56095984e-01
small_A_B_C_forward,Small A/B/C: forward,15,15,15,3,Field_0.0015,+1.72 V,1.718,2.03501,1.46840920e-01
small_A_B_C_forward,Small A/B/C: forward,15,15,15,3,Field_0.0015,+1.72 V,1.718,2.04501,1.38660372e-01
small_A_B_C_forward,Small A/B/C: forward,15,15,15,3,Field_0.0015,+1.72 V,1.718,2.05501,1.31415051e-01
small_A_B_C_forward,Small A/B/C: forward,15,15,15,3,Field_0.0015,+1.72 V,1.718,2.06501,1.24988719e-01
small_A_B_C_forward,Small A/B/C: forward,15,15,15,3,Field_0.0015,+1.72 V,1.718,2.07501,1.19283997e-01
small_A_B_C_forward,Small A/B/C: forward,15,15,15,3,Field_0.0015,+1.72 V,1.718,2.08501,1.14219028e-01
small_A_B_C_forward,Small A/B/C: forward,15,15,15,3,Field_0.0015,+1.72 V,1.718,2.09501,1.09724797e-01
small_A_B_C_forward,Small A/B/C: forward,15,15,15,3,Field_0.0015,+1.72 V,1.718,2.10501,1.05742984e-01
small_A_B_C_forward,Small A/B/C: forward,15,15,15,3,Field_0.0015,+1.72 V,1.718,2.11501,1.02224247e-01
small_A_B_C_forward,Small A/B/C: forward,15,15,15,3,Field_0.0015,+1.72 V,1.718,2.12501,9.91268293e-02
small_A_B_C_forward,Small A/B/C: forward,15,15,15,3,Field_0.0015,+1.72 V,1.718,2.13501,9.64154399e-02
small_A_B_C_forward,Small A/B/C: forward,15,15,15,3,Field_0.0015,+1.72 V,1.718,2.14501,9.40603552e-02
small_A_B_C_forward,Small A/B/C: forward,15,15,15,3,Field_0.0015,+1.72 V,1.718,2.15501,9.20366903e-02
small_A_B_C_forward,Small A/B/C: forward,15,15,15,3,Field_0.0015,+1.72 V,1.718,2.16501,9.03238183e-02
small_A_B_C_forward,Small A/B/C: forward,15,15,15,3,Field_0.0015,+1.72 V,1.718,2.17501,8.89049071e-02
small_A_B_C_forward,Small A/B/C: forward,15,15,15,3,Field_0.0015,+1.72 V,1.718,2.18501,8.77665586e-02
small_A_B_C_forward,Small A/B/C: forward,15,15,15,3,Field_0.0015,+1.72 V,1.718,2.19501,8.68985322e-02
small_A_B_C_forward,Small A/B/C: forward,15,15,15,3,Field_0.0015,+1.72 V,1.718,2.20501,8.62935447e-02
small_A_B_C_forward,Small A/B/C: forward,15,15,15,3,Field_0.0015,+1.72 V,1.718,2.21501,8.59471378e-02
small_A_B_C_forward,Small A/B/C: forward,15,15,15,3,Field_0.0015,+1.72 V,1.718,2.22501,8.58576084e-02
small_A_B_C_forward,Small A/B/C: forward,15,15,15,3,Field_0.0015,+1.72 V,1.718,2.23501,8.60259994e-02
small_A_B_C_forward,Small A/B/C: forward,15,15,15,3,Field_0.0015,+1.72 V,1.718,2.24501,8.64561503e-02
small_A_B_C_forward,Small A/B/C: forward,15,15,15,3,Field_0.0015,+1.72 V,1.718,2.25501,8.71548102e-02
small_A_B_C_forward,Small A/B/C: forward,15,15,15,3,Field_0.0015,+1.72 V,1.718,2.26501,8.81318172e-02
small_A_B_C_forward,Small A/B/C: forward,15,15,15,3,Field_0.0015,+1.72 V,1.718,2.27501,8.94003510e-02
small_A_B_C_forward,Small A/B/C: forward,15,15,15,3,Field_0.0015,+1.72 V,1.718,2.28501,9.09772682e-02
small_A_B_C_forward,Small A/B/C: forward,15,15,15,3,Field_0.0015,+1.72 V,1.718,2.29501,9.28835338e-02
small_A_B_C_forward,Small A/B/C: forward,15,15,15,3,Field_0.0015,+1.72 V,1.718,2.30501,9.51447657e-02
small_A_B_C_forward,Small A/B/C: forward,15,15,15,3,Field_0.0015,+1.72 V,1.718,2.31501,9.77919142e-02
small_A_B_C_forward,Small A/B/C: forward,15,15,15,3,Field_0.0015,+1.72 V,1.718,2.32501,1.00862105e-01
small_A_B_C_forward,Small A/B/C: forward,15,15,15,3,Field_0.0015,+1.72 V,1.718,2.33501,1.04399681e-01
small_A_B_C_forward,Small A/B/C: forward,15,15,15,3,Field_0.0015,+1.72 V,1.718,2.34501,1.08457490e-01
small_A_B_C_forward,Small A/B/C: forward,15,15,15,3,Field_0.0015,+1.72 V,1.718,2.35501,1.13098475e-01
small_A_B_C_forward,Small A/B/C: forward,15,15,15,3,Field_0.0015,+1.72 V,1.718,2.36501,1.18397636e-01
small_A_B_C_forward,Small A/B/C: forward,15,15,15,3,Field_0.0015,+1.72 V,1.718,2.37501,1.24444467e-01
small_A_B_C_forward,Small A/B/C: forward,15,15,15,3,Field_0.0015,+1.72 V,1.718,2.38501,1.31345965e-01
small_A_B_C_forward,Small A/B/C: forward,15,15,15,3,Field_0.0015,+1.72 V,1.718,2.39501,1.39230375e-01
small_A_B_C_forward,Small A/B/C: forward,15,15,15,3,Field_0.0015,+1.72 V,1.718,2.40501,1.48251826e-01
small_A_B_C_forward,Small A/B/C: forward,15,15,15,3,Field_0.0015,+1.72 V,1.718,2.41501,1.58596083e-01
small_A_B_C_forward,Small A/B/C: forward,15,15,15,3,Field_0.0015,+1.72 V,1.718,2.42501,1.70487644e-01
small_A_B_C_forward,Small A/B/C: forward,15,15,15,3,Field_0.0015,+1.72 V,1.718,2.43501,1.84198449e-01
small_A_B_C_forward,Small A/B/C: forward,15,15,15,3,Field_0.0015,+1.72 V,1.718,2.44501,2.00058430e-01
small_A_B_C_forward,Small A/B/C: forward,15,15,15,3,Field_0.0015,+1.72 V,1.718,2.45501,2.18468008e-01
small_A_B_C_forward,Small A/B/C: forward,15,15,15,3,Field_0.0015,+1.72 V,1.718,2.46501,2.39912379e-01
small_A_B_C_forward,Small A/B/C: forward,15,15,15,3,Field_0.0015,+1.72 V,1.718,2.47501,2.64976710e-01
small_A_B_C_forward,Small A/B/C: forward,15,15,15,3,Field_0.0015,+1.72 V,1.718,2.48501,2.94360052e-01
small_A_B_C_forward,Small A/B/C: forward,15,15,15,3,Field_0.0015,+1.72 V,1.718,2.49501,3.28883139e-01
small_A_B_C_forward,Small A/B/C: forward,15,15,15,3,Field_0.0015,+1.72 V,1.718,2.50501,3.69480478e-01
small_A_B_C_forward,Small A/B/C: forward,15,15,15,3,Field_0.0015,+1.72 V,1.718,2.51501,4.17158863e-01
small_A_B_C_forward,Small A/B/C: forward,15,15,15,3,Field_0.0015,+1.72 V,1.718,2.52501,4.72891332e-01
small_A_B_C_forward,Small A/B/C: forward,15,15,15,3,Field_0.0015,+1.72 V,1.718,2.53501,5.37397816e-01
small_A_B_C_forward,Small A/B/C: forward,15,15,15,3,Field_0.0015,+1.72 V,1.718,2.54501,6.10747440e-01
small_A_B_C_forward,Small A/B/C: forward,15,15,15,3,Field_0.0015,+1.72 V,1.718,2.55501,6.91725138e-01
small_A_B_C_forward,Small A/B/C: forward,15,15,15,3,Field_0.0015,+1.72 V,1.718,2.56501,7.76988157e-01
small_A_B_C_forward,Small A/B/C: forward,15,15,15,3,Field_0.0015,+1.72 V,1.718,2.57501,8.60268477e-01
small_A_B_C_forward,Small A/B/C: forward,15,15,15,3,Field_0.0015,+1.72 V,1.718,2.58501,9.32252877e-01
small_A_B_C_forward,Small A/B/C: forward,15,15,15,3,Field_0.0015,+1.72 V,1.718,2.59501,9.81985184e-01
small_A_B_C_forward,Small A/B/C: forward,15,15,15,3,Field_0.0015,+1.72 V,1.718,2.60501,9.99753197e-01
small_A_B_C_forward,Small A/B/C: forward,15,15,15,3,Field_0.0015,+1.72 V,1.718,2.61501,9.85402761e-01
small_A_B_C_forward,Small A/B/C: forward,15,15,15,3,Field_0.0015,+1.72 V,1.718,2.62501,9.36228756e-01
small_A_B_C_forward,Small A/B/C: forward,15,15,15,3,Field_0.0015,+1.72 V,1.718,2.63501,8.65099730e-01
small_A_B_C_forward,Small A/B/C: forward,15,15,15,3,Field_0.0015,+1.72 V,1.718,2.64501,7.82317731e-01
small_A_B_C_forward,Small A/B/C: forward,15,15,15,3,Field_0.0015,+1.72 V,1.718,2.65501,6.97196939e-01
small_A_B_C_forward,Small A/B/C: forward,15,15,15,3,Field_0.0015,+1.72 V,1.718,2.66501,6.16096347e-01
small_A_B_C_forward,Small A/B/C: forward,15,15,15,3,Field_0.0015,+1.72 V,1.718,2.67501,5.42454164e-01
small_A_B_C_forward,Small A/B/C: forward,15,15,15,3,Field_0.0015,+1.72 V,1.718,2.68501,4.77559542e-01
small_A_B_C_forward,Small A/B/C: forward,15,15,15,3,Field_0.0015,+1.72 V,1.718,2.69501,4.21393064e-01
small_A_B_C_forward,Small A/B/C: forward,15,15,15,3,Field_0.0015,+1.72 V,1.718,2.70501,3.73265043e-01
small_A_B_C_forward,Small A/B/C: forward,15,15,15,3,Field_0.0015,+1.72 V,1.718,2.71501,3.32219287e-01
small_A_B_C_forward,Small A/B/C: forward,15,15,15,3,Field_0.0015,+1.72 V,1.718,2.72501,2.97257374e-01
small_A_B_C_forward,Small A/B/C: forward,15,15,15,3,Field_0.0015,+1.72 V,1.718,2.73501,2.67448079e-01
small_A_B_C_forward,Small A/B/C: forward,15,15,15,3,Field_0.0015,+1.72 V,1.718,2.74501,2.41971032e-01
small_A_B_C_forward,Small A/B/C: forward,15,15,15,3,Field_0.0015,+1.72 V,1.718,2.75501,2.20125937e-01
small_A_B_C_forward,Small A/B/C: forward,15,15,15,3,Field_0.0015,+1.72 V,1.718,2.76501,2.01325548e-01
small_A_B_C_forward,Small A/B/C: forward,15,15,15,3,Field_0.0015,+1.72 V,1.718,2.77501,1.85082184e-01
small_A_B_C_forward,Small A/B/C: forward,15,15,15,3,Field_0.0015,+1.72 V,1.718,2.78501,1.70992773e-01
small_A_B_C_forward,Small A/B/C: forward,15,15,15,3,Field_0.0015,+1.72 V,1.718,2.79501,1.58724687e-01
small_A_B_C_forward,Small A/B/C: forward,15,15,15,3,Field_0.0015,+1.72 V,1.718,2.80501,1.48003292e-01
small_A_B_C_forward,Small A/B/C: forward,15,15,15,3,Field_0.0015,+1.72 V,1.718,2.81501,1.38601410e-01
small_A_B_C_forward,Small A/B/C: forward,15,15,15,3,Field_0.0015,+1.72 V,1.718,2.82501,1.30330601e-01
small_A_B_C_forward,Small A/B/C: forward,15,15,15,3,Field_0.0015,+1.72 V,1.718,2.83501,1.23034034e-01
small_A_B_C_forward,Small A/B/C: forward,15,15,15,3,Field_0.0015,+1.72 V,1.718,2.84501,1.16580705e-01
small_A_B_C_forward,Small A/B/C: forward,15,15,15,3,Field_0.0015,+1.72 V,1.718,2.85501,1.10860742e-01
small_A_B_C_forward,Small A/B/C: forward,15,15,15,3,Field_0.0015,+1.72 V,1.718,2.86501,1.05781616e-01
small_A_B_C_forward,Small A/B/C: forward,15,15,15,3,Field_0.0015,+1.72 V,1.718,2.87501,1.01265041e-01
small_A_B_C_forward,Small A/B/C: forward,15,15,15,3,Field_0.0015,+1.72 V,1.718,2.88501,9.72444450e-02
small_A_B_C_forward,Small A/B/C: forward,15,15,15,3,Field_0.0015,+1.72 V,1.718,2.89501,9.36628442e-02
small_A_B_C_forward,Small A/B/C: forward,15,15,15,3,Field_0.0015,+1.72 V,1.718,2.90501,9.04710133e-02
small_A_B_C_forward,Small A/B/C: forward,15,15,15,3,Field_0.0015,+1.72 V,1.718,2.91501,8.76257705e-02
small_A_B_C_forward,Small A/B/C: forward,15,15,15,3,Field_0.0015,+1.72 V,1.718,2.92501,8.50881233e-02
small_A_B_C_forward,Small A/B/C: forward,15,15,15,3,Field_0.0015,+1.72 V,1.718,2.93501,8.28206909e-02
small_A_B_C_forward,Small A/B/C: forward,15,15,15,3,Field_0.0015,+1.72 V,1.718,2.94501,8.07827741e-02
small_A_B_C_forward,Small A/B/C: forward,15,15,15,3,Field_0.0015,+1.72 V,1.718,2.95501,7.89172547e-02
small_A_B_C_forward,Small A/B/C: forward,15,15,15,3,Field_0.0015,+1.72 V,1.718,2.96501,7.71008701e-02
small_A_B_C_forward,Small A/B/C: forward,15,15,15,3,Field_0.0015,+1.72 V,1.718,2.97501,7.48164748e-02
small_A_B_C_forward,Small A/B/C: forward,15,15,15,3,Field_0.0015,+1.72 V,1.718,2.98501,1.13904548e-01
small_A_B_C_forward,Small A/B/C: forward,15,15,15,3,Field_0.0015,+1.72 V,1.718,2.99501,7.71491399e-02
large_A_forward,Large A: forward,75,15,15,0,Field_-0.0015,-1.72 V,-1.718,-2.00662,1.89334580e-02
large_A_forward,Large A: forward,75,15,15,0,Field_-0.0015,-1.72 V,-1.718,-1.99662,1.70255589e-02
large_A_forward,Large A: forward,75,15,15,0,Field_-0.0015,-1.72 V,-1.718,-1.98662,1.55569720e-02
large_A_forward,Large A: forward,75,15,15,0,Field_-0.0015,-1.72 V,-1.718,-1.97662,1.44164101e-02
large_A_forward,Large A: forward,75,15,15,0,Field_-0.0015,-1.72 V,-1.718,-1.96662,1.35171512e-02
large_A_forward,Large A: forward,75,15,15,0,Field_-0.0015,-1.72 V,-1.718,-1.95662,1.27898111e-02
large_A_forward,Large A: forward,75,15,15,0,Field_-0.0015,-1.72 V,-1.718,-1.94662,1.21783480e-02
large_A_forward,Large A: forward,75,15,15,0,Field_-0.0015,-1.72 V,-1.718,-1.93662,1.16385348e-02
large_A_forward,Large A: forward,75,15,15,0,Field_-0.0015,-1.72 V,-1.718,-1.92662,1.11380474e-02
large_A_forward,Large A: forward,75,15,15,0,Field_-0.0015,-1.72 V,-1.718,-1.91662,1.06571296e-02
large_A_forward,Large A: forward,75,15,15,0,Field_-0.0015,-1.72 V,-1.718,-1.90662,1.01886630e-02
large_A_forward,Large A: forward,75,15,15,0,Field_-0.0015,-1.72 V,-1.718,-1.89662,9.73654833e-03
large_A_forward,Large A: forward,75,15,15,0,Field_-0.0015,-1.72 V,-1.718,-1.88662,9.31169798e-03
large_A_forward,Large A: forward,75,15,15,0,Field_-0.0015,-1.72 V,-1.718,-1.87662,8.92604703e-03
large_A_forward,Large A: forward,75,15,15,0,Field_-0.0015,-1.72 V,-1.718,-1.86662,8.58712117e-03
large_A_forward,Large A: forward,75,15,15,0,Field_-0.0015,-1.72 V,-1.718,-1.85662,8.29675075e-03
large_A_forward,Large A: forward,75,15,15,0,Field_-0.0015,-1.72 V,-1.718,-1.84662,8.05422381e-03
large_A_forward,Large A: forward,75,15,15,0,Field_-0.0015,-1.72 V,-1.718,-1.83662,7.85978781e-03
large_A_forward,Large A: forward,75,15,15,0,Field_-0.0015,-1.72 V,-1.718,-1.82662,7.71541883e-03
large_A_forward,Large A: forward,75,15,15,0,Field_-0.0015,-1.72 V,-1.718,-1.81662,7.62362889e-03
large_A_forward,Large A: forward,75,15,15,0,Field_-0.0015,-1.72 V,-1.718,-1.80662,7.58616574e-03
large_A_forward,Large A: forward,75,15,15,0,Field_-0.0015,-1.72 V,-1.718,-1.79662,7.60333803e-03
large_A_forward,Large A: forward,75,15,15,0,Field_-0.0015,-1.72 V,-1.718,-1.78662,7.67383128e-03
large_A_forward,Large A: forward,75,15,15,0,Field_-0.0015,-1.72 V,-1.718,-1.77662,7.79474293e-03
large_A_forward,Large A: forward,75,15,15,0,Field_-0.0015,-1.72 V,-1.718,-1.76662,7.96170648e-03
large_A_forward,Large A: forward,75,15,15,0,Field_-0.0015,-1.72 V,-1.718,-1.75662,8.16910045e-03
large_A_forward,Large A: forward,75,15,15,0,Field_-0.0015,-1.72 V,-1.718,-1.74662,8.41037395e-03
large_A_forward,Large A: forward,75,15,15,0,Field_-0.0015,-1.72 V,-1.718,-1.73662,8.67847219e-03
large_A_forward,Large A: forward,75,15,15,0,Field_-0.0015,-1.72 V,-1.718,-1.72662,8.96623472e-03
large_A_forward,Large A: forward,75,15,15,0,Field_-0.0015,-1.72 V,-1.718,-1.71662,9.26650742e-03
large_A_forward,Large A: forward,75,15,15,0,Field_-0.0015,-1.72 V,-1.718,-1.70662,9.57160808e-03
large_A_forward,Large A: forward,75,15,15,0,Field_-0.0015,-1.72 V,-1.718,-1.69662,9.87177021e-03
large_A_forward,Large A: forward,75,15,15,0,Field_-0.0015,-1.72 V,-1.718,-1.68662,1.01523269e-02
large_A_forward,Large A: forward,75,15,15,0,Field_-0.0015,-1.72 V,-1.718,-1.67662,1.03898500e-02
large_A_forward,Large A: forward,75,15,15,0,Field_-0.0015,-1.72 V,-1.718,-1.66662,1.05486496e-02
large_A_forward,Large A: forward,75,15,15,0,Field_-0.0015,-1.72 V,-1.718,-1.65662,1.05816416e-02
large_A_forward,Large A: forward,75,15,15,0,Field_-0.0015,-1.72 V,-1.718,-1.64662,1.04434966e-02
large_A_forward,Large A: forward,75,15,15,0,Field_-0.0015,-1.72 V,-1.718,-1.63662,1.01247448e-02
large_A_forward,Large A: forward,75,15,15,0,Field_-0.0015,-1.72 V,-1.718,-1.62662,9.70091375e-03
large_A_forward,Large A: forward,75,15,15,0,Field_-0.0015,-1.72 V,-1.718,-1.61662,9.35546928e-03
large_A_forward,Large A: forward,75,15,15,0,Field_-0.0015,-1.72 V,-1.718,-1.60662,9.32052854e-03
large_A_forward,Large A: forward,75,15,15,0,Field_-0.0015,-1.72 V,-1.718,-1.59662,9.74579618e-03
large_A_forward,Large A: forward,75,15,15,0,Field_-0.0015,-1.72 V,-1.718,-1.58662,1.05807651e-02
large_A_forward,Large A: forward,75,15,15,0,Field_-0.0015,-1.72 V,-1.718,-1.57662,1.14396140e-02
large_A_forward,Large A: forward,75,15,15,0,Field_-0.0015,-1.72 V,-1.718,-1.56662,1.15006482e-02
large_A_forward,Large A: forward,75,15,15,0,Field_-0.0015,-1.72 V,-1.718,-1.55662,1.04458422e-02
large_A_forward,Large A: forward,75,15,15,0,Field_-0.0015,-1.72 V,-1.718,-1.54662,8.90043152e-03
large_A_forward,Large A: forward,75,15,15,0,Field_-0.0015,-1.72 V,-1.718,-1.53662,7.36015878e-03
large_A_forward,Large A: forward,75,15,15,0,Field_-0.0015,-1.72 V,-1.718,-1.52662,6.00481887e-03
large_A_forward,Large A: forward,75,15,15,0,Field_-0.0015,-1.72 V,-1.718,-1.51662,4.87756191e-03
large_A_forward,Large A: forward,75,15,15,0,Field_-0.0015,-1.72 V,-1.718,-1.50662,3.96714482e-03
large_A_forward,Large A: forward,75,15,15,0,Field_-0.0015,-1.72 V,-1.718,-1.49662,3.24222750e-03
large_A_forward,Large A: forward,75,15,15,0,Field_-0.0015,-1.72 V,-1.718,-1.48662,2.66779314e-03
large_A_forward,Large A: forward,75,15,15,0,Field_-0.0015,-1.72 V,-1.718,-1.47662,2.21218878e-03
large_A_forward,Large A: forward,75,15,15,0,Field_-0.0015,-1.72 V,-1.718,-1.46662,1.84927883e-03
large_A_forward,Large A: forward,75,15,15,0,Field_-0.0015,-1.72 V,-1.718,-1.45662,1.55841509e-03
large_A_forward,Large A: forward,75,15,15,0,Field_-0.0015,-1.72 V,-1.718,-1.44662,1.32363190e-03
large_A_forward,Large A: forward,75,15,15,0,Field_-0.0015,-1.72 V,-1.718,-1.43662,1.13269781e-03
large_A_forward,Large A: forward,75,15,15,0,Field_-0.0015,-1.72 V,-1.718,-1.42662,9.76263229e-04
large_A_forward,Large A: forward,75,15,15,0,Field_-0.0015,-1.72 V,-1.718,-1.41662,8.47168672e-04
large_A_forward,Large A: forward,75,15,15,0,Field_-0.0015,-1.72 V,-1.718,-1.40662,7.39909441e-04
large_A_forward,Large A: forward,75,15,15,0,Field_-0.0015,-1.72 V,-1.718,-1.39662,6.50231350e-04
large_A_forward,Large A: forward,75,15,15,0,Field_-0.0015,-1.72 V,-1.718,-1.38662,5.74829147e-04
large_A_forward,Large A: forward,75,15,15,0,Field_-0.0015,-1.72 V,-1.718,-1.37662,5.11123298e-04
large_A_forward,Large A: forward,75,15,15,0,Field_-0.0015,-1.72 V,-1.718,-1.36662,4.57096303e-04
large_A_forward,Large A: forward,75,15,15,0,Field_-0.0015,-1.72 V,-1.718,-1.35662,4.11175358e-04
large_A_forward,Large A: forward,75,15,15,0,Field_-0.0015,-1.72 V,-1.718,-1.34662,3.72154057e-04
large_A_forward,Large A: forward,75,15,15,0,Field_-0.0015,-1.72 V,-1.718,-1.33662,3.39153832e-04
large_A_forward,Large A: forward,75,15,15,0,Field_-0.0015,-1.72 V,-1.718,-1.32662,3.11641933e-04
large_A_forward,Large A: forward,75,15,15,0,Field_-0.0015,-1.72 V,-1.718,-1.31662,2.89568921e-04
large_A_forward,Large A: forward,75,15,15,0,Field_-0.0015,-1.72 V,-1.718,-1.30662,2.73863109e-04
large_A_forward,Large A: forward,75,15,15,0,Field_-0.0015,-1.72 V,-1.718,-1.29662,2.68426085e-04
large_A_forward,Large A: forward,75,15,15,0,Field_-0.0015,-1.72 V,-1.718,-1.28662,2.92740283e-04
large_A_forward,Large A: forward,75,15,15,0,Field_-0.0015,-1.72 V,-1.718,-1.27662,7.50969725e-04
large_A_forward,Large A: forward,75,15,15,0,Field_-0.0015,-1.72 V,-1.718,-1.26662,1.03605890e-04
large_A_forward,Large A: forward,75,15,15,0,Field_-0.0015,-1.72 V,-1.718,-1.25662,1.15016108e-04
large_A_forward,Large A: forward,75,15,15,0,Field_-0.0015,-1.72 V,-1.718,-1.24662,1.17878835e-04
large_A_forward,Large A: forward,75,15,15,0,Field_-0.0015,-1.72 V,-1.718,-1.23662,1.15079698e-04
large_A_forward,Large A: forward,75,15,15,0,Field_-0.0015,-1.72 V,-1.718,-1.22662,1.10107752e-04
large_A_forward,Large A: forward,75,15,15,0,Field_-0.0015,-1.72 V,-1.718,-1.21662,1.04076360e-04
large_A_forward,Large A: forward,75,15,15,0,Field_-0.0015,-1.72 V,-1.718,-1.20662,9.78944092e-05
large_A_forward,Large A: forward,75,15,15,0,Field_-0.0015,-1.72 V,-1.718,-1.19662,9.31069530e-05
large_A_forward,Large A: forward,75,15,15,0,Field_-0.0015,-1.72 V,-1.718,-1.18662,8.94278381e-05
large_A_forward,Large A: forward,75,15,15,0,Field_-0.0015,-1.72 V,-1.718,-1.17662,8.59285579e-05
large_A_forward,Large A: forward,75,15,15,0,Field_-0.0015,-1.72 V,-1.718,-1.16662,8.24976389e-05
large_A_forward,Large A: forward,75,15,15,0,Field_-0.0015,-1.72 V,-1.718,-1.15662,7.92253730e-05
large_A_forward,Large A: forward,75,15,15,0,Field_-0.0015,-1.72 V,-1.718,-1.14662,7.61731886e-05
large_A_forward,Large A: forward,75,15,15,0,Field_-0.0015,-1.72 V,-1.718,-1.13662,7.33673009e-05
large_A_forward,Large A: forward,75,15,15,0,Field_-0.0015,-1.72 V,-1.718,-1.12662,7.08143542e-05
large_A_forward,Large A: forward,75,15,15,0,Field_-0.0015,-1.72 V,-1.718,-1.11662,6.85115120e-05
large_A_forward,Large A: forward,75,15,15,0,Field_-0.0015,-1.72 V,-1.718,-1.10662,6.64518018e-05
large_A_forward,Large A: forward,75,15,15,0,Field_-0.0015,-1.72 V,-1.718,-1.09662,6.46269166e-05
large_A_forward,Large A: forward,75,15,15,0,Field_-0.0015,-1.72 V,-1.718,-1.08662,6.30287359e-05
large_A_forward,Large A: forward,75,15,15,0,Field_-0.0015,-1.72 V,-1.718,-1.07662,6.16502060e-05
large_A_forward,Large A: forward,75,15,15,0,Field_-0.0015,-1.72 V,-1.718,-1.06662,6.04859058e-05
large_A_forward,Large A: forward,75,15,15,0,Field_-0.0015,-1.72 V,-1.718,-1.05662,5.95324763e-05
large_A_forward,Large A: forward,75,15,15,0,Field_-0.0015,-1.72 V,-1.718,-1.04662,5.87890242e-05
large_A_forward,Large A: forward,75,15,15,0,Field_-0.0015,-1.72 V,-1.718,-1.03662,5.82575835e-05
large_A_forward,Large A: forward,75,15,15,0,Field_-0.0015,-1.72 V,-1.718,-1.02662,5.79437174e-05
large_A_forward,Large A: forward,75,15,15,0,Field_-0.0015,-1.72 V,-1.718,-1.01662,5.78573635e-05
large_A_forward,Large A: forward,75,15,15,0,Field_-0.0015,-1.72 V,-1.718,-1.00662,5.80140799e-05
large_A_forward,Large A: forward,75,15,15,0,Field_-0.0015,-1.72 V,-1.718,-0.99662,5.84434126e-05
large_A_forward,Large A: forward,75,15,15,0,Field_-0.0015,-1.72 V,-1.718,-0.98662,5.91860361e-05
large_A_forward,Large A: forward,75,15,15,0,Field_-0.0015,-1.72 V,-1.718,-0.97662,6.02921487e-05
large_A_forward,Large A: forward,75,15,15,0,Field_-0.0015,-1.72 V,-1.718,-0.96662,6.18362808e-05
large_A_forward,Large A: forward,75,15,15,0,Field_-0.0015,-1.72 V,-1.718,-0.95662,6.39330168e-05
large_A_forward,Large A: forward,75,15,15,0,Field_-0.0015,-1.72 V,-1.718,-0.94662,6.67680378e-05
large_A_forward,Large A: forward,75,15,15,0,Field_-0.0015,-1.72 V,-1.718,-0.93662,7.06653414e-05
large_A_forward,Large A: forward,75,15,15,0,Field_-0.0015,-1.72 V,-1.718,-0.92662,7.62511717e-05
large_A_forward,Large A: forward,75,15,15,0,Field_-0.0015,-1.72 V,-1.718,-0.91662,8.49232346e-05
large_A_forward,Large A: forward,75,15,15,0,Field_-0.0015,-1.72 V,-1.718,-0.90662,1.00544416e-04
large_A_forward,Large A: forward,75,15,15,0,Field_-0.0015,-1.72 V,-1.718,-0.89662,1.38380815e-04
large_A_forward,Large A: forward,75,15,15,0,Field_-0.0015,-1.72 V,-1.718,-0.88662,3.31700627e-04
large_A_forward,Large A: forward,75,15,15,0,Field_-0.0015,-1.72 V,-1.718,-0.87662,4.18891889e-03
large_A_forward,Large A: forward,75,15,15,0,Field_-0.0015,-1.72 V,-1.718,-0.86662,1.33004725e-04
large_A_forward,Large A: forward,75,15,15,0,Field_-0.0015,-1.72 V,-1.718,-0.85662,8.76065579e-05
large_A_forward,Large A: forward,75,15,15,0,Field_-0.0015,-1.72 V,-1.718,-0.84662,8.72255536e-05
large_A_forward,Large A: forward,75,15,15,0,Field_-0.0015,-1.72 V,-1.718,-0.83662,9.42788913e-05
large_A_forward,Large A: forward,75,15,15,0,Field_-0.0015,-1.72 V,-1.718,-0.82662,1.04422403e-04
large_A_forward,Large A: forward,75,15,15,0,Field_-0.0015,-1.72 V,-1.718,-0.81662,1.16983217e-04
large_A_forward,Large A: forward,75,15,15,0,Field_-0.0015,-1.72 V,-1.718,-0.80662,1.32062636e-04
large_A_forward,Large A: forward,75,15,15,0,Field_-0.0015,-1.72 V,-1.718,-0.79662,1.49993676e-04
large_A_forward,Large A: forward,75,15,15,0,Field_-0.0015,-1.72 V,-1.718,-0.78662,1.71174935e-04
large_A_forward,Large A: forward,75,15,15,0,Field_-0.0015,-1.72 V,-1.718,-0.77662,1.95965977e-04
large_A_forward,Large A: forward,75,15,15,0,Field_-0.0015,-1.72 V,-1.718,-0.76662,2.24568813e-04
large_A_forward,Large A: forward,75,15,15,0,Field_-0.0015,-1.72 V,-1.718,-0.75662,2.56878185e-04
large_A_forward,Large A: forward,75,15,15,0,Field_-0.0015,-1.72 V,-1.718,-0.74662,2.92320145e-04
large_A_forward,Large A: forward,75,15,15,0,Field_-0.0015,-1.72 V,-1.718,-0.73662,3.29739971e-04
large_A_forward,Large A: forward,75,15,15,0,Field_-0.0015,-1.72 V,-1.718,-0.72662,3.67431615e-04
large_A_forward,Large A: forward,75,15,15,0,Field_-0.0015,-1.72 V,-1.718,-0.71662,4.03379450e-04
large_A_forward,Large A: forward,75,15,15,0,Field_-0.0015,-1.72 V,-1.718,-0.70662,4.35679243e-04
large_A_forward,Large A: forward,75,15,15,0,Field_-0.0015,-1.72 V,-1.718,-0.69662,4.62965765e-04
large_A_forward,Large A: forward,75,15,15,0,Field_-0.0015,-1.72 V,-1.718,-0.68662,4.84621857e-04
large_A_forward,Large A: forward,75,15,15,0,Field_-0.0015,-1.72 V,-1.718,-0.67662,5.00653389e-04
large_A_forward,Large A: forward,75,15,15,0,Field_-0.0015,-1.72 V,-1.718,-0.66662,5.11311520e-04
large_A_forward,Large A: forward,75,15,15,0,Field_-0.0015,-1.72 V,-1.718,-0.65662,5.16685163e-04
large_A_forward,Large A: forward,75,15,15,0,Field_-0.0015,-1.72 V,-1.718,-0.64662,5.16507507e-04
large_A_forward,Large A: forward,75,15,15,0,Field_-0.0015,-1.72 V,-1.718,-0.63662,5.10326540e-04
large_A_forward,Large A: forward,75,15,15,0,Field_-0.0015,-1.72 V,-1.718,-0.62662,4.97981007e-04
large_A_forward,Large A: forward,75,15,15,0,Field_-0.0015,-1.72 V,-1.718,-0.61662,4.80069267e-04
large_A_forward,Large A: forward,75,15,15,0,Field_-0.0015,-1.72 V,-1.718,-0.60662,4.58038116e-04
large_A_forward,Large A: forward,75,15,15,0,Field_-0.0015,-1.72 V,-1.718,-0.59662,4.33808066e-04
large_A_forward,Large A: forward,75,15,15,0,Field_-0.0015,-1.72 V,-1.718,-0.58662,4.09220585e-04
large_A_forward,Large A: forward,75,15,15,0,Field_-0.0015,-1.72 V,-1.718,-0.57662,3.85650197e-04
large_A_forward,Large A: forward,75,15,15,0,Field_-0.0015,-1.72 V,-1.718,-0.56662,3.63899273e-04
large_A_forward,Large A: forward,75,15,15,0,Field_-0.0015,-1.72 V,-1.718,-0.55662,3.44289343e-04
large_A_forward,Large A: forward,75,15,15,0,Field_-0.0015,-1.72 V,-1.718,-0.54662,3.26818502e-04
large_A_forward,Large A: forward,75,15,15,0,Field_-0.0015,-1.72 V,-1.718,-0.53662,3.11303676e-04
large_A_forward,Large A: forward,75,15,15,0,Field_-0.0015,-1.72 V,-1.718,-0.52662,2.97481114e-04
large_A_forward,Large A: forward,75,15,15,0,Field_-0.0015,-1.72 V,-1.718,-0.51662,2.85067677e-04
large_A_forward,Large A: forward,75,15,15,0,Field_-0.0015,-1.72 V,-1.718,-0.50662,2.73794255e-04
large_A_forward,Large A: forward,75,15,15,0,Field_-0.0015,-1.72 V,-1.718,-0.49662,2.63421915e-04
large_A_forward,Large A: forward,75,15,15,0,Field_-0.0015,-1.72 V,-1.718,-0.48662,2.53748274e-04
large_A_forward,Large A: forward,75,15,15,0,Field_-0.0015,-1.72 V,-1.718,-0.47662,2.44608618e-04
large_A_forward,Large A: forward,75,15,15,0,Field_-0.0015,-1.72 V,-1.718,-0.46662,2.35874292e-04
large_A_forward,Large A: forward,75,15,15,0,Field_-0.0015,-1.72 V,-1.718,-0.45662,2.27449646e-04
large_A_forward,Large A: forward,75,15,15,0,Field_-0.0015,-1.72 V,-1.718,-0.44662,2.19268203e-04
large_A_forward,Large A: forward,75,15,15,0,Field_-0.0015,-1.72 V,-1.718,-0.43662,2.11288380e-04
large_A_forward,Large A: forward,75,15,15,0,Field_-0.0015,-1.72 V,-1.718,-0.42662,2.03488991e-04
large_A_forward,Large A: forward,75,15,15,0,Field_-0.0015,-1.72 V,-1.718,-0.41662,1.95864749e-04
large_A_forward,Large A: forward,75,15,15,0,Field_-0.0015,-1.72 V,-1.718,-0.40662,1.88421951e-04
large_A_forward,Large A: forward,75,15,15,0,Field_-0.0015,-1.72 V,-1.718,-0.39662,1.81174535e-04
large_A_forward,Large A: forward,75,15,15,0,Field_-0.0015,-1.72 V,-1.718,-0.38662,1.74140660e-04
large_A_forward,Large A: forward,75,15,15,0,Field_-0.0015,-1.72 V,-1.718,-0.37662,1.67339902e-04
large_A_forward,Large A: forward,75,15,15,0,Field_-0.0015,-1.72 V,-1.718,-0.36662,1.60791103e-04
large_A_forward,Large A: forward,75,15,15,0,Field_-0.0015,-1.72 V,-1.718,-0.35662,1.54510858e-04
large_A_forward,Large A: forward,75,15,15,0,Field_-0.0015,-1.72 V,-1.718,-0.34662,1.48512563e-04
large_A_forward,Large A: forward,75,15,15,0,Field_-0.0015,-1.72 V,-1.718,-0.33662,1.42805952e-04
large_A_forward,Large A: forward,75,15,15,0,Field_-0.0015,-1.72 V,-1.718,-0.32662,1.37397001e-04
large_A_forward,Large A: forward,75,15,15,0,Field_-0.0015,-1.72 V,-1.718,-0.31662,1.32288104e-04
large_A_forward,Large A: forward,75,15,15,0,Field_-0.0015,-1.72 V,-1.718,-0.30662,1.27478429e-04
large_A_forward,Large A: forward,75,15,15,0,Field_-0.0015,-1.72 V,-1.718,-0.29662,1.22964369e-04
large_A_forward,Large A: forward,75,15,15,0,Field_-0.0015,-1.72 V,-1.718,-0.28662,1.18740041e-04
large_A_forward,Large A: forward,75,15,15,0,Field_-0.0015,-1.72 V,-1.718,-0.27662,1.14797777e-04
large_A_forward,Large A: forward,75,15,15,0,Field_-0.0015,-1.72 V,-1.718,-0.26662,1.11128588e-04
large_A_forward,Large A: forward,75,15,15,0,Field_-0.0015,-1.72 V,-1.718,-0.25662,1.07722579e-04
large_A_forward,Large A: forward,75,15,15,0,Field_-0.0015,-1.72 V,-1.718,-0.24662,1.04569304e-04
large_A_forward,Large A: forward,75,15,15,0,Field_-0.0015,-1.72 V,-1.718,-0.23662,1.01658074e-04
large_A_forward,Large A: forward,75,15,15,0,Field_-0.0015,-1.72 V,-1.718,-0.22662,9.89781967e-05
large_A_forward,Large A: forward,75,15,15,0,Field_-0.0015,-1.72 V,-1.718,-0.21662,9.65191808e-05
large_A_forward,Large A: forward,75,15,15,0,Field_-0.0015,-1.72 V,-1.718,-0.20662,9.42708834e-05
large_A_forward,Large A: forward,75,15,15,0,Field_-0.0015,-1.72 V,-1.718,-0.19662,9.22236281e-05
large_A_forward,Large A: forward,75,15,15,0,Field_-0.0015,-1.72 V,-1.718,-0.18662,9.03682897e-05
large_A_forward,Large A: forward,75,15,15,0,Field_-0.0015,-1.72 V,-1.718,-0.17662,8.86963538e-05
large_A_forward,Large A: forward,75,15,15,0,Field_-0.0015,-1.72 V,-1.718,-0.16662,8.71999572e-05
large_A_forward,Large A: forward,75,15,15,0,Field_-0.0015,-1.72 V,-1.718,-0.15662,8.58719128e-05
large_A_forward,Large A: forward,75,15,15,0,Field_-0.0015,-1.72 V,-1.718,-0.14662,8.47057231e-05
large_A_forward,Large A: forward,75,15,15,0,Field_-0.0015,-1.72 V,-1.718,-0.13662,8.36955861e-05
large_A_forward,Large A: forward,75,15,15,0,Field_-0.0015,-1.72 V,-1.718,-0.12662,8.28363954e-05
large_A_forward,Large A: forward,75,15,15,0,Field_-0.0015,-1.72 V,-1.718,-0.11662,8.21237373e-05
large_A_forward,Large A: forward,75,15,15,0,Field_-0.0015,-1.72 V,-1.718,-0.10662,8.15538863e-05
large_A_forward,Large A: forward,75,15,15,0,Field_-0.0015,-1.72 V,-1.718,-0.09662,8.11238010e-05
large_A_forward,Large A: forward,75,15,15,0,Field_-0.0015,-1.72 V,-1.718,-0.08662,8.08311208e-05
large_A_forward,Large A: forward,75,15,15,0,Field_-0.0015,-1.72 V,-1.718,-0.07662,8.06741653e-05
large_A_forward,Large A: forward,75,15,15,0,Field_-0.0015,-1.72 V,-1.718,-0.06662,8.06519362e-05
large_A_forward,Large A: forward,75,15,15,0,Field_-0.0015,-1.72 V,-1.718,-0.05662,8.07641231e-05
large_A_forward,Large A: forward,75,15,15,0,Field_-0.0015,-1.72 V,-1.718,-0.04662,8.10111134e-05
large_A_forward,Large A: forward,75,15,15,0,Field_-0.0015,-1.72 V,-1.718,-0.03662,8.13940072e-05
large_A_forward,Large A: forward,75,15,15,0,Field_-0.0015,-1.72 V,-1.718,-0.02662,8.19146369e-05
large_A_forward,Large A: forward,75,15,15,0,Field_-0.0015,-1.72 V,-1.718,-0.01662,8.25755918e-05
large_A_forward,Large A: forward,75,15,15,0,Field_-0.0015,-1.72 V,-1.718,-0.00662,8.33802492e-05
large_A_forward,Large A: forward,75,15,15,0,Field_-0.0015,-1.72 V,-1.718,0.00338,8.43042059e-05
large_A_forward,Large A: forward,75,15,15,0,Field_-0.0015,-1.72 V,-1.718,0.01338,8.53208604e-05
large_A_forward,Large A: forward,75,15,15,0,Field_-0.0015,-1.72 V,-1.718,0.02338,8.64312219e-05
large_A_forward,Large A: forward,75,15,15,0,Field_-0.0015,-1.72 V,-1.718,0.03338,8.76367145e-05
large_A_forward,Large A: forward,75,15,15,0,Field_-0.0015,-1.72 V,-1.718,0.04338,8.89391599e-05
large_A_forward,Large A: forward,75,15,15,0,Field_-0.0015,-1.72 V,-1.718,0.05338,9.03407498e-05
large_A_forward,Large A: forward,75,15,15,0,Field_-0.0015,-1.72 V,-1.718,0.06338,9.18440076e-05
large_A_forward,Large A: forward,75,15,15,0,Field_-0.0015,-1.72 V,-1.718,0.07338,9.34517366e-05
large_A_forward,Large A: forward,75,15,15,0,Field_-0.0015,-1.72 V,-1.718,0.08338,9.51669504e-05
large_A_forward,Large A: forward,75,15,15,0,Field_-0.0015,-1.72 V,-1.718,0.09338,9.69927838e-05
large_A_forward,Large A: forward,75,15,15,0,Field_-0.0015,-1.72 V,-1.718,0.10338,9.89323793e-05
large_A_forward,Large A: forward,75,15,15,0,Field_-0.0015,-1.72 V,-1.718,0.11338,1.00988749e-04
large_A_forward,Large A: forward,75,15,15,0,Field_-0.0015,-1.72 V,-1.718,0.12338,1.03164603e-04
large_A_forward,Large A: forward,75,15,15,0,Field_-0.0015,-1.72 V,-1.718,0.13338,1.05462152e-04
large_A_forward,Large A: forward,75,15,15,0,Field_-0.0015,-1.72 V,-1.718,0.14338,1.07882874e-04
large_A_forward,Large A: forward,75,15,15,0,Field_-0.0015,-1.72 V,-1.718,0.15338,1.10427253e-04
large_A_forward,Large A: forward,75,15,15,0,Field_-0.0015,-1.72 V,-1.718,0.16338,1.13094488e-04
large_A_forward,Large A: forward,75,15,15,0,Field_-0.0015,-1.72 V,-1.718,0.17338,1.15882192e-04
large_A_forward,Large A: forward,75,15,15,0,Field_-0.0015,-1.72 V,-1.718,0.18338,1.18786085e-04
large_A_forward,Large A: forward,75,15,15,0,Field_-0.0015,-1.72 V,-1.718,0.19338,1.21799702e-04
large_A_forward,Large A: forward,75,15,15,0,Field_-0.0015,-1.72 V,-1.718,0.20338,1.24914141e-04
large_A_forward,Large A: forward,75,15,15,0,Field_-0.0015,-1.72 V,-1.718,0.21338,1.28117886e-04
large_A_forward,Large A: forward,75,15,15,0,Field_-0.0015,-1.72 V,-1.718,0.22338,1.31396729e-04
large_A_forward,Large A: forward,75,15,15,0,Field_-0.0015,-1.72 V,-1.718,0.23338,1.34733828e-04
large_A_forward,Large A: forward,75,15,15,0,Field_-0.0015,-1.72 V,-1.718,0.24338,1.38109932e-04
large_A_forward,Large A: forward,75,15,15,0,Field_-0.0015,-1.72 V,-1.718,0.25338,1.41503780e-04
large_A_forward,Large A: forward,75,15,15,0,Field_-0.0015,-1.72 V,-1.718,0.26338,1.44892696e-04
large_A_forward,Large A: forward,75,15,15,0,Field_-0.0015,-1.72 V,-1.718,0.27338,1.48253344e-04
large_A_forward,Large A: forward,75,15,15,0,Field_-0.0015,-1.72 V,-1.718,0.28338,1.51562617e-04
large_A_forward,Large A: forward,75,15,15,0,Field_-0.0015,-1.72 V,-1.718,0.29338,1.54798598e-04
large_A_forward,Large A: forward,75,15,15,0,Field_-0.0015,-1.72 V,-1.718,0.30338,1.57941514e-04
large_A_forward,Large A: forward,75,15,15,0,Field_-0.0015,-1.72 V,-1.718,0.31338,1.60974612e-04
large_A_forward,Large A: forward,75,15,15,0,Field_-0.0015,-1.72 V,-1.718,0.32338,1.63884861e-04
large_A_forward,Large A: forward,75,15,15,0,Field_-0.0015,-1.72 V,-1.718,0.33338,1.66663445e-04
large_A_forward,Large A: forward,75,15,15,0,Field_-0.0015,-1.72 V,-1.718,0.34338,1.69305983e-04
large_A_forward,Large A: forward,75,15,15,0,Field_-0.0015,-1.72 V,-1.718,0.35338,1.71812483e-04
large_A_forward,Large A: forward,75,15,15,0,Field_-0.0015,-1.72 V,-1.718,0.36338,1.74187042e-04
large_A_forward,Large A: forward,75,15,15,0,Field_-0.0015,-1.72 V,-1.718,0.37338,1.76437351e-04
large_A_forward,Large A: forward,75,15,15,0,Field_-0.0015,-1.72 V,-1.718,0.38338,1.78574036e-04
large_A_forward,Large A: forward,75,15,15,0,Field_-0.0015,-1.72 V,-1.718,0.39338,1.80609934e-04
large_A_forward,Large A: forward,75,15,15,0,Field_-0.0015,-1.72 V,-1.718,0.40338,1.82559337e-04
large_A_forward,Large A: forward,75,15,15,0,Field_-0.0015,-1.72 V,-1.718,0.41338,1.84437277e-04
large_A_forward,Large A: forward,75,15,15,0,Field_-0.0015,-1.72 V,-1.718,0.42338,1.86258882e-04
large_A_forward,Large A: forward,75,15,15,0,Field_-0.0015,-1.72 V,-1.718,0.43338,1.88038826e-04
large_A_forward,Large A: forward,75,15,15,0,Field_-0.0015,-1.72 V,-1.718,0.44338,1.89790895e-04
large_A_forward,Large A: forward,75,15,15,0,Field_-0.0015,-1.72 V,-1.718,0.45338,1.91527655e-04
large_A_forward,Large A: forward,75,15,15,0,Field_-0.0015,-1.72 V,-1.718,0.46338,1.93260226e-04
large_A_forward,Large A: forward,75,15,15,0,Field_-0.0015,-1.72 V,-1.718,0.47338,1.94998139e-04
large_A_forward,Large A: forward,75,15,15,0,Field_-0.0015,-1.72 V,-1.718,0.48338,1.96749273e-04
large_A_forward,Large A: forward,75,15,15,0,Field_-0.0015,-1.72 V,-1.718,0.49338,1.98519846e-04
large_A_forward,Large A: forward,75,15,15,0,Field_-0.0015,-1.72 V,-1.718,0.50338,2.00314453e-04
large_A_forward,Large A: forward,75,15,15,0,Field_-0.0015,-1.72 V,-1.718,0.51338,2.02136134e-04
large_A_forward,Large A: forward,75,15,15,0,Field_-0.0015,-1.72 V,-1.718,0.52338,2.03986472e-04
large_A_forward,Large A: forward,75,15,15,0,Field_-0.0015,-1.72 V,-1.718,0.53338,2.05865705e-04
large_A_forward,Large A: forward,75,15,15,0,Field_-0.0015,-1.72 V,-1.718,0.54338,2.07772855e-04
large_A_forward,Large A: forward,75,15,15,0,Field_-0.0015,-1.72 V,-1.718,0.55338,2.09705875e-04
large_A_forward,Large A: forward,75,15,15,0,Field_-0.0015,-1.72 V,-1.718,0.56338,2.11661805e-04
large_A_forward,Large A: forward,75,15,15,0,Field_-0.0015,-1.72 V,-1.718,0.57338,2.13636959e-04
large_A_forward,Large A: forward,75,15,15,0,Field_-0.0015,-1.72 V,-1.718,0.58338,2.15627126e-04
large_A_forward,Large A: forward,75,15,15,0,Field_-0.0015,-1.72 V,-1.718,0.59338,2.17627816e-04
large_A_forward,Large A: forward,75,15,15,0,Field_-0.0015,-1.72 V,-1.718,0.60338,2.19634536e-04
large_A_forward,Large A: forward,75,15,15,0,Field_-0.0015,-1.72 V,-1.718,0.61338,2.21643123e-04
large_A_forward,Large A: forward,75,15,15,0,Field_-0.0015,-1.72 V,-1.718,0.62338,2.23650140e-04
large_A_forward,Large A: forward,75,15,15,0,Field_-0.0015,-1.72 V,-1.718,0.63338,2.25653337e-04
large_A_forward,Large A: forward,75,15,15,0,Field_-0.0015,-1.72 V,-1.718,0.64338,2.27652198e-04
large_A_forward,Large A: forward,75,15,15,0,Field_-0.0015,-1.72 V,-1.718,0.65338,2.29648574e-04
large_A_forward,Large A: forward,75,15,15,0,Field_-0.0015,-1.72 V,-1.718,0.66338,2.31647414e-04
large_A_forward,Large A: forward,75,15,15,0,Field_-0.0015,-1.72 V,-1.718,0.67338,2.33657593e-04
large_A_forward,Large A: forward,75,15,15,0,Field_-0.0015,-1.72 V,-1.718,0.68338,2.35692839e-04
large_A_forward,Large A: forward,75,15,15,0,Field_-0.0015,-1.72 V,-1.718,0.69338,2.37772745e-04
large_A_forward,Large A: forward,75,15,15,0,Field_-0.0015,-1.72 V,-1.718,0.70338,2.39923859e-04
large_A_forward,Large A: forward,75,15,15,0,Field_-0.0015,-1.72 V,-1.718,0.71338,2.42180818e-04
large_A_forward,Large A: forward,75,15,15,0,Field_-0.0015,-1.72 V,-1.718,0.72338,2.44587500e-04
large_A_forward,Large A: forward,75,15,15,0,Field_-0.0015,-1.72 V,-1.718,0.73338,2.47198152e-04
large_A_forward,Large A: forward,75,15,15,0,Field_-0.0015,-1.72 V,-1.718,0.74338,2.50078430e-04
large_A_forward,Large A: forward,75,15,15,0,Field_-0.0015,-1.72 V,-1.718,0.75338,2.53306310e-04
large_A_forward,Large A: forward,75,15,15,0,Field_-0.0015,-1.72 V,-1.718,0.76338,2.56972802e-04
large_A_forward,Large A: forward,75,15,15,0,Field_-0.0015,-1.72 V,-1.718,0.77338,2.61182410e-04
large_A_forward,Large A: forward,75,15,15,0,Field_-0.0015,-1.72 V,-1.718,0.78338,2.66053286e-04
large_A_forward,Large A: forward,75,15,15,0,Field_-0.0015,-1.72 V,-1.718,0.79338,2.71717054e-04
large_A_forward,Large A: forward,75,15,15,0,Field_-0.0015,-1.72 V,-1.718,0.80338,2.78318288e-04
large_A_forward,Large A: forward,75,15,15,0,Field_-0.0015,-1.72 V,-1.718,0.81338,2.86013658e-04
large_A_forward,Large A: forward,75,15,15,0,Field_-0.0015,-1.72 V,-1.718,0.82338,2.94970807e-04
large_A_forward,Large A: forward,75,15,15,0,Field_-0.0015,-1.72 V,-1.718,0.83338,3.05367021e-04
large_A_forward,Large A: forward,75,15,15,0,Field_-0.0015,-1.72 V,-1.718,0.84338,3.17387822e-04
large_A_forward,Large A: forward,75,15,15,0,Field_-0.0015,-1.72 V,-1.718,0.85338,3.31225609e-04
large_A_forward,Large A: forward,75,15,15,0,Field_-0.0015,-1.72 V,-1.718,0.86338,3.47078491e-04
large_A_forward,Large A: forward,75,15,15,0,Field_-0.0015,-1.72 V,-1.718,0.87338,3.65149476e-04
large_A_forward,Large A: forward,75,15,15,0,Field_-0.0015,-1.72 V,-1.718,0.88338,3.85646140e-04
large_A_forward,Large A: forward,75,15,15,0,Field_-0.0015,-1.72 V,-1.718,0.89338,4.08780911e-04
large_A_forward,Large A: forward,75,15,15,0,Field_-0.0015,-1.72 V,-1.718,0.90338,4.34772065e-04
large_A_forward,Large A: forward,75,15,15,0,Field_-0.0015,-1.72 V,-1.718,0.91338,4.63845493e-04
large_A_forward,Large A: forward,75,15,15,0,Field_-0.0015,-1.72 V,-1.718,0.92338,4.96237320e-04
large_A_forward,Large A: forward,75,15,15,0,Field_-0.0015,-1.72 V,-1.718,0.93338,5.32197377e-04
large_A_forward,Large A: forward,75,15,15,0,Field_-0.0015,-1.72 V,-1.718,0.94338,5.71993588e-04
large_A_forward,Large A: forward,75,15,15,0,Field_-0.0015,-1.72 V,-1.718,0.95338,6.15917310e-04
large_A_forward,Large A: forward,75,15,15,0,Field_-0.0015,-1.72 V,-1.718,0.96338,6.64289712e-04
large_A_forward,Large A: forward,75,15,15,0,Field_-0.0015,-1.72 V,-1.718,0.97338,7.17469328e-04
large_A_forward,Large A: forward,75,15,15,0,Field_-0.0015,-1.72 V,-1.718,0.98338,7.75860990e-04
large_A_forward,Large A: forward,75,15,15,0,Field_-0.0015,-1.72 V,-1.718,0.99338,8.39926472e-04
large_A_forward,Large A: forward,75,15,15,0,Field_-0.0015,-1.72 V,-1.718,1.00338,9.10669693e-04
large_A_forward,Large A: forward,75,15,15,0,Field_-0.0015,-1.72 V,-1.718,1.01338,9.89478786e-04
large_A_forward,Large A: forward,75,15,15,0,Field_-0.0015,-1.72 V,-1.718,1.02338,1.07759691e-03
large_A_forward,Large A: forward,75,15,15,0,Field_-0.0015,-1.72 V,-1.718,1.03338,1.17650998e-03
large_A_forward,Large A: forward,75,15,15,0,Field_-0.0015,-1.72 V,-1.718,1.04338,1.28800115e-03
large_A_forward,Large A: forward,75,15,15,0,Field_-0.0015,-1.72 V,-1.718,1.05338,1.41421913e-03
large_A_forward,Large A: forward,75,15,15,0,Field_-0.0015,-1.72 V,-1.718,1.06338,1.55776458e-03
large_A_forward,Large A: forward,75,15,15,0,Field_-0.0015,-1.72 V,-1.718,1.07338,1.72180032e-03
large_A_forward,Large A: forward,75,15,15,0,Field_-0.0015,-1.72 V,-1.718,1.08338,1.91019314e-03
large_A_forward,Large A: forward,75,15,15,0,Field_-0.0015,-1.72 V,-1.718,1.09338,2.12769799e-03
large_A_forward,Large A: forward,75,15,15,0,Field_-0.0015,-1.72 V,-1.718,1.10338,2.38019958e-03
large_A_forward,Large A: forward,75,15,15,0,Field_-0.0015,-1.72 V,-1.718,1.11338,2.67503261e-03
large_A_forward,Large A: forward,75,15,15,0,Field_-0.0015,-1.72 V,-1.718,1.12338,3.02141052e-03
large_A_forward,Large A: forward,75,15,15,0,Field_-0.0015,-1.72 V,-1.718,1.13338,3.43100626e-03
large_A_forward,Large A: forward,75,15,15,0,Field_-0.0015,-1.72 V,-1.718,1.14338,3.91874833e-03
large_A_forward,Large A: forward,75,15,15,0,Field_-0.0015,-1.72 V,-1.718,1.15338,4.50392591e-03
large_A_forward,Large A: forward,75,15,15,0,Field_-0.0015,-1.72 V,-1.718,1.16338,5.21174472e-03
large_A_forward,Large A: forward,75,15,15,0,Field_-0.0015,-1.72 V,-1.718,1.17338,6.07555074e-03
large_A_forward,Large A: forward,75,15,15,0,Field_-0.0015,-1.72 V,-1.718,1.18338,7.14006115e-03
large_A_forward,Large A: forward,75,15,15,0,Field_-0.0015,-1.72 V,-1.718,1.19338,8.46614400e-03
large_A_forward,Large A: forward,75,15,15,0,Field_-0.0015,-1.72 V,-1.718,1.20338,1.01380290e-02
large_A_forward,Large A: forward,75,15,15,0,Field_-0.0015,-1.72 V,-1.718,1.21338,1.22744215e-02
large_A_forward,Large A: forward,75,15,15,0,Field_-0.0015,-1.72 V,-1.718,1.22338,1.50460368e-02
large_A_forward,Large A: forward,75,15,15,0,Field_-0.0015,-1.72 V,-1.718,1.23338,1.87039667e-02
large_A_forward,Large A: forward,75,15,15,0,Field_-0.0015,-1.72 V,-1.718,1.24338,2.36268187e-02
large_A_forward,Large A: forward,75,15,15,0,Field_-0.0015,-1.72 V,-1.718,1.25338,3.04012397e-02
large_A_forward,Large A: forward,75,15,15,0,Field_-0.0015,-1.72 V,-1.718,1.26338,3.99631541e-02
large_A_forward,Large A: forward,75,15,15,0,Field_-0.0015,-1.72 V,-1.718,1.27338,5.38506324e-02
large_A_forward,Large A: forward,75,15,15,0,Field_-0.0015,-1.72 V,-1.718,1.28338,7.46577313e-02
large_A_forward,Large A: forward,75,15,15,0,Field_-0.0015,-1.72 V,-1.718,1.29338,1.06808632e-01
large_A_forward,Large A: forward,75,15,15,0,Field_-0.0015,-1.72 V,-1.718,1.30338,1.57586499e-01
large_A_forward,Large A: forward,75,15,15,0,Field_-0.0015,-1.72 V,-1.718,1.31338,2.36857123e-01
large_A_forward,Large A: forward,75,15,15,0,Field_-0.0015,-1.72 V,-1.718,1.32338,3.47714448e-01
large_A_forward,Large A: forward,75,15,15,0,Field_-0.0015,-1.72 V,-1.718,1.33338,4.54685316e-01
large_A_forward,Large A: forward,75,15,15,0,Field_-0.0015,-1.72 V,-1.718,1.34338,4.78231241e-01
large_A_forward,Large A: forward,75,15,15,0,Field_-0.0015,-1.72 V,-1.718,1.35338,4.06963198e-01
large_A_forward,Large A: forward,75,15,15,0,Field_-0.0015,-1.72 V,-1.718,1.36338,3.11398922e-01
large_A_forward,Large A: forward,75,15,15,0,Field_-0.0015,-1.72 V,-1.718,1.37338,2.33975132e-01
large_A_forward,Large A: forward,75,15,15,0,Field_-0.0015,-1.72 V,-1.718,1.38338,1.79439833e-01
large_A_forward,Large A: forward,75,15,15,0,Field_-0.0015,-1.72 V,-1.718,1.39338,1.41988943e-01
large_A_forward,Large A: forward,75,15,15,0,Field_-0.0015,-1.72 V,-1.718,1.40338,1.15941411e-01
large_A_forward,Large A: forward,75,15,15,0,Field_-0.0015,-1.72 V,-1.718,1.41338,9.73949434e-02
large_A_forward,Large A: forward,75,15,15,0,Field_-0.0015,-1.72 V,-1.718,1.42338,8.38636378e-02
large_A_forward,Large A: forward,75,15,15,0,Field_-0.0015,-1.72 V,-1.718,1.43338,7.37739779e-02
large_A_forward,Large A: forward,75,15,15,0,Field_-0.0015,-1.72 V,-1.718,1.44338,6.61140332e-02
large_A_forward,Large A: forward,75,15,15,0,Field_-0.0015,-1.72 V,-1.718,1.45338,6.02180818e-02
large_A_forward,Large A: forward,75,15,15,0,Field_-0.0015,-1.72 V,-1.718,1.46338,5.56377095e-02
large_A_forward,Large A: forward,75,15,15,0,Field_-0.0015,-1.72 V,-1.718,1.47338,5.20641826e-02
large_A_forward,Large A: forward,75,15,15,0,Field_-0.0015,-1.72 V,-1.718,1.48338,4.92808651e-02
large_A_forward,Large A: forward,75,15,15,0,Field_-0.0015,-1.72 V,-1.718,1.49338,4.71334256e-02
large_A_forward,Large A: forward,75,15,15,0,Field_-0.0015,-1.72 V,-1.718,1.50338,4.55107781e-02
large_A_forward,Large A: forward,75,15,15,0,Field_-0.0015,-1.72 V,-1.718,1.51338,4.43326473e-02
large_A_forward,Large A: forward,75,15,15,0,Field_-0.0015,-1.72 V,-1.718,1.52338,4.35413217e-02
large_A_forward,Large A: forward,75,15,15,0,Field_-0.0015,-1.72 V,-1.718,1.53338,4.30961194e-02
large_A_forward,Large A: forward,75,15,15,0,Field_-0.0015,-1.72 V,-1.718,1.54338,4.29696597e-02
large_A_forward,Large A: forward,75,15,15,0,Field_-0.0015,-1.72 V,-1.718,1.55338,4.31453721e-02
large_A_forward,Large A: forward,75,15,15,0,Field_-0.0015,-1.72 V,-1.718,1.56338,4.36158833e-02
large_A_forward,Large A: forward,75,15,15,0,Field_-0.0015,-1.72 V,-1.718,1.57338,4.43820568e-02
large_A_forward,Large A: forward,75,15,15,0,Field_-0.0015,-1.72 V,-1.718,1.58338,4.54525447e-02
large_A_forward,Large A: forward,75,15,15,0,Field_-0.0015,-1.72 V,-1.718,1.59338,4.68437708e-02
large_A_forward,Large A: forward,75,15,15,0,Field_-0.0015,-1.72 V,-1.718,1.60338,4.85803084e-02
large_A_forward,Large A: forward,75,15,15,0,Field_-0.0015,-1.72 V,-1.718,1.61338,5.06956473e-02
large_A_forward,Large A: forward,75,15,15,0,Field_-0.0015,-1.72 V,-1.718,1.62338,5.32333768e-02
large_A_forward,Large A: forward,75,15,15,0,Field_-0.0015,-1.72 V,-1.718,1.63338,5.62488352e-02
large_A_forward,Large A: forward,75,15,15,0,Field_-0.0015,-1.72 V,-1.718,1.64338,5.98113067e-02
large_A_forward,Large A: forward,75,15,15,0,Field_-0.0015,-1.72 V,-1.718,1.65338,6.40068702e-02
large_A_forward,Large A: forward,75,15,15,0,Field_-0.0015,-1.72 V,-1.718,1.66338,6.89420337e-02
large_A_forward,Large A: forward,75,15,15,0,Field_-0.0015,-1.72 V,-1.718,1.67338,7.47483033e-02
large_A_forward,Large A: forward,75,15,15,0,Field_-0.0015,-1.72 V,-1.718,1.68338,8.15878367e-02
large_A_forward,Large A: forward,75,15,15,0,Field_-0.0015,-1.72 V,-1.718,1.69338,8.96602812e-02
large_A_forward,Large A: forward,75,15,15,0,Field_-0.0015,-1.72 V,-1.718,1.70338,9.92107500e-02
large_A_forward,Large A: forward,75,15,15,0,Field_-0.0015,-1.72 V,-1.718,1.71338,1.10538539e-01
large_A_forward,Large A: forward,75,15,15,0,Field_-0.0015,-1.72 V,-1.718,1.72338,1.24005454e-01
large_A_forward,Large A: forward,75,15,15,0,Field_-0.0015,-1.72 V,-1.718,1.73338,1.40041159e-01
large_A_forward,Large A: forward,75,15,15,0,Field_-0.0015,-1.72 V,-1.718,1.74338,1.59140283e-01
large_A_forward,Large A: forward,75,15,15,0,Field_-0.0015,-1.72 V,-1.718,1.75338,1.81841288e-01
large_A_forward,Large A: forward,75,15,15,0,Field_-0.0015,-1.72 V,-1.718,1.76338,2.08669724e-01
large_A_forward,Large A: forward,75,15,15,0,Field_-0.0015,-1.72 V,-1.718,1.77338,2.40018662e-01
large_A_forward,Large A: forward,75,15,15,0,Field_-0.0015,-1.72 V,-1.718,1.78338,2.75931324e-01
large_A_forward,Large A: forward,75,15,15,0,Field_-0.0015,-1.72 V,-1.718,1.79338,3.15759604e-01
large_A_forward,Large A: forward,75,15,15,0,Field_-0.0015,-1.72 V,-1.718,1.80338,3.57727834e-01
large_A_forward,Large A: forward,75,15,15,0,Field_-0.0015,-1.72 V,-1.718,1.81338,3.98569044e-01
large_A_forward,Large A: forward,75,15,15,0,Field_-0.0015,-1.72 V,-1.718,1.82338,4.33594243e-01
large_A_forward,Large A: forward,75,15,15,0,Field_-0.0015,-1.72 V,-1.718,1.83338,4.57598970e-01
large_A_forward,Large A: forward,75,15,15,0,Field_-0.0015,-1.72 V,-1.718,1.84338,4.66578871e-01
large_A_forward,Large A: forward,75,15,15,0,Field_-0.0015,-1.72 V,-1.718,1.85338,4.59397074e-01
large_A_forward,Large A: forward,75,15,15,0,Field_-0.0015,-1.72 V,-1.718,1.86338,4.38220507e-01
large_A_forward,Large A: forward,75,15,15,0,Field_-0.0015,-1.72 V,-1.718,1.87338,4.07414987e-01
large_A_forward,Large A: forward,75,15,15,0,Field_-0.0015,-1.72 V,-1.718,1.88338,3.71791087e-01
large_A_forward,Large A: forward,75,15,15,0,Field_-0.0015,-1.72 V,-1.718,1.89338,3.35292703e-01
large_A_forward,Large A: forward,75,15,15,0,Field_-0.0015,-1.72 V,-1.718,1.90338,3.00520366e-01
large_A_forward,Large A: forward,75,15,15,0,Field_-0.0015,-1.72 V,-1.718,1.91338,2.68855674e-01
large_A_forward,Large A: forward,75,15,15,0,Field_-0.0015,-1.72 V,-1.718,1.92338,2.40813701e-01
large_A_forward,Large A: forward,75,15,15,0,Field_-0.0015,-1.72 V,-1.718,1.93338,2.16385322e-01
large_A_forward,Large A: forward,75,15,15,0,Field_-0.0015,-1.72 V,-1.718,1.94338,1.95701131e-01
large_A_forward,Large A: forward,75,15,15,0,Field_-0.0015,-1.72 V,-1.718,1.95338,1.78011990e-01
large_A_forward,Large A: forward,75,15,15,0,Field_-0.0015,-1.72 V,-1.718,1.96338,1.62243092e-01
large_A_forward,Large A: forward,75,15,15,0,Field_-0.0015,-1.72 V,-1.718,1.97338,1.49032473e-01
large_A_forward,Large A: forward,75,15,15,0,Field_-0.0015,-1.72 V,-1.718,1.98338,1.37879838e-01
large_A_forward,Large A: forward,75,15,15,0,Field_-0.0015,-1.72 V,-1.718,1.99338,1.29047441e-01
large_A_forward,Large A: forward,75,15,15,0,Field_-0.0015,-1.72 V,-1.718,2.00338,1.16299611e-01
large_A_forward,Large A: forward,75,15,15,0,Field_-0.0015,-1.72 V,-1.718,2.01338,1.11174689e-01
large_A_forward,Large A: forward,75,15,15,0,Field_-0.0015,-1.72 V,-1.718,2.02338,1.05271233e-01
large_A_forward,Large A: forward,75,15,15,0,Field_-0.0015,-1.72 V,-1.718,2.03338,1.00050676e-01
large_A_forward,Large A: forward,75,15,15,0,Field_-0.0015,-1.72 V,-1.718,2.04338,9.55296448e-02
large_A_forward,Large A: forward,75,15,15,0,Field_-0.0015,-1.72 V,-1.718,2.05338,9.16479446e-02
large_A_forward,Large A: forward,75,15,15,0,Field_-0.0015,-1.72 V,-1.718,2.06338,8.83412202e-02
large_A_forward,Large A: forward,75,15,15,0,Field_-0.0015,-1.72 V,-1.718,2.07338,8.55523046e-02
large_A_forward,Large A: forward,75,15,15,0,Field_-0.0015,-1.72 V,-1.718,2.08338,8.32330388e-02
large_A_forward,Large A: forward,75,15,15,0,Field_-0.0015,-1.72 V,-1.718,2.09338,8.13439876e-02
large_A_forward,Large A: forward,75,15,15,0,Field_-0.0015,-1.72 V,-1.718,2.10338,7.98536912e-02
large_A_forward,Large A: forward,75,15,15,0,Field_-0.0015,-1.72 V,-1.718,2.11338,7.87379035e-02
large_A_forward,Large A: forward,75,15,15,0,Field_-0.0015,-1.72 V,-1.718,2.12338,7.79789519e-02
large_A_forward,Large A: forward,75,15,15,0,Field_-0.0015,-1.72 V,-1.718,2.13338,7.75652578e-02
large_A_forward,Large A: forward,75,15,15,0,Field_-0.0015,-1.72 V,-1.718,2.14338,7.74910246e-02
large_A_forward,Large A: forward,75,15,15,0,Field_-0.0015,-1.72 V,-1.718,2.15338,7.77560926e-02
large_A_forward,Large A: forward,75,15,15,0,Field_-0.0015,-1.72 V,-1.718,2.16338,7.83659600e-02
large_A_forward,Large A: forward,75,15,15,0,Field_-0.0015,-1.72 V,-1.718,2.17338,7.93319706e-02
large_A_forward,Large A: forward,75,15,15,0,Field_-0.0015,-1.72 V,-1.718,2.18338,8.06716725e-02
large_A_forward,Large A: forward,75,15,15,0,Field_-0.0015,-1.72 V,-1.718,2.19338,8.24093501e-02
large_A_forward,Large A: forward,75,15,15,0,Field_-0.0015,-1.72 V,-1.718,2.20338,8.45767222e-02
large_A_forward,Large A: forward,75,15,15,0,Field_-0.0015,-1.72 V,-1.718,2.21338,8.72137676e-02
large_A_forward,Large A: forward,75,15,15,0,Field_-0.0015,-1.72 V,-1.718,2.22338,9.03695385e-02
large_A_forward,Large A: forward,75,15,15,0,Field_-0.0015,-1.72 V,-1.718,2.23338,9.41025211e-02
large_A_forward,Large A: forward,75,15,15,0,Field_-0.0015,-1.72 V,-1.718,2.24338,9.84790365e-02
large_A_forward,Large A: forward,75,15,15,0,Field_-0.0015,-1.72 V,-1.718,2.25338,1.03563570e-01
large_A_forward,Large A: forward,75,15,15,0,Field_-0.0015,-1.72 V,-1.718,2.26338,1.09366110e-01
large_A_forward,Large A: forward,75,15,15,0,Field_-0.0015,-1.72 V,-1.718,2.27338,1.15318737e-01
large_A_forward,Large A: forward,75,15,15,0,Field_-0.0015,-1.72 V,-1.718,2.28338,1.30697985e-01
large_A_forward,Large A: forward,75,15,15,0,Field_-0.0015,-1.72 V,-1.718,2.29338,1.36548283e-01
large_A_forward,Large A: forward,75,15,15,0,Field_-0.0015,-1.72 V,-1.718,2.30338,1.47420325e-01
large_A_forward,Large A: forward,75,15,15,0,Field_-0.0015,-1.72 V,-1.718,2.31338,1.60481901e-01
large_A_forward,Large A: forward,75,15,15,0,Field_-0.0015,-1.72 V,-1.718,2.32338,1.75805719e-01
large_A_forward,Large A: forward,75,15,15,0,Field_-0.0015,-1.72 V,-1.718,2.33338,1.93613548e-01
large_A_forward,Large A: forward,75,15,15,0,Field_-0.0015,-1.72 V,-1.718,2.34338,2.14094334e-01
large_A_forward,Large A: forward,75,15,15,0,Field_-0.0015,-1.72 V,-1.718,2.35338,2.37278778e-01
large_A_forward,Large A: forward,75,15,15,0,Field_-0.0015,-1.72 V,-1.718,2.36338,2.62863021e-01
large_A_forward,Large A: forward,75,15,15,0,Field_-0.0015,-1.72 V,-1.718,2.37338,2.89961361e-01
large_A_forward,Large A: forward,75,15,15,0,Field_-0.0015,-1.72 V,-1.718,2.38338,3.16824741e-01
large_A_forward,Large A: forward,75,15,15,0,Field_-0.0015,-1.72 V,-1.718,2.39338,3.40666430e-01
large_A_forward,Large A: forward,75,15,15,0,Field_-0.0015,-1.72 V,-1.718,2.40338,3.57865005e-01
large_A_forward,Large A: forward,75,15,15,0,Field_-0.0015,-1.72 V,-1.718,2.41338,3.64814610e-01
large_A_forward,Large A: forward,75,15,15,0,Field_-0.0015,-1.72 V,-1.718,2.42338,3.59398572e-01
large_A_forward,Large A: forward,75,15,15,0,Field_-0.0015,-1.72 V,-1.718,2.43338,3.19904666e-01
large_A_forward,Large A: forward,75,15,15,0,Field_-0.0015,-1.72 V,-1.718,2.44338,3.11972954e-01
large_A_forward,Large A: forward,75,15,15,0,Field_-0.0015,-1.72 V,-1.718,2.45338,2.79040236e-01
large_A_forward,Large A: forward,75,15,15,0,Field_-0.0015,-1.72 V,-1.718,2.46338,2.44406787e-01
large_A_forward,Large A: forward,75,15,15,0,Field_-0.0015,-1.72 V,-1.718,2.47338,2.11225589e-01
large_A_forward,Large A: forward,75,15,15,0,Field_-0.0015,-1.72 V,-1.718,2.48338,1.81217698e-01
large_A_forward,Large A: forward,75,15,15,0,Field_-0.0015,-1.72 V,-1.718,2.49338,1.55050772e-01
large_A_forward,Large A: forward,75,15,15,0,Field_-0.0015,-1.72 V,-1.718,2.50338,1.32734690e-01
large_A_forward,Large A: forward,75,15,15,0,Field_-0.0015,-1.72 V,-1.718,2.51338,1.13941136e-01
large_A_forward,Large A: forward,75,15,15,0,Field_-0.0015,-1.72 V,-1.718,2.52338,9.82110170e-02
large_A_forward,Large A: forward,75,15,15,0,Field_-0.0015,-1.72 V,-1.718,2.53338,8.50694017e-02
large_A_forward,Large A: forward,75,15,15,0,Field_-0.0015,-1.72 V,-1.718,2.54338,7.40799880e-02
large_A_forward,Large A: forward,75,15,15,0,Field_-0.0015,-1.72 V,-1.718,2.55338,6.48651959e-02
large_A_forward,Large A: forward,75,15,15,0,Field_-0.0015,-1.72 V,-1.718,2.56338,5.71087758e-02
large_A_forward,Large A: forward,75,15,15,0,Field_-0.0015,-1.72 V,-1.718,2.57338,5.05506178e-02
large_A_forward,Large A: forward,75,15,15,0,Field_-0.0015,-1.72 V,-1.718,2.58338,4.49788412e-02
large_A_forward,Large A: forward,75,15,15,0,Field_-0.0015,-1.72 V,-1.718,2.59338,4.02216070e-02
large_A_forward,Large A: forward,75,15,15,0,Field_-0.0015,-1.72 V,-1.718,2.60338,3.61396945e-02
large_A_forward,Large A: forward,75,15,15,0,Field_-0.0015,-1.72 V,-1.718,2.61338,3.26201809e-02
large_A_forward,Large A: forward,75,15,15,0,Field_-0.0015,-1.72 V,-1.718,2.62338,2.95712410e-02
large_A_forward,Large A: forward,75,15,15,0,Field_-0.0015,-1.72 V,-1.718,2.63338,2.69179473e-02
large_A_forward,Large A: forward,75,15,15,0,Field_-0.0015,-1.72 V,-1.718,2.64338,2.45989149e-02
large_A_forward,Large A: forward,75,15,15,0,Field_-0.0015,-1.72 V,-1.718,2.65338,2.25636350e-02
large_A_forward,Large A: forward,75,15,15,0,Field_-0.0015,-1.72 V,-1.718,2.66338,2.07703597e-02
large_A_forward,Large A: forward,75,15,15,0,Field_-0.0015,-1.72 V,-1.718,2.67338,1.91844240e-02
large_A_forward,Large A: forward,75,15,15,0,Field_-0.0015,-1.72 V,-1.718,2.68338,1.77769125e-02
large_A_forward,Large A: forward,75,15,15,0,Field_-0.0015,-1.72 V,-1.718,2.69338,1.65235966e-02
large_A_forward,Large A: forward,75,15,15,0,Field_-0.0015,-1.72 V,-1.718,2.70338,1.54040857e-02
large_A_forward,Large A: forward,75,15,15,0,Field_-0.0015,-1.72 V,-1.718,2.71338,1.44011450e-02
large_A_forward,Large A: forward,75,15,15,0,Field_-0.0015,-1.72 V,-1.718,2.72338,1.35001475e-02
large_A_forward,Large A: forward,75,15,15,0,Field_-0.0015,-1.72 V,-1.718,2.73338,1.26886290e-02
large_A_forward,Large A: forward,75,15,15,0,Field_-0.0015,-1.72 V,-1.718,2.74338,1.19559280e-02
large_A_forward,Large A: forward,75,15,15,0,Field_-0.0015,-1.72 V,-1.718,2.75338,1.12928914e-02
large_A_forward,Large A: forward,75,15,15,0,Field_-0.0015,-1.72 V,-1.718,2.76338,1.06916333e-02
large_A_forward,Large A: forward,75,15,15,0,Field_-0.0015,-1.72 V,-1.718,2.77338,1.01453367e-02
large_A_forward,Large A: forward,75,15,15,0,Field_-0.0015,-1.72 V,-1.718,2.78338,9.64809026e-03
large_A_forward,Large A: forward,75,15,15,0,Field_-0.0015,-1.72 V,-1.718,2.79338,9.19475210e-03
large_A_forward,Large A: forward,75,15,15,0,Field_-0.0015,-1.72 V,-1.718,2.80338,8.78083711e-03
large_A_forward,Large A: forward,75,15,15,0,Field_-0.0015,-1.72 V,-1.718,2.81338,8.40242254e-03
large_A_forward,Large A: forward,75,15,15,0,Field_-0.0015,-1.72 V,-1.718,2.82338,8.05606890e-03
large_A_forward,Large A: forward,75,15,15,0,Field_-0.0015,-1.72 V,-1.718,2.83338,7.73875353e-03
large_A_forward,Large A: forward,75,15,15,0,Field_-0.0015,-1.72 V,-1.718,2.84338,7.44781440e-03
large_A_forward,Large A: forward,75,15,15,0,Field_-0.0015,-1.72 V,-1.718,2.85338,7.18090269e-03
large_A_forward,Large A: forward,75,15,15,0,Field_-0.0015,-1.72 V,-1.718,2.86338,6.93594242e-03
large_A_forward,Large A: forward,75,15,15,0,Field_-0.0015,-1.72 V,-1.718,2.87338,6.71109621e-03
large_A_forward,Large A: forward,75,15,15,0,Field_-0.0015,-1.72 V,-1.718,2.88338,6.50473598e-03
large_A_forward,Large A: forward,75,15,15,0,Field_-0.0015,-1.72 V,-1.718,2.89338,6.31541794e-03
large_A_forward,Large A: forward,75,15,15,0,Field_-0.0015,-1.72 V,-1.718,2.90338,6.14186118e-03
large_A_forward,Large A: forward,75,15,15,0,Field_-0.0015,-1.72 V,-1.718,2.91338,5.98292934e-03
large_A_forward,Large A: forward,75,15,15,0,Field_-0.0015,-1.72 V,-1.718,2.92338,5.83761477e-03
large_A_forward,Large A: forward,75,15,15,0,Field_-0.0015,-1.72 V,-1.718,2.93338,5.70502507e-03
large_A_forward,Large A: forward,75,15,15,0,Field_-0.0015,-1.72 V,-1.718,2.94338,5.58437146e-03
large_A_forward,Large A: forward,75,15,15,0,Field_-0.0015,-1.72 V,-1.718,2.95338,5.47495879e-03
large_A_forward,Large A: forward,75,15,15,0,Field_-0.0015,-1.72 V,-1.718,2.96338,5.37617710e-03
large_A_forward,Large A: forward,75,15,15,0,Field_-0.0015,-1.72 V,-1.718,2.97338,5.28749437e-03
large_A_forward,Large A: forward,75,15,15,0,Field_-0.0015,-1.72 V,-1.718,2.98338,5.20845042e-03
large_A_forward,Large A: forward,75,15,15,0,Field_-0.0015,-1.72 V,-1.718,2.99338,5.13865184e-03
large_A_forward,Large A: forward,75,15,15,0,Field_0.0000,0 V,0.0,-2.00694,1.86875532e-02
large_A_forward,Large A: forward,75,15,15,0,Field_0.0000,0 V,0.0,-1.99694,1.90865623e-02
large_A_forward,Large A: forward,75,15,15,0,Field_0.0000,0 V,0.0,-1.98694,1.96542288e-02
large_A_forward,Large A: forward,75,15,15,0,Field_0.0000,0 V,0.0,-1.97694,2.04140174e-02
large_A_forward,Large A: forward,75,15,15,0,Field_0.0000,0 V,0.0,-1.96694,2.13987228e-02
large_A_forward,Large A: forward,75,15,15,0,Field_0.0000,0 V,0.0,-1.95694,2.26532903e-02
large_A_forward,Large A: forward,75,15,15,0,Field_0.0000,0 V,0.0,-1.94694,2.42391352e-02
large_A_forward,Large A: forward,75,15,15,0,Field_0.0000,0 V,0.0,-1.93694,2.62406769e-02
large_A_forward,Large A: forward,75,15,15,0,Field_0.0000,0 V,0.0,-1.92694,2.87752988e-02
large_A_forward,Large A: forward,75,15,15,0,Field_0.0000,0 V,0.0,-1.91694,3.20087758e-02
large_A_forward,Large A: forward,75,15,15,0,Field_0.0000,0 V,0.0,-1.90694,3.61796426e-02
large_A_forward,Large A: forward,75,15,15,0,Field_0.0000,0 V,0.0,-1.89694,4.16384995e-02
large_A_forward,Large A: forward,75,15,15,0,Field_0.0000,0 V,0.0,-1.88694,4.89126432e-02
large_A_forward,Large A: forward,75,15,15,0,Field_0.0000,0 V,0.0,-1.87694,5.88137230e-02
large_A_forward,Large A: forward,75,15,15,0,Field_0.0000,0 V,0.0,-1.86694,7.26162470e-02
large_A_forward,Large A: forward,75,15,15,0,Field_0.0000,0 V,0.0,-1.85694,9.23384537e-02
large_A_forward,Large A: forward,75,15,15,0,Field_0.0000,0 V,0.0,-1.84694,1.21097700e-01
large_A_forward,Large A: forward,75,15,15,0,Field_0.0000,0 V,0.0,-1.83694,1.63131677e-01
large_A_forward,Large A: forward,75,15,15,0,Field_0.0000,0 V,0.0,-1.82694,2.21509476e-01
large_A_forward,Large A: forward,75,15,15,0,Field_0.0000,0 V,0.0,-1.81694,2.88203896e-01
large_A_forward,Large A: forward,75,15,15,0,Field_0.0000,0 V,0.0,-1.80694,3.28729994e-01
large_A_forward,Large A: forward,75,15,15,0,Field_0.0000,0 V,0.0,-1.79694,3.06569651e-01
large_A_forward,Large A: forward,75,15,15,0,Field_0.0000,0 V,0.0,-1.78694,2.41444564e-01
large_A_forward,Large A: forward,75,15,15,0,Field_0.0000,0 V,0.0,-1.77694,1.76284034e-01
large_A_forward,Large A: forward,75,15,15,0,Field_0.0000,0 V,0.0,-1.76694,1.27840422e-01
large_A_forward,Large A: forward,75,15,15,0,Field_0.0000,0 V,0.0,-1.75694,9.49431775e-02
large_A_forward,Large A: forward,75,15,15,0,Field_0.0000,0 V,0.0,-1.74694,7.28901558e-02
large_A_forward,Large A: forward,75,15,15,0,Field_0.0000,0 V,0.0,-1.73694,5.79004425e-02
large_A_forward,Large A: forward,75,15,15,0,Field_0.0000,0 V,0.0,-1.72694,4.75034534e-02
large_A_forward,Large A: forward,75,15,15,0,Field_0.0000,0 V,0.0,-1.71694,4.01608291e-02
large_A_forward,Large A: forward,75,15,15,0,Field_0.0000,0 V,0.0,-1.70694,3.49168379e-02
large_A_forward,Large A: forward,75,15,15,0,Field_0.0000,0 V,0.0,-1.69694,3.11717118e-02
large_A_forward,Large A: forward,75,15,15,0,Field_0.0000,0 V,0.0,-1.68694,2.85466605e-02
large_A_forward,Large A: forward,75,15,15,0,Field_0.0000,0 V,0.0,-1.67694,2.68054339e-02
large_A_forward,Large A: forward,75,15,15,0,Field_0.0000,0 V,0.0,-1.66694,2.58095873e-02
large_A_forward,Large A: forward,75,15,15,0,Field_0.0000,0 V,0.0,-1.65694,2.54944257e-02
large_A_forward,Large A: forward,75,15,15,0,Field_0.0000,0 V,0.0,-1.64694,2.58587134e-02
large_A_forward,Large A: forward,75,15,15,0,Field_0.0000,0 V,0.0,-1.63694,2.69648357e-02
large_A_forward,Large A: forward,75,15,15,0,Field_0.0000,0 V,0.0,-1.62694,2.89479595e-02
large_A_forward,Large A: forward,75,15,15,0,Field_0.0000,0 V,0.0,-1.61694,3.20326311e-02
large_A_forward,Large A: forward,75,15,15,0,Field_0.0000,0 V,0.0,-1.60694,3.65514041e-02
large_A_forward,Large A: forward,75,15,15,0,Field_0.0000,0 V,0.0,-1.59694,4.29501813e-02
large_A_forward,Large A: forward,75,15,15,0,Field_0.0000,0 V,0.0,-1.58694,5.17604621e-02
large_A_forward,Large A: forward,75,15,15,0,Field_0.0000,0 V,0.0,-1.57694,6.36249469e-02
large_A_forward,Large A: forward,75,15,15,0,Field_0.0000,0 V,0.0,-1.56694,8.02903112e-02
large_A_forward,Large A: forward,75,15,15,0,Field_0.0000,0 V,0.0,-1.55694,1.17150734e-01
large_A_forward,Large A: forward,75,15,15,0,Field_0.0000,0 V,0.0,-1.54694,6.15076392e-02
large_A_forward,Large A: forward,75,15,15,0,Field_0.0000,0 V,0.0,-1.53694,7.27225270e-02
large_A_forward,Large A: forward,75,15,15,0,Field_0.0000,0 V,0.0,-1.52694,8.94321251e-02
large_A_forward,Large A: forward,75,15,15,0,Field_0.0000,0 V,0.0,-1.51694,1.02614234e-01
large_A_forward,Large A: forward,75,15,15,0,Field_0.0000,0 V,0.0,-1.50694,1.16057419e-01
large_A_forward,Large A: forward,75,15,15,0,Field_0.0000,0 V,0.0,-1.49694,1.30829486e-01
large_A_forward,Large A: forward,75,15,15,0,Field_0.0000,0 V,0.0,-1.48694,1.46984938e-01
large_A_forward,Large A: forward,75,15,15,0,Field_0.0000,0 V,0.0,-1.47694,1.64652553e-01
large_A_forward,Large A: forward,75,15,15,0,Field_0.0000,0 V,0.0,-1.46694,1.85012998e-01
large_A_forward,Large A: forward,75,15,15,0,Field_0.0000,0 V,0.0,-1.45694,2.09951583e-01
large_A_forward,Large A: forward,75,15,15,0,Field_0.0000,0 V,0.0,-1.44694,2.37666213e-01
large_A_forward,Large A: forward,75,15,15,0,Field_0.0000,0 V,0.0,-1.43694,2.49893690e-01
large_A_forward,Large A: forward,75,15,15,0,Field_0.0000,0 V,0.0,-1.42694,2.11397194e-01
large_A_forward,Large A: forward,75,15,15,0,Field_0.0000,0 V,0.0,-1.41694,1.34700932e-01
large_A_forward,Large A: forward,75,15,15,0,Field_0.0000,0 V,0.0,-1.40694,7.32267654e-02
large_A_forward,Large A: forward,75,15,15,0,Field_0.0000,0 V,0.0,-1.39694,3.92640724e-02
large_A_forward,Large A: forward,75,15,15,0,Field_0.0000,0 V,0.0,-1.38694,2.25791161e-02
large_A_forward,Large A: forward,75,15,15,0,Field_0.0000,0 V,0.0,-1.37694,1.54008081e-02
large_A_forward,Large A: forward,75,15,15,0,Field_0.0000,0 V,0.0,-1.36694,1.72098739e-02
large_A_forward,Large A: forward,75,15,15,0,Field_0.0000,0 V,0.0,-1.35694,9.99605816e-02
large_A_forward,Large A: forward,75,15,15,0,Field_0.0000,0 V,0.0,-1.34694,7.51695152e-02
large_A_forward,Large A: forward,75,15,15,0,Field_0.0000,0 V,0.0,-1.33694,1.19112778e-02
large_A_forward,Large A: forward,75,15,15,0,Field_0.0000,0 V,0.0,-1.32694,5.13658777e-03
large_A_forward,Large A: forward,75,15,15,0,Field_0.0000,0 V,0.0,-1.31694,2.94429673e-03
large_A_forward,Large A: forward,75,15,15,0,Field_0.0000,0 V,0.0,-1.30694,1.91344377e-03
large_A_forward,Large A: forward,75,15,15,0,Field_0.0000,0 V,0.0,-1.29694,1.33342343e-03
large_A_forward,Large A: forward,75,15,15,0,Field_0.0000,0 V,0.0,-1.28694,9.72093541e-04
large_A_forward,Large A: forward,75,15,15,0,Field_0.0000,0 V,0.0,-1.27694,7.31921745e-04
large_A_forward,Large A: forward,75,15,15,0,Field_0.0000,0 V,0.0,-1.26694,5.64920594e-04
large_A_forward,Large A: forward,75,15,15,0,Field_0.0000,0 V,0.0,-1.25694,4.44838319e-04
large_A_forward,Large A: forward,75,15,15,0,Field_0.0000,0 V,0.0,-1.24694,3.56196672e-04
large_A_forward,Large A: forward,75,15,15,0,Field_0.0000,0 V,0.0,-1.23694,2.89350847e-04
large_A_forward,Large A: forward,75,15,15,0,Field_0.0000,0 V,0.0,-1.22694,2.38030664e-04
large_A_forward,Large A: forward,75,15,15,0,Field_0.0000,0 V,0.0,-1.21694,1.98020372e-04
large_A_forward,Large A: forward,75,15,15,0,Field_0.0000,0 V,0.0,-1.20694,1.66406586e-04
large_A_forward,Large A: forward,75,15,15,0,Field_0.0000,0 V,0.0,-1.19694,1.41129162e-04
large_A_forward,Large A: forward,75,15,15,0,Field_0.0000,0 V,0.0,-1.18694,1.20702446e-04
large_A_forward,Large A: forward,75,15,15,0,Field_0.0000,0 V,0.0,-1.17694,1.04036677e-04
large_A_forward,Large A: forward,75,15,15,0,Field_0.0000,0 V,0.0,-1.16694,9.03204158e-05
large_A_forward,Large A: forward,75,15,15,0,Field_0.0000,0 V,0.0,-1.15694,7.89413380e-05
large_A_forward,Large A: forward,75,15,15,0,Field_0.0000,0 V,0.0,-1.14694,6.94317956e-05
large_A_forward,Large A: forward,75,15,15,0,Field_0.0000,0 V,0.0,-1.13694,6.14307226e-05
large_A_forward,Large A: forward,75,15,15,0,Field_0.0000,0 V,0.0,-1.12694,5.46565592e-05
large_A_forward,Large A: forward,75,15,15,0,Field_0.0000,0 V,0.0,-1.11694,4.88877314e-05
large_A_forward,Large A: forward,75,15,15,0,Field_0.0000,0 V,0.0,-1.10694,4.39483964e-05
large_A_forward,Large A: forward,75,15,15,0,Field_0.0000,0 V,0.0,-1.09694,3.96979092e-05
large_A_forward,Large A: forward,75,15,15,0,Field_0.0000,0 V,0.0,-1.08694,3.60229576e-05
large_A_forward,Large A: forward,75,15,15,0,Field_0.0000,0 V,0.0,-1.07694,3.28316283e-05
large_A_forward,Large A: forward,75,15,15,0,Field_0.0000,0 V,0.0,-1.06694,3.00488914e-05
large_A_forward,Large A: forward,75,15,15,0,Field_0.0000,0 V,0.0,-1.05694,2.76131322e-05
large_A_forward,Large A: forward,75,15,15,0,Field_0.0000,0 V,0.0,-1.04694,2.54734686e-05
large_A_forward,Large A: forward,75,15,15,0,Field_0.0000,0 V,0.0,-1.03694,2.35876590e-05
large_A_forward,Large A: forward,75,15,15,0,Field_0.0000,0 V,0.0,-1.02694,2.19204595e-05
large_A_forward,Large A: forward,75,15,15,0,Field_0.0000,0 V,0.0,-1.01694,2.04423257e-05
large_A_forward,Large A: forward,75,15,15,0,Field_0.0000,0 V,0.0,-1.00694,1.91283808e-05
large_A_forward,Large A: forward,75,15,15,0,Field_0.0000,0 V,0.0,-0.99694,1.79574610e-05
large_A_forward,Large A: forward,75,15,15,0,Field_0.0000,0 V,0.0,-0.98694,1.69106436e-05
large_A_forward,Large A: forward,75,15,15,0,Field_0.0000,0 V,0.0,-0.97694,1.59715577e-05
large_A_forward,Large A: forward,75,15,15,0,Field_0.0000,0 V,0.0,-0.96694,1.51263016e-05
large_A_forward,Large A: forward,75,15,15,0,Field_0.0000,0 V,0.0,-0.95694,1.43630181e-05
large_A_forward,Large A: forward,75,15,15,0,Field_0.0000,0 V,0.0,-0.94694,1.36715514e-05
large_A_forward,Large A: forward,75,15,15,0,Field_0.0000,0 V,0.0,-0.93694,1.30431694e-05
large_A_forward,Large A: forward,75,15,15,0,Field_0.0000,0 V,0.0,-0.92694,1.24703361e-05
large_A_forward,Large A: forward,75,15,15,0,Field_0.0000,0 V,0.0,-0.91694,1.19465259e-05
large_A_forward,Large A: forward,75,15,15,0,Field_0.0000,0 V,0.0,-0.90694,1.14660699e-05
large_A_forward,Large A: forward,75,15,15,0,Field_0.0000,0 V,0.0,-0.89694,1.10240298e-05
large_A_forward,Large A: forward,75,15,15,0,Field_0.0000,0 V,0.0,-0.88694,1.06160930e-05
large_A_forward,Large A: forward,75,15,15,0,Field_0.0000,0 V,0.0,-0.87694,1.02384861e-05
large_A_forward,Large A: forward,75,15,15,0,Field_0.0000,0 V,0.0,-0.86694,9.88790406e-06
large_A_forward,Large A: forward,75,15,15,0,Field_0.0000,0 V,0.0,-0.85694,9.56145164e-06
large_A_forward,Large A: forward,75,15,15,0,Field_0.0000,0 V,0.0,-0.84694,9.25659698e-06
large_A_forward,Large A: forward,75,15,15,0,Field_0.0000,0 V,0.0,-0.83694,8.97113507e-06
large_A_forward,Large A: forward,75,15,15,0,Field_0.0000,0 V,0.0,-0.82694,8.70316073e-06
large_A_forward,Large A: forward,75,15,15,0,Field_0.0000,0 V,0.0,-0.81694,8.45105085e-06
large_A_forward,Large A: forward,75,15,15,0,Field_0.0000,0 V,0.0,-0.80694,8.21345545e-06
large_A_forward,Large A: forward,75,15,15,0,Field_0.0000,0 V,0.0,-0.79694,7.98929816e-06
large_A_forward,Large A: forward,75,15,15,0,Field_0.0000,0 V,0.0,-0.78694,7.77778610e-06
large_A_forward,Large A: forward,75,15,15,0,Field_0.0000,0 V,0.0,-0.77694,7.57843001e-06
large_A_forward,Large A: forward,75,15,15,0,Field_0.0000,0 V,0.0,-0.76694,7.39107483e-06
large_A_forward,Large A: forward,75,15,15,0,Field_0.0000,0 V,0.0,-0.75694,7.21594098e-06
large_A_forward,Large A: forward,75,15,15,0,Field_0.0000,0 V,0.0,-0.74694,7.05367584e-06
large_A_forward,Large A: forward,75,15,15,0,Field_0.0000,0 V,0.0,-0.73694,6.90541378e-06
large_A_forward,Large A: forward,75,15,15,0,Field_0.0000,0 V,0.0,-0.72694,6.77284120e-06
large_A_forward,Large A: forward,75,15,15,0,Field_0.0000,0 V,0.0,-0.71694,6.65826069e-06
large_A_forward,Large A: forward,75,15,15,0,Field_0.0000,0 V,0.0,-0.70694,6.56464448e-06
large_A_forward,Large A: forward,75,15,15,0,Field_0.0000,0 V,0.0,-0.69694,6.49566385e-06
large_A_forward,Large A: forward,75,15,15,0,Field_0.0000,0 V,0.0,-0.68694,6.45567645e-06
large_A_forward,Large A: forward,75,15,15,0,Field_0.0000,0 V,0.0,-0.67694,6.44965104e-06
large_A_forward,Large A: forward,75,15,15,0,Field_0.0000,0 V,0.0,-0.66694,6.48300859e-06
large_A_forward,Large A: forward,75,15,15,0,Field_0.0000,0 V,0.0,-0.65694,6.56136445e-06
large_A_forward,Large A: forward,75,15,15,0,Field_0.0000,0 V,0.0,-0.64694,6.69016824e-06
large_A_forward,Large A: forward,75,15,15,0,Field_0.0000,0 V,0.0,-0.63694,6.87425888e-06
large_A_forward,Large A: forward,75,15,15,0,Field_0.0000,0 V,0.0,-0.62694,7.11737771e-06
large_A_forward,Large A: forward,75,15,15,0,Field_0.0000,0 V,0.0,-0.61694,7.42170777e-06
large_A_forward,Large A: forward,75,15,15,0,Field_0.0000,0 V,0.0,-0.60694,7.78752224e-06
large_A_forward,Large A: forward,75,15,15,0,Field_0.0000,0 V,0.0,-0.59694,8.21302076e-06
large_A_forward,Large A: forward,75,15,15,0,Field_0.0000,0 V,0.0,-0.58694,8.69440437e-06
large_A_forward,Large A: forward,75,15,15,0,Field_0.0000,0 V,0.0,-0.57694,9.22619322e-06
large_A_forward,Large A: forward,75,15,15,0,Field_0.0000,0 V,0.0,-0.56694,9.80173944e-06
large_A_forward,Large A: forward,75,15,15,0,Field_0.0000,0 V,0.0,-0.55694,1.04138476e-05
large_A_forward,Large A: forward,75,15,15,0,Field_0.0000,0 V,0.0,-0.54694,1.10553996e-05
large_A_forward,Large A: forward,75,15,15,0,Field_0.0000,0 V,0.0,-0.53694,1.17198939e-05
large_A_forward,Large A: forward,75,15,15,0,Field_0.0000,0 V,0.0,-0.52694,1.24018381e-05
large_A_forward,Large A: forward,75,15,15,0,Field_0.0000,0 V,0.0,-0.51694,1.30969762e-05
large_A_forward,Large A: forward,75,15,15,0,Field_0.0000,0 V,0.0,-0.50694,1.38023605e-05
large_A_forward,Large A: forward,75,15,15,0,Field_0.0000,0 V,0.0,-0.49694,1.45163028e-05
large_A_forward,Large A: forward,75,15,15,0,Field_0.0000,0 V,0.0,-0.48694,1.52382442e-05
large_A_forward,Large A: forward,75,15,15,0,Field_0.0000,0 V,0.0,-0.47694,1.59685842e-05
large_A_forward,Large A: forward,75,15,15,0,Field_0.0000,0 V,0.0,-0.46694,1.67084973e-05
large_A_forward,Large A: forward,75,15,15,0,Field_0.0000,0 V,0.0,-0.45694,1.74597599e-05
large_A_forward,Large A: forward,75,15,15,0,Field_0.0000,0 V,0.0,-0.44694,1.82245985e-05
large_A_forward,Large A: forward,75,15,15,0,Field_0.0000,0 V,0.0,-0.43694,1.90055641e-05
large_A_forward,Large A: forward,75,15,15,0,Field_0.0000,0 V,0.0,-0.42694,1.98054331e-05
large_A_forward,Large A: forward,75,15,15,0,Field_0.0000,0 V,0.0,-0.41694,2.06271323e-05
large_A_forward,Large A: forward,75,15,15,0,Field_0.0000,0 V,0.0,-0.40694,2.14736842e-05
large_A_forward,Large A: forward,75,15,15,0,Field_0.0000,0 V,0.0,-0.39694,2.23481677e-05
large_A_forward,Large A: forward,75,15,15,0,Field_0.0000,0 V,0.0,-0.38694,2.32536916e-05
large_A_forward,Large A: forward,75,15,15,0,Field_0.0000,0 V,0.0,-0.37694,2.41933764e-05
large_A_forward,Large A: forward,75,15,15,0,Field_0.0000,0 V,0.0,-0.36694,2.51703419e-05
large_A_forward,Large A: forward,75,15,15,0,Field_0.0000,0 V,0.0,-0.35694,2.61876983e-05
large_A_forward,Large A: forward,75,15,15,0,Field_0.0000,0 V,0.0,-0.34694,2.72485382e-05
large_A_forward,Large A: forward,75,15,15,0,Field_0.0000,0 V,0.0,-0.33694,2.83559295e-05
large_A_forward,Large A: forward,75,15,15,0,Field_0.0000,0 V,0.0,-0.32694,2.95129064e-05
large_A_forward,Large A: forward,75,15,15,0,Field_0.0000,0 V,0.0,-0.31694,3.07224584e-05
large_A_forward,Large A: forward,75,15,15,0,Field_0.0000,0 V,0.0,-0.30694,3.19875154e-05
large_A_forward,Large A: forward,75,15,15,0,Field_0.0000,0 V,0.0,-0.29694,3.33109304e-05
large_A_forward,Large A: forward,75,15,15,0,Field_0.0000,0 V,0.0,-0.28694,3.46954561e-05
large_A_forward,Large A: forward,75,15,15,0,Field_0.0000,0 V,0.0,-0.27694,3.61437173e-05
large_A_forward,Large A: forward,75,15,15,0,Field_0.0000,0 V,0.0,-0.26694,3.76581776e-05
large_A_forward,Large A: forward,75,15,15,0,Field_0.0000,0 V,0.0,-0.25694,3.92411005e-05
large_A_forward,Large A: forward,75,15,15,0,Field_0.0000,0 V,0.0,-0.24694,4.08945041e-05
large_A_forward,Large A: forward,75,15,15,0,Field_0.0000,0 V,0.0,-0.23694,4.26201109e-05
large_A_forward,Large A: forward,75,15,15,0,Field_0.0000,0 V,0.0,-0.22694,4.44192916e-05
large_A_forward,Large A: forward,75,15,15,0,Field_0.0000,0 V,0.0,-0.21694,4.62930042e-05
large_A_forward,Large A: forward,75,15,15,0,Field_0.0000,0 V,0.0,-0.20694,4.82417302e-05
large_A_forward,Large A: forward,75,15,15,0,Field_0.0000,0 V,0.0,-0.19694,5.02654083e-05
large_A_forward,Large A: forward,75,15,15,0,Field_0.0000,0 V,0.0,-0.18694,5.23633682e-05
large_A_forward,Large A: forward,75,15,15,0,Field_0.0000,0 V,0.0,-0.17694,5.45342672e-05
large_A_forward,Large A: forward,75,15,15,0,Field_0.0000,0 V,0.0,-0.16694,5.67760311e-05
large_A_forward,Large A: forward,75,15,15,0,Field_0.0000,0 V,0.0,-0.15694,5.90858050e-05
large_A_forward,Large A: forward,75,15,15,0,Field_0.0000,0 V,0.0,-0.14694,6.14599147e-05
large_A_forward,Large A: forward,75,15,15,0,Field_0.0000,0 V,0.0,-0.13694,6.38938440e-05
large_A_forward,Large A: forward,75,15,15,0,Field_0.0000,0 V,0.0,-0.12694,6.63822309e-05
large_A_forward,Large A: forward,75,15,15,0,Field_0.0000,0 V,0.0,-0.11694,6.89188851e-05
large_A_forward,Large A: forward,75,15,15,0,Field_0.0000,0 V,0.0,-0.10694,7.14968288e-05
large_A_forward,Large A: forward,75,15,15,0,Field_0.0000,0 V,0.0,-0.09694,7.41083636e-05
large_A_forward,Large A: forward,75,15,15,0,Field_0.0000,0 V,0.0,-0.08694,7.67451617e-05
large_A_forward,Large A: forward,75,15,15,0,Field_0.0000,0 V,0.0,-0.07694,7.93983812e-05
large_A_forward,Large A: forward,75,15,15,0,Field_0.0000,0 V,0.0,-0.06694,8.20588031e-05
large_A_forward,Large A: forward,75,15,15,0,Field_0.0000,0 V,0.0,-0.05694,8.47169843e-05
large_A_forward,Large A: forward,75,15,15,0,Field_0.0000,0 V,0.0,-0.04694,8.73634240e-05
large_A_forward,Large A: forward,75,15,15,0,Field_0.0000,0 V,0.0,-0.03694,8.99887341e-05
large_A_forward,Large A: forward,75,15,15,0,Field_0.0000,0 V,0.0,-0.02694,9.25838094e-05
large_A_forward,Large A: forward,75,15,15,0,Field_0.0000,0 V,0.0,-0.01694,9.51399886e-05
large_A_forward,Large A: forward,75,15,15,0,Field_0.0000,0 V,0.0,-0.00694,9.76492003e-05
large_A_forward,Large A: forward,75,15,15,0,Field_0.0000,0 V,0.0,0.00306,1.00149756e-04
large_A_forward,Large A: forward,75,15,15,0,Field_0.0000,0 V,0.0,0.01306,1.02681508e-04
large_A_forward,Large A: forward,75,15,15,0,Field_0.0000,0 V,0.0,0.02306,1.05239205e-04
large_A_forward,Large A: forward,75,15,15,0,Field_0.0000,0 V,0.0,0.03306,1.07817654e-04
large_A_forward,Large A: forward,75,15,15,0,Field_0.0000,0 V,0.0,0.04306,1.10411819e-04
large_A_forward,Large A: forward,75,15,15,0,Field_0.0000,0 V,0.0,0.05306,1.13016913e-04
large_A_forward,Large A: forward,75,15,15,0,Field_0.0000,0 V,0.0,0.06306,1.15628487e-04
large_A_forward,Large A: forward,75,15,15,0,Field_0.0000,0 V,0.0,0.07306,1.18242504e-04
large_A_forward,Large A: forward,75,15,15,0,Field_0.0000,0 V,0.0,0.08306,1.20855404e-04
large_A_forward,Large A: forward,75,15,15,0,Field_0.0000,0 V,0.0,0.09306,1.23464147e-04
large_A_forward,Large A: forward,75,15,15,0,Field_0.0000,0 V,0.0,0.10306,1.26066250e-04
large_A_forward,Large A: forward,75,15,15,0,Field_0.0000,0 V,0.0,0.11306,1.28659797e-04
large_A_forward,Large A: forward,75,15,15,0,Field_0.0000,0 V,0.0,0.12306,1.31243436e-04
large_A_forward,Large A: forward,75,15,15,0,Field_0.0000,0 V,0.0,0.13306,1.33816360e-04
large_A_forward,Large A: forward,75,15,15,0,Field_0.0000,0 V,0.0,0.14306,1.36378275e-04
large_A_forward,Large A: forward,75,15,15,0,Field_0.0000,0 V,0.0,0.15306,1.38929360e-04
large_A_forward,Large A: forward,75,15,15,0,Field_0.0000,0 V,0.0,0.16306,1.41470208e-04
large_A_forward,Large A: forward,75,15,15,0,Field_0.0000,0 V,0.0,0.17306,1.44001776e-04
large_A_forward,Large A: forward,75,15,15,0,Field_0.0000,0 V,0.0,0.18306,1.46525324e-04
large_A_forward,Large A: forward,75,15,15,0,Field_0.0000,0 V,0.0,0.19306,1.49042358e-04
large_A_forward,Large A: forward,75,15,15,0,Field_0.0000,0 V,0.0,0.20306,1.51554579e-04
large_A_forward,Large A: forward,75,15,15,0,Field_0.0000,0 V,0.0,0.21306,1.54063835e-04
large_A_forward,Large A: forward,75,15,15,0,Field_0.0000,0 V,0.0,0.22306,1.56572086e-04
large_A_forward,Large A: forward,75,15,15,0,Field_0.0000,0 V,0.0,0.23306,1.59081375e-04
large_A_forward,Large A: forward,75,15,15,0,Field_0.0000,0 V,0.0,0.24306,1.61593812e-04
large_A_forward,Large A: forward,75,15,15,0,Field_0.0000,0 V,0.0,0.25306,1.64111571e-04
large_A_forward,Large A: forward,75,15,15,0,Field_0.0000,0 V,0.0,0.26306,1.66636894e-04
large_A_forward,Large A: forward,75,15,15,0,Field_0.0000,0 V,0.0,0.27306,1.69172109e-04
large_A_forward,Large A: forward,75,15,15,0,Field_0.0000,0 V,0.0,0.28306,1.71719655e-04
large_A_forward,Large A: forward,75,15,15,0,Field_0.0000,0 V,0.0,0.29306,1.74282116e-04
large_A_forward,Large A: forward,75,15,15,0,Field_0.0000,0 V,0.0,0.30306,1.76862261e-04
large_A_forward,Large A: forward,75,15,15,0,Field_0.0000,0 V,0.0,0.31306,1.79463087e-04
large_A_forward,Large A: forward,75,15,15,0,Field_0.0000,0 V,0.0,0.32306,1.82087863e-04
large_A_forward,Large A: forward,75,15,15,0,Field_0.0000,0 V,0.0,0.33306,1.84740181e-04
large_A_forward,Large A: forward,75,15,15,0,Field_0.0000,0 V,0.0,0.34306,1.87423992e-04
large_A_forward,Large A: forward,75,15,15,0,Field_0.0000,0 V,0.0,0.35306,1.90143656e-04
large_A_forward,Large A: forward,75,15,15,0,Field_0.0000,0 V,0.0,0.36306,1.92903972e-04
large_A_forward,Large A: forward,75,15,15,0,Field_0.0000,0 V,0.0,0.37306,1.95710212e-04
large_A_forward,Large A: forward,75,15,15,0,Field_0.0000,0 V,0.0,0.38306,1.98568148e-04
large_A_forward,Large A: forward,75,15,15,0,Field_0.0000,0 V,0.0,0.39306,2.01484068e-04
large_A_forward,Large A: forward,75,15,15,0,Field_0.0000,0 V,0.0,0.40306,2.04464795e-04
large_A_forward,Large A: forward,75,15,15,0,Field_0.0000,0 V,0.0,0.41306,2.07517694e-04
large_A_forward,Large A: forward,75,15,15,0,Field_0.0000,0 V,0.0,0.42306,2.10650682e-04
large_A_forward,Large A: forward,75,15,15,0,Field_0.0000,0 V,0.0,0.43306,2.13872228e-04
large_A_forward,Large A: forward,75,15,15,0,Field_0.0000,0 V,0.0,0.44306,2.17191368e-04
large_A_forward,Large A: forward,75,15,15,0,Field_0.0000,0 V,0.0,0.45306,2.20617702e-04
large_A_forward,Large A: forward,75,15,15,0,Field_0.0000,0 V,0.0,0.46306,2.24161420e-04
large_A_forward,Large A: forward,75,15,15,0,Field_0.0000,0 V,0.0,0.47306,2.27833318e-04
large_A_forward,Large A: forward,75,15,15,0,Field_0.0000,0 V,0.0,0.48306,2.31644835e-04
large_A_forward,Large A: forward,75,15,15,0,Field_0.0000,0 V,0.0,0.49306,2.35608108e-04
large_A_forward,Large A: forward,75,15,15,0,Field_0.0000,0 V,0.0,0.50306,2.39736043e-04
large_A_forward,Large A: forward,75,15,15,0,Field_0.0000,0 V,0.0,0.51306,2.44042418e-04
large_A_forward,Large A: forward,75,15,15,0,Field_0.0000,0 V,0.0,0.52306,2.48542020e-04
large_A_forward,Large A: forward,75,15,15,0,Field_0.0000,0 V,0.0,0.53306,2.53250817e-04
large_A_forward,Large A: forward,75,15,15,0,Field_0.0000,0 V,0.0,0.54306,2.58186194e-04
large_A_forward,Large A: forward,75,15,15,0,Field_0.0000,0 V,0.0,0.55306,2.63367238e-04
large_A_forward,Large A: forward,75,15,15,0,Field_0.0000,0 V,0.0,0.56306,2.68815119e-04
large_A_forward,Large A: forward,75,15,15,0,Field_0.0000,0 V,0.0,0.57306,2.74553547e-04
large_A_forward,Large A: forward,75,15,15,0,Field_0.0000,0 V,0.0,0.58306,2.80609360e-04
large_A_forward,Large A: forward,75,15,15,0,Field_0.0000,0 V,0.0,0.59306,2.87013247e-04
large_A_forward,Large A: forward,75,15,15,0,Field_0.0000,0 V,0.0,0.60306,2.93800645e-04
large_A_forward,Large A: forward,75,15,15,0,Field_0.0000,0 V,0.0,0.61306,3.01012842e-04
large_A_forward,Large A: forward,75,15,15,0,Field_0.0000,0 V,0.0,0.62306,3.08698335e-04
large_A_forward,Large A: forward,75,15,15,0,Field_0.0000,0 V,0.0,0.63306,3.16914483e-04
large_A_forward,Large A: forward,75,15,15,0,Field_0.0000,0 V,0.0,0.64306,3.25729517e-04
large_A_forward,Large A: forward,75,15,15,0,Field_0.0000,0 V,0.0,0.65306,3.35224972e-04
large_A_forward,Large A: forward,75,15,15,0,Field_0.0000,0 V,0.0,0.66306,3.45498612e-04
large_A_forward,Large A: forward,75,15,15,0,Field_0.0000,0 V,0.0,0.67306,3.56667909e-04
large_A_forward,Large A: forward,75,15,15,0,Field_0.0000,0 V,0.0,0.68306,3.68874181e-04
large_A_forward,Large A: forward,75,15,15,0,Field_0.0000,0 V,0.0,0.69306,3.82287436e-04
large_A_forward,Large A: forward,75,15,15,0,Field_0.0000,0 V,0.0,0.70306,3.97112012e-04
large_A_forward,Large A: forward,75,15,15,0,Field_0.0000,0 V,0.0,0.71306,4.13593059e-04
large_A_forward,Large A: forward,75,15,15,0,Field_0.0000,0 V,0.0,0.72306,4.32023892e-04
large_A_forward,Large A: forward,75,15,15,0,Field_0.0000,0 V,0.0,0.73306,4.52754223e-04
large_A_forward,Large A: forward,75,15,15,0,Field_0.0000,0 V,0.0,0.74306,4.76199218e-04
large_A_forward,Large A: forward,75,15,15,0,Field_0.0000,0 V,0.0,0.75306,5.02849306e-04
large_A_forward,Large A: forward,75,15,15,0,Field_0.0000,0 V,0.0,0.76306,5.33280588e-04
large_A_forward,Large A: forward,75,15,15,0,Field_0.0000,0 V,0.0,0.77306,5.68165690e-04
large_A_forward,Large A: forward,75,15,15,0,Field_0.0000,0 V,0.0,0.78306,6.08284877e-04
large_A_forward,Large A: forward,75,15,15,0,Field_0.0000,0 V,0.0,0.79306,6.54537290e-04
large_A_forward,Large A: forward,75,15,15,0,Field_0.0000,0 V,0.0,0.80306,7.07952278e-04
large_A_forward,Large A: forward,75,15,15,0,Field_0.0000,0 V,0.0,0.81306,7.69700985e-04
large_A_forward,Large A: forward,75,15,15,0,Field_0.0000,0 V,0.0,0.82306,8.41108660e-04
large_A_forward,Large A: forward,75,15,15,0,Field_0.0000,0 V,0.0,0.83306,9.23668564e-04
large_A_forward,Large A: forward,75,15,15,0,Field_0.0000,0 V,0.0,0.84306,1.01905885e-03
large_A_forward,Large A: forward,75,15,15,0,Field_0.0000,0 V,0.0,0.85306,1.12916439e-03
large_A_forward,Large A: forward,75,15,15,0,Field_0.0000,0 V,0.0,0.86306,1.25610614e-03
large_A_forward,Large A: forward,75,15,15,0,Field_0.0000,0 V,0.0,0.87306,1.40228129e-03
large_A_forward,Large A: forward,75,15,15,0,Field_0.0000,0 V,0.0,0.88306,1.57041810e-03
large_A_forward,Large A: forward,75,15,15,0,Field_0.0000,0 V,0.0,0.89306,1.76365004e-03
large_A_forward,Large A: forward,75,15,15,0,Field_0.0000,0 V,0.0,0.90306,1.98561480e-03
large_A_forward,Large A: forward,75,15,15,0,Field_0.0000,0 V,0.0,0.91306,2.24058472e-03
large_A_forward,Large A: forward,75,15,15,0,Field_0.0000,0 V,0.0,0.92306,2.53363730e-03
large_A_forward,Large A: forward,75,15,15,0,Field_0.0000,0 V,0.0,0.93306,2.87087670e-03
large_A_forward,Large A: forward,75,15,15,0,Field_0.0000,0 V,0.0,0.94306,3.25972134e-03
large_A_forward,Large A: forward,75,15,15,0,Field_0.0000,0 V,0.0,0.95306,3.70927855e-03
large_A_forward,Large A: forward,75,15,15,0,Field_0.0000,0 V,0.0,0.96306,4.23083569e-03
large_A_forward,Large A: forward,75,15,15,0,Field_0.0000,0 V,0.0,0.97306,4.83850977e-03
large_A_forward,Large A: forward,75,15,15,0,Field_0.0000,0 V,0.0,0.98306,5.55011578e-03
large_A_forward,Large A: forward,75,15,15,0,Field_0.0000,0 V,0.0,0.99306,6.38834057e-03
large_A_forward,Large A: forward,75,15,15,0,Field_0.0000,0 V,0.0,1.00306,7.38863836e-03
large_A_forward,Large A: forward,75,15,15,0,Field_0.0000,0 V,0.0,1.01306,8.59856904e-03
large_A_forward,Large A: forward,75,15,15,0,Field_0.0000,0 V,0.0,1.02306,1.00739224e-02
large_A_forward,Large A: forward,75,15,15,0,Field_0.0000,0 V,0.0,1.03306,1.18880836e-02
large_A_forward,Large A: forward,75,15,15,0,Field_0.0000,0 V,0.0,1.04306,1.41379767e-02
large_A_forward,Large A: forward,75,15,15,0,Field_0.0000,0 V,0.0,1.05306,1.69516465e-02
large_A_forward,Large A: forward,75,15,15,0,Field_0.0000,0 V,0.0,1.06306,2.04971416e-02
large_A_forward,Large A: forward,75,15,15,0,Field_0.0000,0 V,0.0,1.07306,2.49908697e-02
large_A_forward,Large A: forward,75,15,15,0,Field_0.0000,0 V,0.0,1.08306,3.06998467e-02
large_A_forward,Large A: forward,75,15,15,0,Field_0.0000,0 V,0.0,1.09306,3.79239426e-02
large_A_forward,Large A: forward,75,15,15,0,Field_0.0000,0 V,0.0,1.10306,4.69285279e-02
large_A_forward,Large A: forward,75,15,15,0,Field_0.0000,0 V,0.0,1.11306,5.77774353e-02
large_A_forward,Large A: forward,75,15,15,0,Field_0.0000,0 V,0.0,1.12306,7.00195180e-02
large_A_forward,Large A: forward,75,15,15,0,Field_0.0000,0 V,0.0,1.13306,8.22970606e-02
large_A_forward,Large A: forward,75,15,15,0,Field_0.0000,0 V,0.0,1.14306,9.22551260e-02
large_A_forward,Large A: forward,75,15,15,0,Field_0.0000,0 V,0.0,1.15306,9.73360556e-02
large_A_forward,Large A: forward,75,15,15,0,Field_0.0000,0 V,0.0,1.16306,9.63077161e-02
large_A_forward,Large A: forward,75,15,15,0,Field_0.0000,0 V,0.0,1.17306,9.00800145e-02
large_A_forward,Large A: forward,75,15,15,0,Field_0.0000,0 V,0.0,1.18306,8.08883786e-02
large_A_forward,Large A: forward,75,15,15,0,Field_0.0000,0 V,0.0,1.19306,7.08916445e-02
large_A_forward,Large A: forward,75,15,15,0,Field_0.0000,0 V,0.0,1.20306,6.14545664e-02
large_A_forward,Large A: forward,75,15,15,0,Field_0.0000,0 V,0.0,1.21306,5.31775943e-02
large_A_forward,Large A: forward,75,15,15,0,Field_0.0000,0 V,0.0,1.22306,4.61877276e-02
large_A_forward,Large A: forward,75,15,15,0,Field_0.0000,0 V,0.0,1.23306,4.03890589e-02
large_A_forward,Large A: forward,75,15,15,0,Field_0.0000,0 V,0.0,1.24306,3.56093745e-02
large_A_forward,Large A: forward,75,15,15,0,Field_0.0000,0 V,0.0,1.25306,3.16695182e-02
large_A_forward,Large A: forward,75,15,15,0,Field_0.0000,0 V,0.0,1.26306,2.84102617e-02
large_A_forward,Large A: forward,75,15,15,0,Field_0.0000,0 V,0.0,1.27306,2.56992700e-02
large_A_forward,Large A: forward,75,15,15,0,Field_0.0000,0 V,0.0,1.28306,2.34299483e-02
large_A_forward,Large A: forward,75,15,15,0,Field_0.0000,0 V,0.0,1.29306,2.15176233e-02
large_A_forward,Large A: forward,75,15,15,0,Field_0.0000,0 V,0.0,1.30306,1.98953454e-02
large_A_forward,Large A: forward,75,15,15,0,Field_0.0000,0 V,0.0,1.31306,1.85101452e-02
large_A_forward,Large A: forward,75,15,15,0,Field_0.0000,0 V,0.0,1.32306,1.73199623e-02
large_A_forward,Large A: forward,75,15,15,0,Field_0.0000,0 V,0.0,1.33306,1.62912214e-02
large_A_forward,Large A: forward,75,15,15,0,Field_0.0000,0 V,0.0,1.34306,1.53969567e-02
large_A_forward,Large A: forward,75,15,15,0,Field_0.0000,0 V,0.0,1.35306,1.46153744e-02
large_A_forward,Large A: forward,75,15,15,0,Field_0.0000,0 V,0.0,1.36306,1.39287539e-02
large_A_forward,Large A: forward,75,15,15,0,Field_0.0000,0 V,0.0,1.37306,1.33226084e-02
large_A_forward,Large A: forward,75,15,15,0,Field_0.0000,0 V,0.0,1.38306,1.27850421e-02
large_A_forward,Large A: forward,75,15,15,0,Field_0.0000,0 V,0.0,1.39306,1.23062551e-02
large_A_forward,Large A: forward,75,15,15,0,Field_0.0000,0 V,0.0,1.40306,1.18781604e-02
large_A_forward,Large A: forward,75,15,15,0,Field_0.0000,0 V,0.0,1.41306,1.14940843e-02
large_A_forward,Large A: forward,75,15,15,0,Field_0.0000,0 V,0.0,1.42306,1.11485287e-02
large_A_forward,Large A: forward,75,15,15,0,Field_0.0000,0 V,0.0,1.43306,1.08369808e-02
large_A_forward,Large A: forward,75,15,15,0,Field_0.0000,0 V,0.0,1.44306,1.05557568e-02
large_A_forward,Large A: forward,75,15,15,0,Field_0.0000,0 V,0.0,1.45306,1.03018722e-02
large_A_forward,Large A: forward,75,15,15,0,Field_0.0000,0 V,0.0,1.46306,1.00729315e-02
large_A_forward,Large A: forward,75,15,15,0,Field_0.0000,0 V,0.0,1.47306,9.86703406e-03
large_A_forward,Large A: forward,75,15,15,0,Field_0.0000,0 V,0.0,1.48306,9.68269333e-03
large_A_forward,Large A: forward,75,15,15,0,Field_0.0000,0 V,0.0,1.49306,9.51876651e-03
large_A_forward,Large A: forward,75,15,15,0,Field_0.0000,0 V,0.0,1.50306,9.37439526e-03
large_A_forward,Large A: forward,75,15,15,0,Field_0.0000,0 V,0.0,1.51306,9.24895551e-03
large_A_forward,Large A: forward,75,15,15,0,Field_0.0000,0 V,0.0,1.52306,9.14201643e-03
large_A_forward,Large A: forward,75,15,15,0,Field_0.0000,0 V,0.0,1.53306,9.05330763e-03
large_A_forward,Large A: forward,75,15,15,0,Field_0.0000,0 V,0.0,1.54306,8.98269419e-03
large_A_forward,Large A: forward,75,15,15,0,Field_0.0000,0 V,0.0,1.55306,8.93015864e-03
large_A_forward,Large A: forward,75,15,15,0,Field_0.0000,0 V,0.0,1.56306,8.89578928e-03
large_A_forward,Large A: forward,75,15,15,0,Field_0.0000,0 V,0.0,1.57306,8.87977393e-03
large_A_forward,Large A: forward,75,15,15,0,Field_0.0000,0 V,0.0,1.58306,8.88239843e-03
large_A_forward,Large A: forward,75,15,15,0,Field_0.0000,0 V,0.0,1.59306,8.90404927e-03
large_A_forward,Large A: forward,75,15,15,0,Field_0.0000,0 V,0.0,1.60306,8.94521972e-03
large_A_forward,Large A: forward,75,15,15,0,Field_0.0000,0 V,0.0,1.61306,9.00651911e-03
large_A_forward,Large A: forward,75,15,15,0,Field_0.0000,0 V,0.0,1.62306,9.08868505e-03
large_A_forward,Large A: forward,75,15,15,0,Field_0.0000,0 V,0.0,1.63306,9.19259830e-03
large_A_forward,Large A: forward,75,15,15,0,Field_0.0000,0 V,0.0,1.64306,9.31930067e-03
large_A_forward,Large A: forward,75,15,15,0,Field_0.0000,0 V,0.0,1.65306,9.47001578e-03
large_A_forward,Large A: forward,75,15,15,0,Field_0.0000,0 V,0.0,1.66306,9.64617349e-03
large_A_forward,Large A: forward,75,15,15,0,Field_0.0000,0 V,0.0,1.67306,9.84943820e-03
large_A_forward,Large A: forward,75,15,15,0,Field_0.0000,0 V,0.0,1.68306,1.00817422e-02
large_A_forward,Large A: forward,75,15,15,0,Field_0.0000,0 V,0.0,1.69306,1.03453249e-02
large_A_forward,Large A: forward,75,15,15,0,Field_0.0000,0 V,0.0,1.70306,1.06427797e-02
large_A_forward,Large A: forward,75,15,15,0,Field_0.0000,0 V,0.0,1.71306,1.09771108e-02
large_A_forward,Large A: forward,75,15,15,0,Field_0.0000,0 V,0.0,1.72306,1.13518031e-02
large_A_forward,Large A: forward,75,15,15,0,Field_0.0000,0 V,0.0,1.73306,1.17709106e-02
large_A_forward,Large A: forward,75,15,15,0,Field_0.0000,0 V,0.0,1.74306,1.22391730e-02
large_A_forward,Large A: forward,75,15,15,0,Field_0.0000,0 V,0.0,1.75306,1.27621802e-02
large_A_forward,Large A: forward,75,15,15,0,Field_0.0000,0 V,0.0,1.76306,1.33466254e-02
large_A_forward,Large A: forward,75,15,15,0,Field_0.0000,0 V,0.0,1.77306,1.40007579e-02
large_A_forward,Large A: forward,75,15,15,0,Field_0.0000,0 V,0.0,1.78306,1.47353716e-02
large_A_forward,Large A: forward,75,15,15,0,Field_0.0000,0 V,0.0,1.79306,1.55666424e-02
large_A_forward,Large A: forward,75,15,15,0,Field_0.0000,0 V,0.0,1.80306,1.65282137e-02
large_A_forward,Large A: forward,75,15,15,0,Field_0.0000,0 V,0.0,1.81306,1.77821264e-02
large_A_forward,Large A: forward,75,15,15,0,Field_0.0000,0 V,0.0,1.82306,1.73738208e-02
large_A_forward,Large A: forward,75,15,15,0,Field_0.0000,0 V,0.0,1.83306,1.94959362e-02
large_A_forward,Large A: forward,75,15,15,0,Field_0.0000,0 V,0.0,1.84306,2.10272903e-02
large_A_forward,Large A: forward,75,15,15,0,Field_0.0000,0 V,0.0,1.85306,2.26793363e-02
large_A_forward,Large A: forward,75,15,15,0,Field_0.0000,0 V,0.0,1.86306,2.45270299e-02
large_A_forward,Large A: forward,75,15,15,0,Field_0.0000,0 V,0.0,1.87306,2.66169042e-02
large_A_forward,Large A: forward,75,15,15,0,Field_0.0000,0 V,0.0,1.88306,2.89959579e-02
large_A_forward,Large A: forward,75,15,15,0,Field_0.0000,0 V,0.0,1.89306,3.17187687e-02
large_A_forward,Large A: forward,75,15,15,0,Field_0.0000,0 V,0.0,1.90306,3.48534940e-02
large_A_forward,Large A: forward,75,15,15,0,Field_0.0000,0 V,0.0,1.91306,3.85041241e-02
large_A_forward,Large A: forward,75,15,15,0,Field_0.0000,0 V,0.0,1.92306,4.50679119e-02
large_A_forward,Large A: forward,75,15,15,0,Field_0.0000,0 V,0.0,1.93306,4.74088685e-02
large_A_forward,Large A: forward,75,15,15,0,Field_0.0000,0 V,0.0,1.94306,5.31156503e-02
large_A_forward,Large A: forward,75,15,15,0,Field_0.0000,0 V,0.0,1.95306,5.98340132e-02
large_A_forward,Large A: forward,75,15,15,0,Field_0.0000,0 V,0.0,1.96306,6.77877664e-02
large_A_forward,Large A: forward,75,15,15,0,Field_0.0000,0 V,0.0,1.97306,7.72636982e-02
large_A_forward,Large A: forward,75,15,15,0,Field_0.0000,0 V,0.0,1.98306,8.86245628e-02
large_A_forward,Large A: forward,75,15,15,0,Field_0.0000,0 V,0.0,1.99306,1.02331755e-01
large_A_forward,Large A: forward,75,15,15,0,Field_0.0000,0 V,0.0,2.00306,1.18986094e-01
large_A_forward,Large A: forward,75,15,15,0,Field_0.0000,0 V,0.0,2.01306,1.39359685e-01
large_A_forward,Large A: forward,75,15,15,0,Field_0.0000,0 V,0.0,2.02306,1.64421056e-01
large_A_forward,Large A: forward,75,15,15,0,Field_0.0000,0 V,0.0,2.03306,1.95380943e-01
large_A_forward,Large A: forward,75,15,15,0,Field_0.0000,0 V,0.0,2.04306,2.33709155e-01
large_A_forward,Large A: forward,75,15,15,0,Field_0.0000,0 V,0.0,2.05306,2.81092760e-01
large_A_forward,Large A: forward,75,15,15,0,Field_0.0000,0 V,0.0,2.06306,3.39260681e-01
large_A_forward,Large A: forward,75,15,15,0,Field_0.0000,0 V,0.0,2.07306,4.09549846e-01
large_A_forward,Large A: forward,75,15,15,0,Field_0.0000,0 V,0.0,2.08306,4.92055978e-01
large_A_forward,Large A: forward,75,15,15,0,Field_0.0000,0 V,0.0,2.09306,5.84304516e-01
large_A_forward,Large A: forward,75,15,15,0,Field_0.0000,0 V,0.0,2.10306,6.79790159e-01
large_A_forward,Large A: forward,75,15,15,0,Field_0.0000,0 V,0.0,2.11306,7.67529730e-01
large_A_forward,Large A: forward,75,15,15,0,Field_0.0000,0 V,0.0,2.12306,8.34244823e-01
large_A_forward,Large A: forward,75,15,15,0,Field_0.0000,0 V,0.0,2.13306,8.69382519e-01
large_A_forward,Large A: forward,75,15,15,0,Field_0.0000,0 V,0.0,2.14306,8.69994303e-01
large_A_forward,Large A: forward,75,15,15,0,Field_0.0000,0 V,0.0,2.15306,8.41505705e-01
large_A_forward,Large A: forward,75,15,15,0,Field_0.0000,0 V,0.0,2.16306,7.94076162e-01
large_A_forward,Large A: forward,75,15,15,0,Field_0.0000,0 V,0.0,2.17306,7.37986510e-01
large_A_forward,Large A: forward,75,15,15,0,Field_0.0000,0 V,0.0,2.18306,6.80948467e-01
large_A_forward,Large A: forward,75,15,15,0,Field_0.0000,0 V,0.0,2.19306,6.27618472e-01
large_A_forward,Large A: forward,75,15,15,0,Field_0.0000,0 V,0.0,2.20306,5.80255636e-01
large_A_forward,Large A: forward,75,15,15,0,Field_0.0000,0 V,0.0,2.21306,5.39600789e-01
large_A_forward,Large A: forward,75,15,15,0,Field_0.0000,0 V,0.0,2.22306,5.05573933e-01
large_A_forward,Large A: forward,75,15,15,0,Field_0.0000,0 V,0.0,2.23306,4.77722866e-01
large_A_forward,Large A: forward,75,15,15,0,Field_0.0000,0 V,0.0,2.24306,4.55477820e-01
large_A_forward,Large A: forward,75,15,15,0,Field_0.0000,0 V,0.0,2.25306,4.38282366e-01
large_A_forward,Large A: forward,75,15,15,0,Field_0.0000,0 V,0.0,2.26306,4.25653611e-01
large_A_forward,Large A: forward,75,15,15,0,Field_0.0000,0 V,0.0,2.27306,4.17204965e-01
large_A_forward,Large A: forward,75,15,15,0,Field_0.0000,0 V,0.0,2.28306,4.12650437e-01
large_A_forward,Large A: forward,75,15,15,0,Field_0.0000,0 V,0.0,2.29306,4.11800403e-01
large_A_forward,Large A: forward,75,15,15,0,Field_0.0000,0 V,0.0,2.30306,4.14553477e-01
large_A_forward,Large A: forward,75,15,15,0,Field_0.0000,0 V,0.0,2.31306,4.20885916e-01
large_A_forward,Large A: forward,75,15,15,0,Field_0.0000,0 V,0.0,2.32306,4.30837788e-01
large_A_forward,Large A: forward,75,15,15,0,Field_0.0000,0 V,0.0,2.33306,4.44493223e-01
large_A_forward,Large A: forward,75,15,15,0,Field_0.0000,0 V,0.0,2.34306,4.61949996e-01
large_A_forward,Large A: forward,75,15,15,0,Field_0.0000,0 V,0.0,2.35306,4.83271266e-01
large_A_forward,Large A: forward,75,15,15,0,Field_0.0000,0 V,0.0,2.36306,5.08410062e-01
large_A_forward,Large A: forward,75,15,15,0,Field_0.0000,0 V,0.0,2.37306,5.37097369e-01
large_A_forward,Large A: forward,75,15,15,0,Field_0.0000,0 V,0.0,2.38306,5.68695871e-01
large_A_forward,Large A: forward,75,15,15,0,Field_0.0000,0 V,0.0,2.39306,6.02081700e-01
large_A_forward,Large A: forward,75,15,15,0,Field_0.0000,0 V,0.0,2.40306,6.36067582e-01
large_A_forward,Large A: forward,75,15,15,0,Field_0.0000,0 V,0.0,2.41306,6.97371062e-01
large_A_forward,Large A: forward,75,15,15,0,Field_0.0000,0 V,0.0,2.42306,6.72238303e-01
large_A_forward,Large A: forward,75,15,15,0,Field_0.0000,0 V,0.0,2.43306,6.82621346e-01
large_A_forward,Large A: forward,75,15,15,0,Field_0.0000,0 V,0.0,2.44306,6.74577821e-01
large_A_forward,Large A: forward,75,15,15,0,Field_0.0000,0 V,0.0,2.45306,6.48325223e-01
large_A_forward,Large A: forward,75,15,15,0,Field_0.0000,0 V,0.0,2.46306,6.04613112e-01
large_A_forward,Large A: forward,75,15,15,0,Field_0.0000,0 V,0.0,2.47306,5.38568106e-01
large_A_forward,Large A: forward,75,15,15,0,Field_0.0000,0 V,0.0,2.48306,5.30349997e-01
large_A_forward,Large A: forward,75,15,15,0,Field_0.0000,0 V,0.0,2.49306,4.51783826e-01
large_A_forward,Large A: forward,75,15,15,0,Field_0.0000,0 V,0.0,2.50306,3.91448467e-01
large_A_forward,Large A: forward,75,15,15,0,Field_0.0000,0 V,0.0,2.51306,3.38225526e-01
large_A_forward,Large A: forward,75,15,15,0,Field_0.0000,0 V,0.0,2.52306,2.91728105e-01
large_A_forward,Large A: forward,75,15,15,0,Field_0.0000,0 V,0.0,2.53306,2.51714483e-01
large_A_forward,Large A: forward,75,15,15,0,Field_0.0000,0 V,0.0,2.54306,2.17655537e-01
large_A_forward,Large A: forward,75,15,15,0,Field_0.0000,0 V,0.0,2.55306,1.88853801e-01
large_A_forward,Large A: forward,75,15,15,0,Field_0.0000,0 V,0.0,2.56306,1.64571514e-01
large_A_forward,Large A: forward,75,15,15,0,Field_0.0000,0 V,0.0,2.57306,1.44109338e-01
large_A_forward,Large A: forward,75,15,15,0,Field_0.0000,0 V,0.0,2.58306,1.26843810e-01
large_A_forward,Large A: forward,75,15,15,0,Field_0.0000,0 V,0.0,2.59306,1.12238969e-01
large_A_forward,Large A: forward,75,15,15,0,Field_0.0000,0 V,0.0,2.60306,9.98441008e-02
large_A_forward,Large A: forward,75,15,15,0,Field_0.0000,0 V,0.0,2.61306,8.92851286e-02
large_A_forward,Large A: forward,75,15,15,0,Field_0.0000,0 V,0.0,2.62306,8.02538768e-02
large_A_forward,Large A: forward,75,15,15,0,Field_0.0000,0 V,0.0,2.63306,7.24973846e-02
large_A_forward,Large A: forward,75,15,15,0,Field_0.0000,0 V,0.0,2.64306,6.58082401e-02
large_A_forward,Large A: forward,75,15,15,0,Field_0.0000,0 V,0.0,2.65306,6.00162704e-02
large_A_forward,Large A: forward,75,15,15,0,Field_0.0000,0 V,0.0,2.66306,5.49816020e-02
large_A_forward,Large A: forward,75,15,15,0,Field_0.0000,0 V,0.0,2.67306,5.05889683e-02
large_A_forward,Large A: forward,75,15,15,0,Field_0.0000,0 V,0.0,2.68306,4.67430851e-02
large_A_forward,Large A: forward,75,15,15,0,Field_0.0000,0 V,0.0,2.69306,4.33649179e-02
large_A_forward,Large A: forward,75,15,15,0,Field_0.0000,0 V,0.0,2.70306,4.03886763e-02
large_A_forward,Large A: forward,75,15,15,0,Field_0.0000,0 V,0.0,2.71306,3.77593963e-02
large_A_forward,Large A: forward,75,15,15,0,Field_0.0000,0 V,0.0,2.72306,3.54309940e-02
large_A_forward,Large A: forward,75,15,15,0,Field_0.0000,0 V,0.0,2.73306,3.33646969e-02
large_A_forward,Large A: forward,75,15,15,0,Field_0.0000,0 V,0.0,2.74306,3.15277766e-02
large_A_forward,Large A: forward,75,15,15,0,Field_0.0000,0 V,0.0,2.75306,2.98925226e-02
large_A_forward,Large A: forward,75,15,15,0,Field_0.0000,0 V,0.0,2.76306,2.84354084e-02
large_A_forward,Large A: forward,75,15,15,0,Field_0.0000,0 V,0.0,2.77306,2.71364128e-02
large_A_forward,Large A: forward,75,15,15,0,Field_0.0000,0 V,0.0,2.78306,2.59784661e-02
large_A_forward,Large A: forward,75,15,15,0,Field_0.0000,0 V,0.0,2.79306,2.49469963e-02
large_A_forward,Large A: forward,75,15,15,0,Field_0.0000,0 V,0.0,2.80306,2.40295571e-02
large_A_forward,Large A: forward,75,15,15,0,Field_0.0000,0 V,0.0,2.81306,2.32155227e-02
large_A_forward,Large A: forward,75,15,15,0,Field_0.0000,0 V,0.0,2.82306,2.24958374e-02
large_A_forward,Large A: forward,75,15,15,0,Field_0.0000,0 V,0.0,2.83306,2.18628096e-02
large_A_forward,Large A: forward,75,15,15,0,Field_0.0000,0 V,0.0,2.84306,2.13099445e-02
large_A_forward,Large A: forward,75,15,15,0,Field_0.0000,0 V,0.0,2.85306,2.08318071e-02
large_A_forward,Large A: forward,75,15,15,0,Field_0.0000,0 V,0.0,2.86306,2.04239138e-02
large_A_forward,Large A: forward,75,15,15,0,Field_0.0000,0 V,0.0,2.87306,2.00826459e-02
large_A_forward,Large A: forward,75,15,15,0,Field_0.0000,0 V,0.0,2.88306,1.98051854e-02
large_A_forward,Large A: forward,75,15,15,0,Field_0.0000,0 V,0.0,2.89306,1.95894686e-02
large_A_forward,Large A: forward,75,15,15,0,Field_0.0000,0 V,0.0,2.90306,1.94341582e-02
large_A_forward,Large A: forward,75,15,15,0,Field_0.0000,0 V,0.0,2.91306,1.93386326e-02
large_A_forward,Large A: forward,75,15,15,0,Field_0.0000,0 V,0.0,2.92306,1.93029926e-02
large_A_forward,Large A: forward,75,15,15,0,Field_0.0000,0 V,0.0,2.93306,1.93280877e-02
large_A_forward,Large A: forward,75,15,15,0,Field_0.0000,0 V,0.0,2.94306,1.94155617e-02
large_A_forward,Large A: forward,75,15,15,0,Field_0.0000,0 V,0.0,2.95306,1.95679225e-02
large_A_forward,Large A: forward,75,15,15,0,Field_0.0000,0 V,0.0,2.96306,1.97886398e-02
large_A_forward,Large A: forward,75,15,15,0,Field_0.0000,0 V,0.0,2.97306,2.00822753e-02
large_A_forward,Large A: forward,75,15,15,0,Field_0.0000,0 V,0.0,2.98306,2.04546549e-02
large_A_forward,Large A: forward,75,15,15,0,Field_0.0000,0 V,0.0,2.99306,2.09130931e-02
large_A_forward,Large A: forward,75,15,15,0,Field_0.0015,+1.72 V,1.718,-2.00694,1.67946809e-02
large_A_forward,Large A: forward,75,15,15,0,Field_0.0015,+1.72 V,1.718,-1.99694,2.19392327e-02
large_A_forward,Large A: forward,75,15,15,0,Field_0.0015,+1.72 V,1.718,-1.98694,3.00638186e-02
large_A_forward,Large A: forward,75,15,15,0,Field_0.0015,+1.72 V,1.718,-1.97694,4.22863707e-02
large_A_forward,Large A: forward,75,15,15,0,Field_0.0015,+1.72 V,1.718,-1.96694,6.10987530e-02
large_A_forward,Large A: forward,75,15,15,0,Field_0.0015,+1.72 V,1.718,-1.95694,8.98508428e-02
large_A_forward,Large A: forward,75,15,15,0,Field_0.0015,+1.72 V,1.718,-1.94694,1.30403495e-01
large_A_forward,Large A: forward,75,15,15,0,Field_0.0015,+1.72 V,1.718,-1.93694,1.75718984e-01
large_A_forward,Large A: forward,75,15,15,0,Field_0.0015,+1.72 V,1.718,-1.92694,2.05198744e-01
large_A_forward,Large A: forward,75,15,15,0,Field_0.0015,+1.72 V,1.718,-1.91694,2.05958373e-01
large_A_forward,Large A: forward,75,15,15,0,Field_0.0015,+1.72 V,1.718,-1.90694,1.78540471e-01
large_A_forward,Large A: forward,75,15,15,0,Field_0.0015,+1.72 V,1.718,-1.89694,1.57327892e-01
large_A_forward,Large A: forward,75,15,15,0,Field_0.0015,+1.72 V,1.718,-1.88694,1.38604643e-01
large_A_forward,Large A: forward,75,15,15,0,Field_0.0015,+1.72 V,1.718,-1.87694,1.25728331e-01
large_A_forward,Large A: forward,75,15,15,0,Field_0.0015,+1.72 V,1.718,-1.86694,1.18601831e-01
large_A_forward,Large A: forward,75,15,15,0,Field_0.0015,+1.72 V,1.718,-1.85694,1.17068052e-01
large_A_forward,Large A: forward,75,15,15,0,Field_0.0015,+1.72 V,1.718,-1.84694,1.21611963e-01
large_A_forward,Large A: forward,75,15,15,0,Field_0.0015,+1.72 V,1.718,-1.83694,1.33658463e-01
large_A_forward,Large A: forward,75,15,15,0,Field_0.0015,+1.72 V,1.718,-1.82694,1.55950938e-01
large_A_forward,Large A: forward,75,15,15,0,Field_0.0015,+1.72 V,1.718,-1.81694,1.93180658e-01
large_A_forward,Large A: forward,75,15,15,0,Field_0.0015,+1.72 V,1.718,-1.80694,2.52661681e-01
large_A_forward,Large A: forward,75,15,15,0,Field_0.0015,+1.72 V,1.718,-1.79694,3.43477900e-01
large_A_forward,Large A: forward,75,15,15,0,Field_0.0015,+1.72 V,1.718,-1.78694,4.68642554e-01
large_A_forward,Large A: forward,75,15,15,0,Field_0.0015,+1.72 V,1.718,-1.77694,6.03432101e-01
large_A_forward,Large A: forward,75,15,15,0,Field_0.0015,+1.72 V,1.718,-1.76694,6.85695737e-01
large_A_forward,Large A: forward,75,15,15,0,Field_0.0015,+1.72 V,1.718,-1.75694,6.77742865e-01
large_A_forward,Large A: forward,75,15,15,0,Field_0.0015,+1.72 V,1.718,-1.74694,6.15251087e-01
large_A_forward,Large A: forward,75,15,15,0,Field_0.0015,+1.72 V,1.718,-1.73694,5.49495120e-01
large_A_forward,Large A: forward,75,15,15,0,Field_0.0015,+1.72 V,1.718,-1.72694,5.04683686e-01
large_A_forward,Large A: forward,75,15,15,0,Field_0.0015,+1.72 V,1.718,-1.71694,4.85331022e-01
large_A_forward,Large A: forward,75,15,15,0,Field_0.0015,+1.72 V,1.718,-1.70694,4.85403618e-01
large_A_forward,Large A: forward,75,15,15,0,Field_0.0015,+1.72 V,1.718,-1.69694,4.79996979e-01
large_A_forward,Large A: forward,75,15,15,0,Field_0.0015,+1.72 V,1.718,-1.68694,4.10312312e-01
large_A_forward,Large A: forward,75,15,15,0,Field_0.0015,+1.72 V,1.718,-1.67694,2.56227787e-01
large_A_forward,Large A: forward,75,15,15,0,Field_0.0015,+1.72 V,1.718,-1.66694,1.17411246e-01
large_A_forward,Large A: forward,75,15,15,0,Field_0.0015,+1.72 V,1.718,-1.65694,4.53757739e-02
large_A_forward,Large A: forward,75,15,15,0,Field_0.0015,+1.72 V,1.718,-1.64694,1.66697487e-02
large_A_forward,Large A: forward,75,15,15,0,Field_0.0015,+1.72 V,1.718,-1.63694,1.05114645e-02
large_A_forward,Large A: forward,75,15,15,0,Field_0.0015,+1.72 V,1.718,-1.62694,3.55008243e-02
large_A_forward,Large A: forward,75,15,15,0,Field_0.0015,+1.72 V,1.718,-1.61694,1.28989363e-01
large_A_forward,Large A: forward,75,15,15,0,Field_0.0015,+1.72 V,1.718,-1.60694,2.67822412e-01
large_A_forward,Large A: forward,75,15,15,0,Field_0.0015,+1.72 V,1.718,-1.59694,3.31410591e-01
large_A_forward,Large A: forward,75,15,15,0,Field_0.0015,+1.72 V,1.718,-1.58694,2.67433893e-01
large_A_forward,Large A: forward,75,15,15,0,Field_0.0015,+1.72 V,1.718,-1.57694,1.78462367e-01
large_A_forward,Large A: forward,75,15,15,0,Field_0.0015,+1.72 V,1.718,-1.56694,1.16713487e-01
large_A_forward,Large A: forward,75,15,15,0,Field_0.0015,+1.72 V,1.718,-1.55694,7.89977279e-02
large_A_forward,Large A: forward,75,15,15,0,Field_0.0015,+1.72 V,1.718,-1.54694,5.57074995e-02
large_A_forward,Large A: forward,75,15,15,0,Field_0.0015,+1.72 V,1.718,-1.53694,4.06885090e-02
large_A_forward,Large A: forward,75,15,15,0,Field_0.0015,+1.72 V,1.718,-1.52694,3.05479511e-02
large_A_forward,Large A: forward,75,15,15,0,Field_0.0015,+1.72 V,1.718,-1.51694,2.34176736e-02
large_A_forward,Large A: forward,75,15,15,0,Field_0.0015,+1.72 V,1.718,-1.50694,1.82344479e-02
large_A_forward,Large A: forward,75,15,15,0,Field_0.0015,+1.72 V,1.718,-1.49694,1.43683600e-02
large_A_forward,Large A: forward,75,15,15,0,Field_0.0015,+1.72 V,1.718,-1.48694,1.14299773e-02
large_A_forward,Large A: forward,75,15,15,0,Field_0.0015,+1.72 V,1.718,-1.47694,9.16717401e-03
large_A_forward,Large A: forward,75,15,15,0,Field_0.0015,+1.72 V,1.718,-1.46694,7.40865133e-03
large_A_forward,Large A: forward,75,15,15,0,Field_0.0015,+1.72 V,1.718,-1.45694,6.03273862e-03
large_A_forward,Large A: forward,75,15,15,0,Field_0.0015,+1.72 V,1.718,-1.44694,4.94999726e-03
large_A_forward,Large A: forward,75,15,15,0,Field_0.0015,+1.72 V,1.718,-1.43694,4.09321740e-03
large_A_forward,Large A: forward,75,15,15,0,Field_0.0015,+1.72 V,1.718,-1.42694,3.41129405e-03
large_A_forward,Large A: forward,75,15,15,0,Field_0.0015,+1.72 V,1.718,-1.41694,2.86516038e-03
large_A_forward,Large A: forward,75,15,15,0,Field_0.0015,+1.72 V,1.718,-1.40694,2.42488519e-03
large_A_forward,Large A: forward,75,15,15,0,Field_0.0015,+1.72 V,1.718,-1.39694,2.06750470e-03
large_A_forward,Large A: forward,75,15,15,0,Field_0.0015,+1.72 V,1.718,-1.38694,1.77536981e-03
large_A_forward,Large A: forward,75,15,15,0,Field_0.0015,+1.72 V,1.718,-1.37694,1.53488042e-03
large_A_forward,Large A: forward,75,15,15,0,Field_0.0015,+1.72 V,1.718,-1.36694,1.33551857e-03
large_A_forward,Large A: forward,75,15,15,0,Field_0.0015,+1.72 V,1.718,-1.35694,1.16911285e-03
large_A_forward,Large A: forward,75,15,15,0,Field_0.0015,+1.72 V,1.718,-1.34694,1.02928096e-03
large_A_forward,Large A: forward,75,15,15,0,Field_0.0015,+1.72 V,1.718,-1.33694,9.11007701e-04
large_A_forward,Large A: forward,75,15,15,0,Field_0.0015,+1.72 V,1.718,-1.32694,8.10325765e-04
large_A_forward,Large A: forward,75,15,15,0,Field_0.0015,+1.72 V,1.718,-1.31694,7.24073332e-04
large_A_forward,Large A: forward,75,15,15,0,Field_0.0015,+1.72 V,1.718,-1.30694,6.49709266e-04
large_A_forward,Large A: forward,75,15,15,0,Field_0.0015,+1.72 V,1.718,-1.29694,5.85171140e-04
large_A_forward,Large A: forward,75,15,15,0,Field_0.0015,+1.72 V,1.718,-1.28694,5.28765601e-04
large_A_forward,Large A: forward,75,15,15,0,Field_0.0015,+1.72 V,1.718,-1.27694,4.79085492e-04
large_A_forward,Large A: forward,75,15,15,0,Field_0.0015,+1.72 V,1.718,-1.26694,4.34958611e-04
large_A_forward,Large A: forward,75,15,15,0,Field_0.0015,+1.72 V,1.718,-1.25694,3.95467850e-04
large_A_forward,Large A: forward,75,15,15,0,Field_0.0015,+1.72 V,1.718,-1.24694,3.60215312e-04
large_A_forward,Large A: forward,75,15,15,0,Field_0.0015,+1.72 V,1.718,-1.23694,3.30456449e-04
large_A_forward,Large A: forward,75,15,15,0,Field_0.0015,+1.72 V,1.718,-1.22694,3.11993495e-04
large_A_forward,Large A: forward,75,15,15,0,Field_0.0015,+1.72 V,1.718,-1.21694,3.10957824e-04
large_A_forward,Large A: forward,75,15,15,0,Field_0.0015,+1.72 V,1.718,-1.20694,3.10335153e-04
large_A_forward,Large A: forward,75,15,15,0,Field_0.0015,+1.72 V,1.718,-1.19694,2.97042993e-04
large_A_forward,Large A: forward,75,15,15,0,Field_0.0015,+1.72 V,1.718,-1.18694,2.78959661e-04
large_A_forward,Large A: forward,75,15,15,0,Field_0.0015,+1.72 V,1.718,-1.17694,2.61388246e-04
large_A_forward,Large A: forward,75,15,15,0,Field_0.0015,+1.72 V,1.718,-1.16694,2.45600975e-04
large_A_forward,Large A: forward,75,15,15,0,Field_0.0015,+1.72 V,1.718,-1.15694,2.31647472e-04
large_A_forward,Large A: forward,75,15,15,0,Field_0.0015,+1.72 V,1.718,-1.14694,2.19324143e-04
large_A_forward,Large A: forward,75,15,15,0,Field_0.0015,+1.72 V,1.718,-1.13694,2.08410470e-04
large_A_forward,Large A: forward,75,15,15,0,Field_0.0015,+1.72 V,1.718,-1.12694,1.98716749e-04
large_A_forward,Large A: forward,75,15,15,0,Field_0.0015,+1.72 V,1.718,-1.11694,1.90087655e-04
large_A_forward,Large A: forward,75,15,15,0,Field_0.0015,+1.72 V,1.718,-1.10694,1.82396908e-04
large_A_forward,Large A: forward,75,15,15,0,Field_0.0015,+1.72 V,1.718,-1.09694,1.75541351e-04
large_A_forward,Large A: forward,75,15,15,0,Field_0.0015,+1.72 V,1.718,-1.08694,1.69436125e-04
large_A_forward,Large A: forward,75,15,15,0,Field_0.0015,+1.72 V,1.718,-1.07694,1.64011011e-04
large_A_forward,Large A: forward,75,15,15,0,Field_0.0015,+1.72 V,1.718,-1.06694,1.59207715e-04
large_A_forward,Large A: forward,75,15,15,0,Field_0.0015,+1.72 V,1.718,-1.05694,1.54977850e-04
large_A_forward,Large A: forward,75,15,15,0,Field_0.0015,+1.72 V,1.718,-1.04694,1.51281424e-04
large_A_forward,Large A: forward,75,15,15,0,Field_0.0015,+1.72 V,1.718,-1.03694,1.48085724e-04
large_A_forward,Large A: forward,75,15,15,0,Field_0.0015,+1.72 V,1.718,-1.02694,1.45364479e-04
large_A_forward,Large A: forward,75,15,15,0,Field_0.0015,+1.72 V,1.718,-1.01694,1.43097260e-04
large_A_forward,Large A: forward,75,15,15,0,Field_0.0015,+1.72 V,1.718,-1.00694,1.41269063e-04
large_A_forward,Large A: forward,75,15,15,0,Field_0.0015,+1.72 V,1.718,-0.99694,1.39843638e-04
large_A_forward,Large A: forward,75,15,15,0,Field_0.0015,+1.72 V,1.718,-0.98694,1.38794844e-04
large_A_forward,Large A: forward,75,15,15,0,Field_0.0015,+1.72 V,1.718,-0.97694,1.38129019e-04
large_A_forward,Large A: forward,75,15,15,0,Field_0.0015,+1.72 V,1.718,-0.96694,1.37855817e-04
large_A_forward,Large A: forward,75,15,15,0,Field_0.0015,+1.72 V,1.718,-0.95694,1.37988636e-04
large_A_forward,Large A: forward,75,15,15,0,Field_0.0015,+1.72 V,1.718,-0.94694,1.38545149e-04
large_A_forward,Large A: forward,75,15,15,0,Field_0.0015,+1.72 V,1.718,-0.93694,1.39547946e-04
large_A_forward,Large A: forward,75,15,15,0,Field_0.0015,+1.72 V,1.718,-0.92694,1.41025336e-04
large_A_forward,Large A: forward,75,15,15,0,Field_0.0015,+1.72 V,1.718,-0.91694,1.43012337e-04
large_A_forward,Large A: forward,75,15,15,0,Field_0.0015,+1.72 V,1.718,-0.90694,1.45551898e-04
large_A_forward,Large A: forward,75,15,15,0,Field_0.0015,+1.72 V,1.718,-0.89694,1.48696438e-04
large_A_forward,Large A: forward,75,15,15,0,Field_0.0015,+1.72 V,1.718,-0.88694,1.52509756e-04
large_A_forward,Large A: forward,75,15,15,0,Field_0.0015,+1.72 V,1.718,-0.87694,1.57069435e-04
large_A_forward,Large A: forward,75,15,15,0,Field_0.0015,+1.72 V,1.718,-0.86694,1.62469853e-04
large_A_forward,Large A: forward,75,15,15,0,Field_0.0015,+1.72 V,1.718,-0.85694,1.68825943e-04
large_A_forward,Large A: forward,75,15,15,0,Field_0.0015,+1.72 V,1.718,-0.84694,1.76277860e-04
large_A_forward,Large A: forward,75,15,15,0,Field_0.0015,+1.72 V,1.718,-0.83694,1.84996641e-04
large_A_forward,Large A: forward,75,15,15,0,Field_0.0015,+1.72 V,1.718,-0.82694,1.95190804e-04
large_A_forward,Large A: forward,75,15,15,0,Field_0.0015,+1.72 V,1.718,-0.81694,2.07113360e-04
large_A_forward,Large A: forward,75,15,15,0,Field_0.0015,+1.72 V,1.718,-0.80694,2.21067607e-04
large_A_forward,Large A: forward,75,15,15,0,Field_0.0015,+1.72 V,1.718,-0.79694,2.37407626e-04
large_A_forward,Large A: forward,75,15,15,0,Field_0.0015,+1.72 V,1.718,-0.78694,2.56524370e-04
large_A_forward,Large A: forward,75,15,15,0,Field_0.0015,+1.72 V,1.718,-0.77694,2.78800222e-04
large_A_forward,Large A: forward,75,15,15,0,Field_0.0015,+1.72 V,1.718,-0.76694,3.04512210e-04
large_A_forward,Large A: forward,75,15,15,0,Field_0.0015,+1.72 V,1.718,-0.75694,3.33719835e-04
large_A_forward,Large A: forward,75,15,15,0,Field_0.0015,+1.72 V,1.718,-0.74694,3.66473096e-04
large_A_forward,Large A: forward,75,15,15,0,Field_0.0015,+1.72 V,1.718,-0.73694,4.04373583e-04
large_A_forward,Large A: forward,75,15,15,0,Field_0.0015,+1.72 V,1.718,-0.72694,4.53980045e-04
large_A_forward,Large A: forward,75,15,15,0,Field_0.0015,+1.72 V,1.718,-0.71694,5.27599445e-04
large_A_forward,Large A: forward,75,15,15,0,Field_0.0015,+1.72 V,1.718,-0.70694,6.37715813e-04
large_A_forward,Large A: forward,75,15,15,0,Field_0.0015,+1.72 V,1.718,-0.69694,7.93530389e-04
large_A_forward,Large A: forward,75,15,15,0,Field_0.0015,+1.72 V,1.718,-0.68694,1.00058649e-03
large_A_forward,Large A: forward,75,15,15,0,Field_0.0015,+1.72 V,1.718,-0.67694,1.24971828e-03
large_A_forward,Large A: forward,75,15,15,0,Field_0.0015,+1.72 V,1.718,-0.66694,1.48662647e-03
large_A_forward,Large A: forward,75,15,15,0,Field_0.0015,+1.72 V,1.718,-0.65694,1.59347901e-03
large_A_forward,Large A: forward,75,15,15,0,Field_0.0015,+1.72 V,1.718,-0.64694,1.47723274e-03
large_A_forward,Large A: forward,75,15,15,0,Field_0.0015,+1.72 V,1.718,-0.63694,1.19980602e-03
large_A_forward,Large A: forward,75,15,15,0,Field_0.0015,+1.72 V,1.718,-0.62694,9.01759945e-04
large_A_forward,Large A: forward,75,15,15,0,Field_0.0015,+1.72 V,1.718,-0.61694,6.61020096e-04
large_A_forward,Large A: forward,75,15,15,0,Field_0.0015,+1.72 V,1.718,-0.60694,4.87575453e-04
large_A_forward,Large A: forward,75,15,15,0,Field_0.0015,+1.72 V,1.718,-0.59694,3.66956352e-04
large_A_forward,Large A: forward,75,15,15,0,Field_0.0015,+1.72 V,1.718,-0.58694,2.83045763e-04
large_A_forward,Large A: forward,75,15,15,0,Field_0.0015,+1.72 V,1.718,-0.57694,2.23756754e-04
large_A_forward,Large A: forward,75,15,15,0,Field_0.0015,+1.72 V,1.718,-0.56694,1.80958555e-04
large_A_forward,Large A: forward,75,15,15,0,Field_0.0015,+1.72 V,1.718,-0.55694,1.49345931e-04
large_A_forward,Large A: forward,75,15,15,0,Field_0.0015,+1.72 V,1.718,-0.54694,1.25460852e-04
large_A_forward,Large A: forward,75,15,15,0,Field_0.0015,+1.72 V,1.718,-0.53694,1.07024163e-04
large_A_forward,Large A: forward,75,15,15,0,Field_0.0015,+1.72 V,1.718,-0.52694,9.25093454e-05
large_A_forward,Large A: forward,75,15,15,0,Field_0.0015,+1.72 V,1.718,-0.51694,8.08754731e-05
large_A_forward,Large A: forward,75,15,15,0,Field_0.0015,+1.72 V,1.718,-0.50694,7.13995663e-05
large_A_forward,Large A: forward,75,15,15,0,Field_0.0015,+1.72 V,1.718,-0.49694,6.35702288e-05
large_A_forward,Large A: forward,75,15,15,0,Field_0.0015,+1.72 V,1.718,-0.48694,5.70192205e-05
large_A_forward,Large A: forward,75,15,15,0,Field_0.0015,+1.72 V,1.718,-0.47694,5.14767647e-05
large_A_forward,Large A: forward,75,15,15,0,Field_0.0015,+1.72 V,1.718,-0.46694,4.67419074e-05
large_A_forward,Large A: forward,75,15,15,0,Field_0.0015,+1.72 V,1.718,-0.45694,4.26625623e-05
large_A_forward,Large A: forward,75,15,15,0,Field_0.0015,+1.72 V,1.718,-0.44694,3.91218767e-05
large_A_forward,Large A: forward,75,15,15,0,Field_0.0015,+1.72 V,1.718,-0.43694,3.60287839e-05
large_A_forward,Large A: forward,75,15,15,0,Field_0.0015,+1.72 V,1.718,-0.42694,3.33113638e-05
large_A_forward,Large A: forward,75,15,15,0,Field_0.0015,+1.72 V,1.718,-0.41694,3.09121123e-05
large_A_forward,Large A: forward,75,15,15,0,Field_0.0015,+1.72 V,1.718,-0.40694,2.87845267e-05
large_A_forward,Large A: forward,75,15,15,0,Field_0.0015,+1.72 V,1.718,-0.39694,2.68906078e-05
large_A_forward,Large A: forward,75,15,15,0,Field_0.0015,+1.72 V,1.718,-0.38694,2.51990094e-05
large_A_forward,Large A: forward,75,15,15,0,Field_0.0015,+1.72 V,1.718,-0.37694,2.36836502e-05
large_A_forward,Large A: forward,75,15,15,0,Field_0.0015,+1.72 V,1.718,-0.36694,2.23226601e-05
large_A_forward,Large A: forward,75,15,15,0,Field_0.0015,+1.72 V,1.718,-0.35694,2.10975713e-05
large_A_forward,Large A: forward,75,15,15,0,Field_0.0015,+1.72 V,1.718,-0.34694,1.99926899e-05
large_A_forward,Large A: forward,75,15,15,0,Field_0.0015,+1.72 V,1.718,-0.33694,1.89946033e-05
large_A_forward,Large A: forward,75,15,15,0,Field_0.0015,+1.72 V,1.718,-0.32694,1.80917897e-05
large_A_forward,Large A: forward,75,15,15,0,Field_0.0015,+1.72 V,1.718,-0.31694,1.72743056e-05
large_A_forward,Large A: forward,75,15,15,0,Field_0.0015,+1.72 V,1.718,-0.30694,1.65335345e-05
large_A_forward,Large A: forward,75,15,15,0,Field_0.0015,+1.72 V,1.718,-0.29694,1.58619818e-05
large_A_forward,Large A: forward,75,15,15,0,Field_0.0015,+1.72 V,1.718,-0.28694,1.52531067e-05
large_A_forward,Large A: forward,75,15,15,0,Field_0.0015,+1.72 V,1.718,-0.27694,1.47011843e-05
large_A_forward,Large A: forward,75,15,15,0,Field_0.0015,+1.72 V,1.718,-0.26694,1.42011905e-05
large_A_forward,Large A: forward,75,15,15,0,Field_0.0015,+1.72 V,1.718,-0.25694,1.37487056e-05
large_A_forward,Large A: forward,75,15,15,0,Field_0.0015,+1.72 V,1.718,-0.24694,1.33398343e-05
large_A_forward,Large A: forward,75,15,15,0,Field_0.0015,+1.72 V,1.718,-0.23694,1.29711370e-05
large_A_forward,Large A: forward,75,15,15,0,Field_0.0015,+1.72 V,1.718,-0.22694,1.26395724e-05
large_A_forward,Large A: forward,75,15,15,0,Field_0.0015,+1.72 V,1.718,-0.21694,1.23424481e-05
large_A_forward,Large A: forward,75,15,15,0,Field_0.0015,+1.72 V,1.718,-0.20694,1.20773786e-05
large_A_forward,Large A: forward,75,15,15,0,Field_0.0015,+1.72 V,1.718,-0.19694,1.18422490e-05
large_A_forward,Large A: forward,75,15,15,0,Field_0.0015,+1.72 V,1.718,-0.18694,1.16351840e-05
large_A_forward,Large A: forward,75,15,15,0,Field_0.0015,+1.72 V,1.718,-0.17694,1.14545205e-05
large_A_forward,Large A: forward,75,15,15,0,Field_0.0015,+1.72 V,1.718,-0.16694,1.12987848e-05
large_A_forward,Large A: forward,75,15,15,0,Field_0.0015,+1.72 V,1.718,-0.15694,1.11666718e-05
large_A_forward,Large A: forward,75,15,15,0,Field_0.0015,+1.72 V,1.718,-0.14694,1.10570271e-05
large_A_forward,Large A: forward,75,15,15,0,Field_0.0015,+1.72 V,1.718,-0.13694,1.09688317e-05
large_A_forward,Large A: forward,75,15,15,0,Field_0.0015,+1.72 V,1.718,-0.12694,1.09011881e-05
large_A_forward,Large A: forward,75,15,15,0,Field_0.0015,+1.72 V,1.718,-0.11694,1.08533082e-05
large_A_forward,Large A: forward,75,15,15,0,Field_0.0015,+1.72 V,1.718,-0.10694,1.08245027e-05
large_A_forward,Large A: forward,75,15,15,0,Field_0.0015,+1.72 V,1.718,-0.09694,1.08141715e-05
large_A_forward,Large A: forward,75,15,15,0,Field_0.0015,+1.72 V,1.718,-0.08694,1.08217953e-05
large_A_forward,Large A: forward,75,15,15,0,Field_0.0015,+1.72 V,1.718,-0.07694,1.08469281e-05
large_A_forward,Large A: forward,75,15,15,0,Field_0.0015,+1.72 V,1.718,-0.06694,1.08891901e-05
large_A_forward,Large A: forward,75,15,15,0,Field_0.0015,+1.72 V,1.718,-0.05694,1.09482617e-05
large_A_forward,Large A: forward,75,15,15,0,Field_0.0015,+1.72 V,1.718,-0.04694,1.10238780e-05
large_A_forward,Large A: forward,75,15,15,0,Field_0.0015,+1.72 V,1.718,-0.03694,1.11158232e-05
large_A_forward,Large A: forward,75,15,15,0,Field_0.0015,+1.72 V,1.718,-0.02694,1.12239261e-05
large_A_forward,Large A: forward,75,15,15,0,Field_0.0015,+1.72 V,1.718,-0.01694,1.13480555e-05
large_A_forward,Large A: forward,75,15,15,0,Field_0.0015,+1.72 V,1.718,-0.00694,1.14881155e-05
large_A_forward,Large A: forward,75,15,15,0,Field_0.0015,+1.72 V,1.718,0.00306,1.16480116e-05
large_A_forward,Large A: forward,75,15,15,0,Field_0.0015,+1.72 V,1.718,0.01306,1.18322528e-05
large_A_forward,Large A: forward,75,15,15,0,Field_0.0015,+1.72 V,1.718,0.02306,1.20417726e-05
large_A_forward,Large A: forward,75,15,15,0,Field_0.0015,+1.72 V,1.718,0.03306,1.22776423e-05
large_A_forward,Large A: forward,75,15,15,0,Field_0.0015,+1.72 V,1.718,0.04306,1.25410787e-05
large_A_forward,Large A: forward,75,15,15,0,Field_0.0015,+1.72 V,1.718,0.05306,1.28334518e-05
large_A_forward,Large A: forward,75,15,15,0,Field_0.0015,+1.72 V,1.718,0.06306,1.31562953e-05
large_A_forward,Large A: forward,75,15,15,0,Field_0.0015,+1.72 V,1.718,0.07306,1.35113176e-05
large_A_forward,Large A: forward,75,15,15,0,Field_0.0015,+1.72 V,1.718,0.08306,1.39004144e-05
large_A_forward,Large A: forward,75,15,15,0,Field_0.0015,+1.72 V,1.718,0.09306,1.43256834e-05
large_A_forward,Large A: forward,75,15,15,0,Field_0.0015,+1.72 V,1.718,0.10306,1.47894406e-05
large_A_forward,Large A: forward,75,15,15,0,Field_0.0015,+1.72 V,1.718,0.11306,1.52942381e-05
large_A_forward,Large A: forward,75,15,15,0,Field_0.0015,+1.72 V,1.718,0.12306,1.58428851e-05
large_A_forward,Large A: forward,75,15,15,0,Field_0.0015,+1.72 V,1.718,0.13306,1.64384704e-05
large_A_forward,Large A: forward,75,15,15,0,Field_0.0015,+1.72 V,1.718,0.14306,1.70843878e-05
large_A_forward,Large A: forward,75,15,15,0,Field_0.0015,+1.72 V,1.718,0.15306,1.77843653e-05
large_A_forward,Large A: forward,75,15,15,0,Field_0.0015,+1.72 V,1.718,0.16306,1.85424960e-05
large_A_forward,Large A: forward,75,15,15,0,Field_0.0015,+1.72 V,1.718,0.17306,1.93632745e-05
large_A_forward,Large A: forward,75,15,15,0,Field_0.0015,+1.72 V,1.718,0.18306,2.02516358e-05
large_A_forward,Large A: forward,75,15,15,0,Field_0.0015,+1.72 V,1.718,0.19306,2.12130005e-05
large_A_forward,Large A: forward,75,15,15,0,Field_0.0015,+1.72 V,1.718,0.20306,2.22533234e-05
large_A_forward,Large A: forward,75,15,15,0,Field_0.0015,+1.72 V,1.718,0.21306,2.33791500e-05
large_A_forward,Large A: forward,75,15,15,0,Field_0.0015,+1.72 V,1.718,0.22306,2.45976776e-05
large_A_forward,Large A: forward,75,15,15,0,Field_0.0015,+1.72 V,1.718,0.23306,2.59168258e-05
large_A_forward,Large A: forward,75,15,15,0,Field_0.0015,+1.72 V,1.718,0.24306,2.73453138e-05
large_A_forward,Large A: forward,75,15,15,0,Field_0.0015,+1.72 V,1.718,0.25306,2.88927487e-05
large_A_forward,Large A: forward,75,15,15,0,Field_0.0015,+1.72 V,1.718,0.26306,3.05697242e-05
large_A_forward,Large A: forward,75,15,15,0,Field_0.0015,+1.72 V,1.718,0.27306,3.23879314e-05
large_A_forward,Large A: forward,75,15,15,0,Field_0.0015,+1.72 V,1.718,0.28306,3.43602847e-05
large_A_forward,Large A: forward,75,15,15,0,Field_0.0015,+1.72 V,1.718,0.29306,3.65010633e-05
large_A_forward,Large A: forward,75,15,15,0,Field_0.0015,+1.72 V,1.718,0.30306,3.88260721e-05
large_A_forward,Large A: forward,75,15,15,0,Field_0.0015,+1.72 V,1.718,0.31306,4.13528234e-05
large_A_forward,Large A: forward,75,15,15,0,Field_0.0015,+1.72 V,1.718,0.32306,4.41007444e-05
large_A_forward,Large A: forward,75,15,15,0,Field_0.0015,+1.72 V,1.718,0.33306,4.70914123e-05
large_A_forward,Large A: forward,75,15,15,0,Field_0.0015,+1.72 V,1.718,0.34306,5.03488239e-05
large_A_forward,Large A: forward,75,15,15,0,Field_0.0015,+1.72 V,1.718,0.35306,5.38997035e-05
large_A_forward,Large A: forward,75,15,15,0,Field_0.0015,+1.72 V,1.718,0.36306,5.77738559e-05
large_A_forward,Large A: forward,75,15,15,0,Field_0.0015,+1.72 V,1.718,0.37306,6.20045732e-05
large_A_forward,Large A: forward,75,15,15,0,Field_0.0015,+1.72 V,1.718,0.38306,6.66291034e-05
large_A_forward,Large A: forward,75,15,15,0,Field_0.0015,+1.72 V,1.718,0.39306,7.16891932e-05
large_A_forward,Large A: forward,75,15,15,0,Field_0.0015,+1.72 V,1.718,0.40306,7.72317182e-05
large_A_forward,Large A: forward,75,15,15,0,Field_0.0015,+1.72 V,1.718,0.41306,8.33094169e-05
large_A_forward,Large A: forward,75,15,15,0,Field_0.0015,+1.72 V,1.718,0.42306,8.99817493e-05
large_A_forward,Large A: forward,75,15,15,0,Field_0.0015,+1.72 V,1.718,0.43306,9.73159048e-05
large_A_forward,Large A: forward,75,15,15,0,Field_0.0015,+1.72 V,1.718,0.44306,1.05387990e-04
large_A_forward,Large A: forward,75,15,15,0,Field_0.0015,+1.72 V,1.718,0.45306,1.14284435e-04
large_A_forward,Large A: forward,75,15,15,0,Field_0.0015,+1.72 V,1.718,0.46306,1.24103667e-04
large_A_forward,Large A: forward,75,15,15,0,Field_0.0015,+1.72 V,1.718,0.47306,1.34958105e-04
large_A_forward,Large A: forward,75,15,15,0,Field_0.0015,+1.72 V,1.718,0.48306,1.46976561e-04
large_A_forward,Large A: forward,75,15,15,0,Field_0.0015,+1.72 V,1.718,0.49306,1.60307132e-04
large_A_forward,Large A: forward,75,15,15,0,Field_0.0015,+1.72 V,1.718,0.50306,1.75120707e-04
large_A_forward,Large A: forward,75,15,15,0,Field_0.0015,+1.72 V,1.718,0.51306,1.91615250e-04
large_A_forward,Large A: forward,75,15,15,0,Field_0.0015,+1.72 V,1.718,0.52306,2.10021038e-04
large_A_forward,Large A: forward,75,15,15,0,Field_0.0015,+1.72 V,1.718,0.53306,2.30607132e-04
large_A_forward,Large A: forward,75,15,15,0,Field_0.0015,+1.72 V,1.718,0.54306,2.53689391e-04
large_A_forward,Large A: forward,75,15,15,0,Field_0.0015,+1.72 V,1.718,0.55306,2.79640466e-04
large_A_forward,Large A: forward,75,15,15,0,Field_0.0015,+1.72 V,1.718,0.56306,3.08902338e-04
large_A_forward,Large A: forward,75,15,15,0,Field_0.0015,+1.72 V,1.718,0.57306,3.42002138e-04
large_A_forward,Large A: forward,75,15,15,0,Field_0.0015,+1.72 V,1.718,0.58306,3.79572214e-04
large_A_forward,Large A: forward,75,15,15,0,Field_0.0015,+1.72 V,1.718,0.59306,4.22375764e-04
large_A_forward,Large A: forward,75,15,15,0,Field_0.0015,+1.72 V,1.718,0.60306,4.71339744e-04
large_A_forward,Large A: forward,75,15,15,0,Field_0.0015,+1.72 V,1.718,0.61306,5.27597377e-04
large_A_forward,Large A: forward,75,15,15,0,Field_0.0015,+1.72 V,1.718,0.62306,5.92543387e-04
large_A_forward,Large A: forward,75,15,15,0,Field_0.0015,+1.72 V,1.718,0.63306,6.67906166e-04
large_A_forward,Large A: forward,75,15,15,0,Field_0.0015,+1.72 V,1.718,0.64306,7.55842589e-04
large_A_forward,Large A: forward,75,15,15,0,Field_0.0015,+1.72 V,1.718,0.65306,8.59063233e-04
large_A_forward,Large A: forward,75,15,15,0,Field_0.0015,+1.72 V,1.718,0.66306,9.80998540e-04
large_A_forward,Large A: forward,75,15,15,0,Field_0.0015,+1.72 V,1.718,0.67306,1.12602023e-03
large_A_forward,Large A: forward,75,15,15,0,Field_0.0015,+1.72 V,1.718,0.68306,1.29973728e-03
large_A_forward,Large A: forward,75,15,15,0,Field_0.0015,+1.72 V,1.718,0.69306,1.50939232e-03
large_A_forward,Large A: forward,75,15,15,0,Field_0.0015,+1.72 V,1.718,0.70306,1.76439226e-03
large_A_forward,Large A: forward,75,15,15,0,Field_0.0015,+1.72 V,1.718,0.71306,2.07701609e-03
large_A_forward,Large A: forward,75,15,15,0,Field_0.0015,+1.72 V,1.718,0.72306,2.46335066e-03
large_A_forward,Large A: forward,75,15,15,0,Field_0.0015,+1.72 V,1.718,0.73306,2.94450637e-03
large_A_forward,Large A: forward,75,15,15,0,Field_0.0015,+1.72 V,1.718,0.74306,3.54814574e-03
large_A_forward,Large A: forward,75,15,15,0,Field_0.0015,+1.72 V,1.718,0.75306,4.31028987e-03
large_A_forward,Large A: forward,75,15,15,0,Field_0.0015,+1.72 V,1.718,0.76306,5.27719098e-03
large_A_forward,Large A: forward,75,15,15,0,Field_0.0015,+1.72 V,1.718,0.77306,6.50666418e-03
large_A_forward,Large A: forward,75,15,15,0,Field_0.0015,+1.72 V,1.718,0.78306,8.06748124e-03
large_A_forward,Large A: forward,75,15,15,0,Field_0.0015,+1.72 V,1.718,0.79306,1.00340509e-02
large_A_forward,Large A: forward,75,15,15,0,Field_0.0015,+1.72 V,1.718,0.80306,1.24717192e-02
large_A_forward,Large A: forward,75,15,15,0,Field_0.0015,+1.72 V,1.718,0.81306,1.54068210e-02
large_A_forward,Large A: forward,75,15,15,0,Field_0.0015,+1.72 V,1.718,0.82306,1.87789339e-02
large_A_forward,Large A: forward,75,15,15,0,Field_0.0015,+1.72 V,1.718,0.83306,2.23872013e-02
large_A_forward,Large A: forward,75,15,15,0,Field_0.0015,+1.72 V,1.718,0.84306,2.58691326e-02
large_A_forward,Large A: forward,75,15,15,0,Field_0.0015,+1.72 V,1.718,0.85306,2.87646854e-02
large_A_forward,Large A: forward,75,15,15,0,Field_0.0015,+1.72 V,1.718,0.86306,3.06736012e-02
large_A_forward,Large A: forward,75,15,15,0,Field_0.0015,+1.72 V,1.718,0.87306,3.14175037e-02
large_A_forward,Large A: forward,75,15,15,0,Field_0.0015,+1.72 V,1.718,0.88306,3.10864262e-02
large_A_forward,Large A: forward,75,15,15,0,Field_0.0015,+1.72 V,1.718,0.89306,2.99496932e-02
large_A_forward,Large A: forward,75,15,15,0,Field_0.0015,+1.72 V,1.718,0.90306,2.83207922e-02
large_A_forward,Large A: forward,75,15,15,0,Field_0.0015,+1.72 V,1.718,0.91306,2.64636511e-02
large_A_forward,Large A: forward,75,15,15,0,Field_0.0015,+1.72 V,1.718,0.92306,2.45607126e-02
large_A_forward,Large A: forward,75,15,15,0,Field_0.0015,+1.72 V,1.718,0.93306,2.27202738e-02
large_A_forward,Large A: forward,75,15,15,0,Field_0.0015,+1.72 V,1.718,0.94306,2.09972253e-02
large_A_forward,Large A: forward,75,15,15,0,Field_0.0015,+1.72 V,1.718,0.95306,1.94129608e-02
large_A_forward,Large A: forward,75,15,15,0,Field_0.0015,+1.72 V,1.718,0.96306,1.79699460e-02
large_A_forward,Large A: forward,75,15,15,0,Field_0.0015,+1.72 V,1.718,0.97306,1.66610258e-02
large_A_forward,Large A: forward,75,15,15,0,Field_0.0015,+1.72 V,1.718,0.98306,1.54748753e-02
large_A_forward,Large A: forward,75,15,15,0,Field_0.0015,+1.72 V,1.718,0.99306,1.43989720e-02
large_A_forward,Large A: forward,75,15,15,0,Field_0.0015,+1.72 V,1.718,1.00306,1.34301246e-02
large_A_forward,Large A: forward,75,15,15,0,Field_0.0015,+1.72 V,1.718,1.01306,1.25652612e-02
large_A_forward,Large A: forward,75,15,15,0,Field_0.0015,+1.72 V,1.718,1.02306,1.17923804e-02
large_A_forward,Large A: forward,75,15,15,0,Field_0.0015,+1.72 V,1.718,1.03306,1.11002542e-02
large_A_forward,Large A: forward,75,15,15,0,Field_0.0015,+1.72 V,1.718,1.04306,1.04787168e-02
large_A_forward,Large A: forward,75,15,15,0,Field_0.0015,+1.72 V,1.718,1.05306,9.91874749e-03
large_A_forward,Large A: forward,75,15,15,0,Field_0.0015,+1.72 V,1.718,1.06306,9.41244349e-03
large_A_forward,Large A: forward,75,15,15,0,Field_0.0015,+1.72 V,1.718,1.07306,8.95293709e-03
large_A_forward,Large A: forward,75,15,15,0,Field_0.0015,+1.72 V,1.718,1.08306,8.53429060e-03
large_A_forward,Large A: forward,75,15,15,0,Field_0.0015,+1.72 V,1.718,1.09306,8.15138643e-03
large_A_forward,Large A: forward,75,15,15,0,Field_0.0015,+1.72 V,1.718,1.10306,7.79982186e-03
large_A_forward,Large A: forward,75,15,15,0,Field_0.0015,+1.72 V,1.718,1.11306,7.47581289e-03
large_A_forward,Large A: forward,75,15,15,0,Field_0.0015,+1.72 V,1.718,1.12306,7.17610884e-03
large_A_forward,Large A: forward,75,15,15,0,Field_0.0015,+1.72 V,1.718,1.13306,6.89791762e-03
large_A_forward,Large A: forward,75,15,15,0,Field_0.0015,+1.72 V,1.718,1.14306,6.63884120e-03
large_A_forward,Large A: forward,75,15,15,0,Field_0.0015,+1.72 V,1.718,1.15306,6.39682013e-03
large_A_forward,Large A: forward,75,15,15,0,Field_0.0015,+1.72 V,1.718,1.16306,6.17008612e-03
large_A_forward,Large A: forward,75,15,15,0,Field_0.0015,+1.72 V,1.718,1.17306,5.95712147e-03
large_A_forward,Large A: forward,75,15,15,0,Field_0.0015,+1.72 V,1.718,1.18306,5.75662451e-03
large_A_forward,Large A: forward,75,15,15,0,Field_0.0015,+1.72 V,1.718,1.19306,5.56747995e-03
large_A_forward,Large A: forward,75,15,15,0,Field_0.0015,+1.72 V,1.718,1.20306,5.38873368e-03
large_A_forward,Large A: forward,75,15,15,0,Field_0.0015,+1.72 V,1.718,1.21306,5.21957093e-03
large_A_forward,Large A: forward,75,15,15,0,Field_0.0015,+1.72 V,1.718,1.22306,5.05929765e-03
large_A_forward,Large A: forward,75,15,15,0,Field_0.0015,+1.72 V,1.718,1.23306,4.90732425e-03
large_A_forward,Large A: forward,75,15,15,0,Field_0.0015,+1.72 V,1.718,1.24306,4.76315159e-03
large_A_forward,Large A: forward,75,15,15,0,Field_0.0015,+1.72 V,1.718,1.25306,4.62635868e-03
large_A_forward,Large A: forward,75,15,15,0,Field_0.0015,+1.72 V,1.718,1.26306,4.49659190e-03
large_A_forward,Large A: forward,75,15,15,0,Field_0.0015,+1.72 V,1.718,1.27306,4.37355560e-03
large_A_forward,Large A: forward,75,15,15,0,Field_0.0015,+1.72 V,1.718,1.28306,4.25700372e-03
large_A_forward,Large A: forward,75,15,15,0,Field_0.0015,+1.72 V,1.718,1.29306,4.14673251e-03
large_A_forward,Large A: forward,75,15,15,0,Field_0.0015,+1.72 V,1.718,1.30306,4.04257408e-03
large_A_forward,Large A: forward,75,15,15,0,Field_0.0015,+1.72 V,1.718,1.31306,3.94439073e-03
large_A_forward,Large A: forward,75,15,15,0,Field_0.0015,+1.72 V,1.718,1.32306,3.85207005e-03
large_A_forward,Large A: forward,75,15,15,0,Field_0.0015,+1.72 V,1.718,1.33306,3.76552037e-03
large_A_forward,Large A: forward,75,15,15,0,Field_0.0015,+1.72 V,1.718,1.34306,3.68466652e-03
large_A_forward,Large A: forward,75,15,15,0,Field_0.0015,+1.72 V,1.718,1.35306,3.60944486e-03
large_A_forward,Large A: forward,75,15,15,0,Field_0.0015,+1.72 V,1.718,1.36306,3.53979544e-03
large_A_forward,Large A: forward,75,15,15,0,Field_0.0015,+1.72 V,1.718,1.37306,3.47564334e-03
large_A_forward,Large A: forward,75,15,15,0,Field_0.0015,+1.72 V,1.718,1.38306,3.41683342e-03
large_A_forward,Large A: forward,75,15,15,0,Field_0.0015,+1.72 V,1.718,1.39306,3.36276516e-03
large_A_forward,Large A: forward,75,15,15,0,Field_0.0015,+1.72 V,1.718,1.40306,3.54320496e-03
large_A_forward,Large A: forward,75,15,15,0,Field_0.0015,+1.72 V,1.718,1.41306,3.28124004e-03
large_A_forward,Large A: forward,75,15,15,0,Field_0.0015,+1.72 V,1.718,1.42306,3.24339068e-03
large_A_forward,Large A: forward,75,15,15,0,Field_0.0015,+1.72 V,1.718,1.43306,3.21272510e-03
large_A_forward,Large A: forward,75,15,15,0,Field_0.0015,+1.72 V,1.718,1.44306,3.18822474e-03
large_A_forward,Large A: forward,75,15,15,0,Field_0.0015,+1.72 V,1.718,1.45306,3.16978802e-03
large_A_forward,Large A: forward,75,15,15,0,Field_0.0015,+1.72 V,1.718,1.46306,3.15747728e-03
large_A_forward,Large A: forward,75,15,15,0,Field_0.0015,+1.72 V,1.718,1.47306,3.15142130e-03
large_A_forward,Large A: forward,75,15,15,0,Field_0.0015,+1.72 V,1.718,1.48306,3.15179469e-03
large_A_forward,Large A: forward,75,15,15,0,Field_0.0015,+1.72 V,1.718,1.49306,3.15881420e-03
large_A_forward,Large A: forward,75,15,15,0,Field_0.0015,+1.72 V,1.718,1.50306,3.17274049e-03
large_A_forward,Large A: forward,75,15,15,0,Field_0.0015,+1.72 V,1.718,1.51306,3.19388226e-03
large_A_forward,Large A: forward,75,15,15,0,Field_0.0015,+1.72 V,1.718,1.52306,3.22260203e-03
large_A_forward,Large A: forward,75,15,15,0,Field_0.0015,+1.72 V,1.718,1.53306,3.25932330e-03
large_A_forward,Large A: forward,75,15,15,0,Field_0.0015,+1.72 V,1.718,1.54306,3.30453938e-03
large_A_forward,Large A: forward,75,15,15,0,Field_0.0015,+1.72 V,1.718,1.55306,3.35882416e-03
large_A_forward,Large A: forward,75,15,15,0,Field_0.0015,+1.72 V,1.718,1.56306,3.42284572e-03
large_A_forward,Large A: forward,75,15,15,0,Field_0.0015,+1.72 V,1.718,1.57306,3.49738412e-03
large_A_forward,Large A: forward,75,15,15,0,Field_0.0015,+1.72 V,1.718,1.58306,3.58335595e-03
large_A_forward,Large A: forward,75,15,15,0,Field_0.0015,+1.72 V,1.718,1.59306,3.68185125e-03
large_A_forward,Large A: forward,75,15,15,0,Field_0.0015,+1.72 V,1.718,1.60306,3.79419565e-03
large_A_forward,Large A: forward,75,15,15,0,Field_0.0015,+1.72 V,1.718,1.61306,3.92207228e-03
large_A_forward,Large A: forward,75,15,15,0,Field_0.0015,+1.72 V,1.718,1.62306,4.06781221e-03
large_A_forward,Large A: forward,75,15,15,0,Field_0.0015,+1.72 V,1.718,1.63306,4.23528900e-03
large_A_forward,Large A: forward,75,15,15,0,Field_0.0015,+1.72 V,1.718,1.64306,4.43395695e-03
large_A_forward,Large A: forward,75,15,15,0,Field_0.0015,+1.72 V,1.718,1.65306,4.71969372e-03
large_A_forward,Large A: forward,75,15,15,0,Field_0.0015,+1.72 V,1.718,1.66306,4.53249523e-03
large_A_forward,Large A: forward,75,15,15,0,Field_0.0015,+1.72 V,1.718,1.67306,4.98157997e-03
large_A_forward,Large A: forward,75,15,15,0,Field_0.0015,+1.72 V,1.718,1.68306,5.29266180e-03
large_A_forward,Large A: forward,75,15,15,0,Field_0.0015,+1.72 V,1.718,1.69306,5.62103076e-03
large_A_forward,Large A: forward,75,15,15,0,Field_0.0015,+1.72 V,1.718,1.70306,5.98360629e-03
large_A_forward,Large A: forward,75,15,15,0,Field_0.0015,+1.72 V,1.718,1.71306,6.38906642e-03
large_A_forward,Large A: forward,75,15,15,0,Field_0.0015,+1.72 V,1.718,1.72306,6.84517841e-03
large_A_forward,Large A: forward,75,15,15,0,Field_0.0015,+1.72 V,1.718,1.73306,7.36033280e-03
large_A_forward,Large A: forward,75,15,15,0,Field_0.0015,+1.72 V,1.718,1.74306,7.94419132e-03
large_A_forward,Large A: forward,75,15,15,0,Field_0.0015,+1.72 V,1.718,1.75306,8.60817245e-03
large_A_forward,Large A: forward,75,15,15,0,Field_0.0015,+1.72 V,1.718,1.76306,9.36595835e-03
large_A_forward,Large A: forward,75,15,15,0,Field_0.0015,+1.72 V,1.718,1.77306,1.02341019e-02
large_A_forward,Large A: forward,75,15,15,0,Field_0.0015,+1.72 V,1.718,1.78306,1.12327936e-02
large_A_forward,Large A: forward,75,15,15,0,Field_0.0015,+1.72 V,1.718,1.79306,1.23868535e-02
large_A_forward,Large A: forward,75,15,15,0,Field_0.0015,+1.72 V,1.718,1.80306,1.37270327e-02
large_A_forward,Large A: forward,75,15,15,0,Field_0.0015,+1.72 V,1.718,1.81306,1.52917387e-02
large_A_forward,Large A: forward,75,15,15,0,Field_0.0015,+1.72 V,1.718,1.82306,1.71293430e-02
large_A_forward,Large A: forward,75,15,15,0,Field_0.0015,+1.72 V,1.718,1.83306,1.93012904e-02
large_A_forward,Large A: forward,75,15,15,0,Field_0.0015,+1.72 V,1.718,1.84306,2.18863213e-02
large_A_forward,Large A: forward,75,15,15,0,Field_0.0015,+1.72 V,1.718,1.85306,2.49862303e-02
large_A_forward,Large A: forward,75,15,15,0,Field_0.0015,+1.72 V,1.718,1.86306,2.87337456e-02
large_A_forward,Large A: forward,75,15,15,0,Field_0.0015,+1.72 V,1.718,1.87306,3.33032879e-02
large_A_forward,Large A: forward,75,15,15,0,Field_0.0015,+1.72 V,1.718,1.88306,3.89255143e-02
large_A_forward,Large A: forward,75,15,15,0,Field_0.0015,+1.72 V,1.718,1.89306,4.59064939e-02
large_A_forward,Large A: forward,75,15,15,0,Field_0.0015,+1.72 V,1.718,1.90306,5.46516018e-02
large_A_forward,Large A: forward,75,15,15,0,Field_0.0015,+1.72 V,1.718,1.91306,6.56915357e-02
large_A_forward,Large A: forward,75,15,15,0,Field_0.0015,+1.72 V,1.718,1.92306,7.97003273e-02
large_A_forward,Large A: forward,75,15,15,0,Field_0.0015,+1.72 V,1.718,1.93306,9.74766582e-02
large_A_forward,Large A: forward,75,15,15,0,Field_0.0015,+1.72 V,1.718,1.94306,1.19819677e-01
large_A_forward,Large A: forward,75,15,15,0,Field_0.0015,+1.72 V,1.718,1.95306,1.47161984e-01
large_A_forward,Large A: forward,75,15,15,0,Field_0.0015,+1.72 V,1.718,1.96306,1.78768953e-01
large_A_forward,Large A: forward,75,15,15,0,Field_0.0015,+1.72 V,1.718,1.97306,2.11497828e-01
large_A_forward,Large A: forward,75,15,15,0,Field_0.0015,+1.72 V,1.718,1.98306,2.38970631e-01
large_A_forward,Large A: forward,75,15,15,0,Field_0.0015,+1.72 V,1.718,1.99306,2.53223163e-01
large_A_forward,Large A: forward,75,15,15,0,Field_0.0015,+1.72 V,1.718,2.00306,2.49557440e-01
large_A_forward,Large A: forward,75,15,15,0,Field_0.0015,+1.72 V,1.718,2.01306,2.30209384e-01
large_A_forward,Large A: forward,75,15,15,0,Field_0.0015,+1.72 V,1.718,2.02306,2.02244380e-01
large_A_forward,Large A: forward,75,15,15,0,Field_0.0015,+1.72 V,1.718,2.03306,1.72599530e-01
large_A_forward,Large A: forward,75,15,15,0,Field_0.0015,+1.72 V,1.718,2.04306,1.45434356e-01
large_A_forward,Large A: forward,75,15,15,0,Field_0.0015,+1.72 V,1.718,2.05306,1.22323868e-01
large_A_forward,Large A: forward,75,15,15,0,Field_0.0015,+1.72 V,1.718,2.06306,1.03365378e-01
large_A_forward,Large A: forward,75,15,15,0,Field_0.0015,+1.72 V,1.718,2.07306,8.80502375e-02
large_A_forward,Large A: forward,75,15,15,0,Field_0.0015,+1.72 V,1.718,2.08306,7.57245715e-02
large_A_forward,Large A: forward,75,15,15,0,Field_0.0015,+1.72 V,1.718,2.09306,6.57795077e-02
large_A_forward,Large A: forward,75,15,15,0,Field_0.0015,+1.72 V,1.718,2.10306,5.77085141e-02
large_A_forward,Large A: forward,75,15,15,0,Field_0.0015,+1.72 V,1.718,2.11306,5.11102862e-02
large_A_forward,Large A: forward,75,15,15,0,Field_0.0015,+1.72 V,1.718,2.12306,4.56735937e-02
large_A_forward,Large A: forward,75,15,15,0,Field_0.0015,+1.72 V,1.718,2.13306,4.11588933e-02
large_A_forward,Large A: forward,75,15,15,0,Field_0.0015,+1.72 V,1.718,2.14306,3.73818708e-02
large_A_forward,Large A: forward,75,15,15,0,Field_0.0015,+1.72 V,1.718,2.15306,3.42001806e-02
large_A_forward,Large A: forward,75,15,15,0,Field_0.0015,+1.72 V,1.718,2.16306,3.15032429e-02
large_A_forward,Large A: forward,75,15,15,0,Field_0.0015,+1.72 V,1.718,2.17306,2.92045552e-02
large_A_forward,Large A: forward,75,15,15,0,Field_0.0015,+1.72 V,1.718,2.18306,2.72359478e-02
large_A_forward,Large A: forward,75,15,15,0,Field_0.0015,+1.72 V,1.718,2.19306,2.55432983e-02
large_A_forward,Large A: forward,75,15,15,0,Field_0.0015,+1.72 V,1.718,2.20306,2.40833263e-02
large_A_forward,Large A: forward,75,15,15,0,Field_0.0015,+1.72 V,1.718,2.21306,2.28211861e-02
large_A_forward,Large A: forward,75,15,15,0,Field_0.0015,+1.72 V,1.718,2.22306,2.17286471e-02
large_A_forward,Large A: forward,75,15,15,0,Field_0.0015,+1.72 V,1.718,2.23306,2.07827104e-02
large_A_forward,Large A: forward,75,15,15,0,Field_0.0015,+1.72 V,1.718,2.24306,1.99645494e-02
large_A_forward,Large A: forward,75,15,15,0,Field_0.0015,+1.72 V,1.718,2.25306,1.92586937e-02
large_A_forward,Large A: forward,75,15,15,0,Field_0.0015,+1.72 V,1.718,2.26306,1.86523955e-02
large_A_forward,Large A: forward,75,15,15,0,Field_0.0015,+1.72 V,1.718,2.27306,1.81351367e-02
large_A_forward,Large A: forward,75,15,15,0,Field_0.0015,+1.72 V,1.718,2.28306,1.76982411e-02
large_A_forward,Large A: forward,75,15,15,0,Field_0.0015,+1.72 V,1.718,2.29306,1.73345707e-02
large_A_forward,Large A: forward,75,15,15,0,Field_0.0015,+1.72 V,1.718,2.30306,1.70382852e-02
large_A_forward,Large A: forward,75,15,15,0,Field_0.0015,+1.72 V,1.718,2.31306,1.68046527e-02
large_A_forward,Large A: forward,75,15,15,0,Field_0.0015,+1.72 V,1.718,2.32306,1.66299004e-02
large_A_forward,Large A: forward,75,15,15,0,Field_0.0015,+1.72 V,1.718,2.33306,1.65110984e-02
large_A_forward,Large A: forward,75,15,15,0,Field_0.0015,+1.72 V,1.718,2.34306,1.64460694e-02
large_A_forward,Large A: forward,75,15,15,0,Field_0.0015,+1.72 V,1.718,2.35306,1.64333211e-02
large_A_forward,Large A: forward,75,15,15,0,Field_0.0015,+1.72 V,1.718,2.36306,1.64719969e-02
large_A_forward,Large A: forward,75,15,15,0,Field_0.0015,+1.72 V,1.718,2.37306,1.65618437e-02
large_A_forward,Large A: forward,75,15,15,0,Field_0.0015,+1.72 V,1.718,2.38306,1.67031939e-02
large_A_forward,Large A: forward,75,15,15,0,Field_0.0015,+1.72 V,1.718,2.39306,1.68969616e-02
large_A_forward,Large A: forward,75,15,15,0,Field_0.0015,+1.72 V,1.718,2.40306,1.71446516e-02
large_A_forward,Large A: forward,75,15,15,0,Field_0.0015,+1.72 V,1.718,2.41306,1.74483825e-02
large_A_forward,Large A: forward,75,15,15,0,Field_0.0015,+1.72 V,1.718,2.42306,1.78109229e-02
large_A_forward,Large A: forward,75,15,15,0,Field_0.0015,+1.72 V,1.718,2.43306,1.82357428e-02
large_A_forward,Large A: forward,75,15,15,0,Field_0.0015,+1.72 V,1.718,2.44306,1.87270828e-02
large_A_forward,Large A: forward,75,15,15,0,Field_0.0015,+1.72 V,1.718,2.45306,1.92900412e-02
large_A_forward,Large A: forward,75,15,15,0,Field_0.0015,+1.72 V,1.718,2.46306,1.99306856e-02
large_A_forward,Large A: forward,75,15,15,0,Field_0.0015,+1.72 V,1.718,2.47306,2.06561910e-02
large_A_forward,Large A: forward,75,15,15,0,Field_0.0015,+1.72 V,1.718,2.48306,2.14750152e-02
large_A_forward,Large A: forward,75,15,15,0,Field_0.0015,+1.72 V,1.718,2.49306,2.23971189e-02
large_A_forward,Large A: forward,75,15,15,0,Field_0.0015,+1.72 V,1.718,2.50306,2.34342507e-02
large_A_forward,Large A: forward,75,15,15,0,Field_0.0015,+1.72 V,1.718,2.51306,2.46003248e-02
large_A_forward,Large A: forward,75,15,15,0,Field_0.0015,+1.72 V,1.718,2.52306,2.59119508e-02
large_A_forward,Large A: forward,75,15,15,0,Field_0.0015,+1.72 V,1.718,2.53306,2.73892364e-02
large_A_forward,Large A: forward,75,15,15,0,Field_0.0015,+1.72 V,1.718,2.54306,2.90571680e-02
large_A_forward,Large A: forward,75,15,15,0,Field_0.0015,+1.72 V,1.718,2.55306,3.09484533e-02
large_A_forward,Large A: forward,75,15,15,0,Field_0.0015,+1.72 V,1.718,2.56306,3.31110406e-02
large_A_forward,Large A: forward,75,15,15,0,Field_0.0015,+1.72 V,1.718,2.57306,3.56363795e-02
large_A_forward,Large A: forward,75,15,15,0,Field_0.0015,+1.72 V,1.718,2.58306,3.88545871e-02
large_A_forward,Large A: forward,75,15,15,0,Field_0.0015,+1.72 V,1.718,2.59306,4.39781236e-02
large_A_forward,Large A: forward,75,15,15,0,Field_0.0015,+1.72 V,1.718,2.60306,4.30142034e-02
large_A_forward,Large A: forward,75,15,15,0,Field_0.0015,+1.72 V,1.718,2.61306,4.74582675e-02
large_A_forward,Large A: forward,75,15,15,0,Field_0.0015,+1.72 V,1.718,2.62306,5.20985905e-02
large_A_forward,Large A: forward,75,15,15,0,Field_0.0015,+1.72 V,1.718,2.63306,5.73056581e-02
large_A_forward,Large A: forward,75,15,15,0,Field_0.0015,+1.72 V,1.718,2.64306,6.32511359e-02
large_A_forward,Large A: forward,75,15,15,0,Field_0.0015,+1.72 V,1.718,2.65306,7.00929300e-02
large_A_forward,Large A: forward,75,15,15,0,Field_0.0015,+1.72 V,1.718,2.66306,7.80056869e-02
large_A_forward,Large A: forward,75,15,15,0,Field_0.0015,+1.72 V,1.718,2.67306,8.71920034e-02
large_A_forward,Large A: forward,75,15,15,0,Field_0.0015,+1.72 V,1.718,2.68306,9.78891752e-02
large_A_forward,Large A: forward,75,15,15,0,Field_0.0015,+1.72 V,1.718,2.69306,1.10373721e-01
large_A_forward,Large A: forward,75,15,15,0,Field_0.0015,+1.72 V,1.718,2.70306,1.24962993e-01
large_A_forward,Large A: forward,75,15,15,0,Field_0.0015,+1.72 V,1.718,2.71306,1.42011510e-01
large_A_forward,Large A: forward,75,15,15,0,Field_0.0015,+1.72 V,1.718,2.72306,1.61897868e-01
large_A_forward,Large A: forward,75,15,15,0,Field_0.0015,+1.72 V,1.718,2.73306,1.84995857e-01
large_A_forward,Large A: forward,75,15,15,0,Field_0.0015,+1.72 V,1.718,2.74306,2.11621235e-01
large_A_forward,Large A: forward,75,15,15,0,Field_0.0015,+1.72 V,1.718,2.75306,2.41944644e-01
large_A_forward,Large A: forward,75,15,15,0,Field_0.0015,+1.72 V,1.718,2.76306,2.75864575e-01
large_A_forward,Large A: forward,75,15,15,0,Field_0.0015,+1.72 V,1.718,2.77306,3.12846791e-01
large_A_forward,Large A: forward,75,15,15,0,Field_0.0015,+1.72 V,1.718,2.78306,3.51763076e-01
large_A_forward,Large A: forward,75,15,15,0,Field_0.0015,+1.72 V,1.718,2.79306,3.90800243e-01
large_A_forward,Large A: forward,75,15,15,0,Field_0.0015,+1.72 V,1.718,2.80306,4.27539562e-01
large_A_forward,Large A: forward,75,15,15,0,Field_0.0015,+1.72 V,1.718,2.81306,4.59285389e-01
large_A_forward,Large A: forward,75,15,15,0,Field_0.0015,+1.72 V,1.718,2.82306,4.83616304e-01
large_A_forward,Large A: forward,75,15,15,0,Field_0.0015,+1.72 V,1.718,2.83306,4.98977728e-01
large_A_forward,Large A: forward,75,15,15,0,Field_0.0015,+1.72 V,1.718,2.84306,5.05053429e-01
large_A_forward,Large A: forward,75,15,15,0,Field_0.0015,+1.72 V,1.718,2.85306,5.02746687e-01
large_A_forward,Large A: forward,75,15,15,0,Field_0.0015,+1.72 V,1.718,2.86306,4.93816209e-01
large_A_forward,Large A: forward,75,15,15,0,Field_0.0015,+1.72 V,1.718,2.87306,4.80373660e-01
large_A_forward,Large A: forward,75,15,15,0,Field_0.0015,+1.72 V,1.718,2.88306,4.64453157e-01
large_A_forward,Large A: forward,75,15,15,0,Field_0.0015,+1.72 V,1.718,2.89306,4.47756380e-01
large_A_forward,Large A: forward,75,15,15,0,Field_0.0015,+1.72 V,1.718,2.90306,4.31568137e-01
large_A_forward,Large A: forward,75,15,15,0,Field_0.0015,+1.72 V,1.718,2.91306,4.16784328e-01
large_A_forward,Large A: forward,75,15,15,0,Field_0.0015,+1.72 V,1.718,2.92306,4.03991627e-01
large_A_forward,Large A: forward,75,15,15,0,Field_0.0015,+1.72 V,1.718,2.93306,3.93557537e-01
large_A_forward,Large A: forward,75,15,15,0,Field_0.0015,+1.72 V,1.718,2.94306,3.85709582e-01
large_A_forward,Large A: forward,75,15,15,0,Field_0.0015,+1.72 V,1.718,2.95306,3.80594002e-01
large_A_forward,Large A: forward,75,15,15,0,Field_0.0015,+1.72 V,1.718,2.96306,3.78294186e-01
large_A_forward,Large A: forward,75,15,15,0,Field_0.0015,+1.72 V,1.718,2.97306,3.78687688e-01
large_A_forward,Large A: forward,75,15,15,0,Field_0.0015,+1.72 V,1.718,2.98306,3.84254509e-01
large_A_forward,Large A: forward,75,15,15,0,Field_0.0015,+1.72 V,1.718,2.99306,3.91454556e-01
large_B_reverse,Large B: reverse,15,90,15,2,Field_-0.0015,-1.72 V,-1.718,-2.00611,2.46811518e-02
large_B_reverse,Large B: reverse,15,90,15,2,Field_-0.0015,-1.72 V,-1.718,-1.99611,4.56330050e-02
large_B_reverse,Large B: reverse,15,90,15,2,Field_-0.0015,-1.72 V,-1.718,-1.98611,6.58565433e-02
large_B_reverse,Large B: reverse,15,90,15,2,Field_-0.0015,-1.72 V,-1.718,-1.97611,5.45990557e-02
large_B_reverse,Large B: reverse,15,90,15,2,Field_-0.0015,-1.72 V,-1.718,-1.96611,3.41299430e-02
large_B_reverse,Large B: reverse,15,90,15,2,Field_-0.0015,-1.72 V,-1.718,-1.95611,2.15291719e-02
large_B_reverse,Large B: reverse,15,90,15,2,Field_-0.0015,-1.72 V,-1.718,-1.94611,1.45845572e-02
large_B_reverse,Large B: reverse,15,90,15,2,Field_-0.0015,-1.72 V,-1.718,-1.93611,1.05354165e-02
large_B_reverse,Large B: reverse,15,90,15,2,Field_-0.0015,-1.72 V,-1.718,-1.92611,7.99737657e-03
large_B_reverse,Large B: reverse,15,90,15,2,Field_-0.0015,-1.72 V,-1.718,-1.91611,6.30921060e-03
large_B_reverse,Large B: reverse,15,90,15,2,Field_-0.0015,-1.72 V,-1.718,-1.90611,5.13525863e-03
large_B_reverse,Large B: reverse,15,90,15,2,Field_-0.0015,-1.72 V,-1.718,-1.89611,4.28995471e-03
large_B_reverse,Large B: reverse,15,90,15,2,Field_-0.0015,-1.72 V,-1.718,-1.88611,3.66167706e-03
large_B_reverse,Large B: reverse,15,90,15,2,Field_-0.0015,-1.72 V,-1.718,-1.87611,3.17957541e-03
large_B_reverse,Large B: reverse,15,90,15,2,Field_-0.0015,-1.72 V,-1.718,-1.86611,2.79897515e-03
large_B_reverse,Large B: reverse,15,90,15,2,Field_-0.0015,-1.72 V,-1.718,-1.85611,2.49299390e-03
large_B_reverse,Large B: reverse,15,90,15,2,Field_-0.0015,-1.72 V,-1.718,-1.84611,2.24509928e-03
large_B_reverse,Large B: reverse,15,90,15,2,Field_-0.0015,-1.72 V,-1.718,-1.83611,2.04313231e-03
large_B_reverse,Large B: reverse,15,90,15,2,Field_-0.0015,-1.72 V,-1.718,-1.82611,1.87635651e-03
large_B_reverse,Large B: reverse,15,90,15,2,Field_-0.0015,-1.72 V,-1.718,-1.81611,1.73493169e-03
large_B_reverse,Large B: reverse,15,90,15,2,Field_-0.0015,-1.72 V,-1.718,-1.80611,1.61032613e-03
large_B_reverse,Large B: reverse,15,90,15,2,Field_-0.0015,-1.72 V,-1.718,-1.79611,1.49580915e-03
large_B_reverse,Large B: reverse,15,90,15,2,Field_-0.0015,-1.72 V,-1.718,-1.78611,1.38676273e-03
large_B_reverse,Large B: reverse,15,90,15,2,Field_-0.0015,-1.72 V,-1.718,-1.77611,1.28072456e-03
large_B_reverse,Large B: reverse,15,90,15,2,Field_-0.0015,-1.72 V,-1.718,-1.76611,1.17710862e-03
large_B_reverse,Large B: reverse,15,90,15,2,Field_-0.0015,-1.72 V,-1.718,-1.75611,1.07663797e-03
large_B_reverse,Large B: reverse,15,90,15,2,Field_-0.0015,-1.72 V,-1.718,-1.74611,9.80647065e-04
large_B_reverse,Large B: reverse,15,90,15,2,Field_-0.0015,-1.72 V,-1.718,-1.73611,8.90463404e-04
large_B_reverse,Large B: reverse,15,90,15,2,Field_-0.0015,-1.72 V,-1.718,-1.72611,8.07017273e-04
large_B_reverse,Large B: reverse,15,90,15,2,Field_-0.0015,-1.72 V,-1.718,-1.71611,7.30710484e-04
large_B_reverse,Large B: reverse,15,90,15,2,Field_-0.0015,-1.72 V,-1.718,-1.70611,6.61482833e-04
large_B_reverse,Large B: reverse,15,90,15,2,Field_-0.0015,-1.72 V,-1.718,-1.69611,5.98984413e-04
large_B_reverse,Large B: reverse,15,90,15,2,Field_-0.0015,-1.72 V,-1.718,-1.68611,5.42778506e-04
large_B_reverse,Large B: reverse,15,90,15,2,Field_-0.0015,-1.72 V,-1.718,-1.67611,4.92533129e-04
large_B_reverse,Large B: reverse,15,90,15,2,Field_-0.0015,-1.72 V,-1.718,-1.66611,4.48189231e-04
large_B_reverse,Large B: reverse,15,90,15,2,Field_-0.0015,-1.72 V,-1.718,-1.65611,4.10111520e-04
large_B_reverse,Large B: reverse,15,90,15,2,Field_-0.0015,-1.72 V,-1.718,-1.64611,3.79220582e-04
large_B_reverse,Large B: reverse,15,90,15,2,Field_-0.0015,-1.72 V,-1.718,-1.63611,3.57018690e-04
large_B_reverse,Large B: reverse,15,90,15,2,Field_-0.0015,-1.72 V,-1.718,-1.62611,3.45106085e-04
large_B_reverse,Large B: reverse,15,90,15,2,Field_-0.0015,-1.72 V,-1.718,-1.61611,3.43136710e-04
large_B_reverse,Large B: reverse,15,90,15,2,Field_-0.0015,-1.72 V,-1.718,-1.60611,3.44625385e-04
large_B_reverse,Large B: reverse,15,90,15,2,Field_-0.0015,-1.72 V,-1.718,-1.59611,3.36147681e-04
large_B_reverse,Large B: reverse,15,90,15,2,Field_-0.0015,-1.72 V,-1.718,-1.58611,3.08956709e-04
large_B_reverse,Large B: reverse,15,90,15,2,Field_-0.0015,-1.72 V,-1.718,-1.57611,2.69364796e-04
large_B_reverse,Large B: reverse,15,90,15,2,Field_-0.0015,-1.72 V,-1.718,-1.56611,2.30374949e-04
large_B_reverse,Large B: reverse,15,90,15,2,Field_-0.0015,-1.72 V,-1.718,-1.55611,1.98472132e-04
large_B_reverse,Large B: reverse,15,90,15,2,Field_-0.0015,-1.72 V,-1.718,-1.54611,1.72999831e-04
large_B_reverse,Large B: reverse,15,90,15,2,Field_-0.0015,-1.72 V,-1.718,-1.53611,1.52264426e-04
large_B_reverse,Large B: reverse,15,90,15,2,Field_-0.0015,-1.72 V,-1.718,-1.52611,1.35201119e-04
large_B_reverse,Large B: reverse,15,90,15,2,Field_-0.0015,-1.72 V,-1.718,-1.51611,1.21091368e-04
large_B_reverse,Large B: reverse,15,90,15,2,Field_-0.0015,-1.72 V,-1.718,-1.50611,1.09387779e-04
large_B_reverse,Large B: reverse,15,90,15,2,Field_-0.0015,-1.72 V,-1.718,-1.49611,9.96619927e-05
large_B_reverse,Large B: reverse,15,90,15,2,Field_-0.0015,-1.72 V,-1.718,-1.48611,9.15802787e-05
large_B_reverse,Large B: reverse,15,90,15,2,Field_-0.0015,-1.72 V,-1.718,-1.47611,8.48851280e-05
large_B_reverse,Large B: reverse,15,90,15,2,Field_-0.0015,-1.72 V,-1.718,-1.46611,7.93805312e-05
large_B_reverse,Large B: reverse,15,90,15,2,Field_-0.0015,-1.72 V,-1.718,-1.45611,7.49209527e-05
large_B_reverse,Large B: reverse,15,90,15,2,Field_-0.0015,-1.72 V,-1.718,-1.44611,7.14038475e-05
large_B_reverse,Large B: reverse,15,90,15,2,Field_-0.0015,-1.72 V,-1.718,-1.43611,6.87655337e-05
large_B_reverse,Large B: reverse,15,90,15,2,Field_-0.0015,-1.72 V,-1.718,-1.42611,6.69804770e-05
large_B_reverse,Large B: reverse,15,90,15,2,Field_-0.0015,-1.72 V,-1.718,-1.41611,6.60645355e-05
large_B_reverse,Large B: reverse,15,90,15,2,Field_-0.0015,-1.72 V,-1.718,-1.40611,6.60835445e-05
large_B_reverse,Large B: reverse,15,90,15,2,Field_-0.0015,-1.72 V,-1.718,-1.39611,6.71700903e-05
large_B_reverse,Large B: reverse,15,90,15,2,Field_-0.0015,-1.72 V,-1.718,-1.38611,6.95541499e-05
large_B_reverse,Large B: reverse,15,90,15,2,Field_-0.0015,-1.72 V,-1.718,-1.37611,7.36191326e-05
large_B_reverse,Large B: reverse,15,90,15,2,Field_-0.0015,-1.72 V,-1.718,-1.36611,8.00079316e-05
large_B_reverse,Large B: reverse,15,90,15,2,Field_-0.0015,-1.72 V,-1.718,-1.35611,8.98352354e-05
large_B_reverse,Large B: reverse,15,90,15,2,Field_-0.0015,-1.72 V,-1.718,-1.34611,1.05146591e-04
large_B_reverse,Large B: reverse,15,90,15,2,Field_-0.0015,-1.72 V,-1.718,-1.33611,1.30017471e-04
large_B_reverse,Large B: reverse,15,90,15,2,Field_-0.0015,-1.72 V,-1.718,-1.32611,1.73571139e-04
large_B_reverse,Large B: reverse,15,90,15,2,Field_-0.0015,-1.72 V,-1.718,-1.31611,2.60035211e-04
large_B_reverse,Large B: reverse,15,90,15,2,Field_-0.0015,-1.72 V,-1.718,-1.30611,4.73917077e-04
large_B_reverse,Large B: reverse,15,90,15,2,Field_-0.0015,-1.72 V,-1.718,-1.29611,1.31135168e-03
large_B_reverse,Large B: reverse,15,90,15,2,Field_-0.0015,-1.72 V,-1.718,-1.28611,1.96959239e-02
large_B_reverse,Large B: reverse,15,90,15,2,Field_-0.0015,-1.72 V,-1.718,-1.27611,3.91062599e-03
large_B_reverse,Large B: reverse,15,90,15,2,Field_-0.0015,-1.72 V,-1.718,-1.26611,5.94626052e-04
large_B_reverse,Large B: reverse,15,90,15,2,Field_-0.0015,-1.72 V,-1.718,-1.25611,2.15324416e-04
large_B_reverse,Large B: reverse,15,90,15,2,Field_-0.0015,-1.72 V,-1.718,-1.24611,1.05729608e-04
large_B_reverse,Large B: reverse,15,90,15,2,Field_-0.0015,-1.72 V,-1.718,-1.23611,6.08668198e-05
large_B_reverse,Large B: reverse,15,90,15,2,Field_-0.0015,-1.72 V,-1.718,-1.22611,3.87438801e-05
large_B_reverse,Large B: reverse,15,90,15,2,Field_-0.0015,-1.72 V,-1.718,-1.21611,2.66973941e-05
large_B_reverse,Large B: reverse,15,90,15,2,Field_-0.0015,-1.72 V,-1.718,-1.20611,2.00262476e-05
large_B_reverse,Large B: reverse,15,90,15,2,Field_-0.0015,-1.72 V,-1.718,-1.19611,1.59761181e-05
large_B_reverse,Large B: reverse,15,90,15,2,Field_-0.0015,-1.72 V,-1.718,-1.18611,1.29406251e-05
large_B_reverse,Large B: reverse,15,90,15,2,Field_-0.0015,-1.72 V,-1.718,-1.17611,1.06252740e-05
large_B_reverse,Large B: reverse,15,90,15,2,Field_-0.0015,-1.72 V,-1.718,-1.16611,8.90356930e-06
large_B_reverse,Large B: reverse,15,90,15,2,Field_-0.0015,-1.72 V,-1.718,-1.15611,7.62448589e-06
large_B_reverse,Large B: reverse,15,90,15,2,Field_-0.0015,-1.72 V,-1.718,-1.14611,6.66597732e-06
large_B_reverse,Large B: reverse,15,90,15,2,Field_-0.0015,-1.72 V,-1.718,-1.13611,5.94171639e-06
large_B_reverse,Large B: reverse,15,90,15,2,Field_-0.0015,-1.72 V,-1.718,-1.12611,5.39251927e-06
large_B_reverse,Large B: reverse,15,90,15,2,Field_-0.0015,-1.72 V,-1.718,-1.11611,4.97795184e-06
large_B_reverse,Large B: reverse,15,90,15,2,Field_-0.0015,-1.72 V,-1.718,-1.10611,4.67042294e-06
large_B_reverse,Large B: reverse,15,90,15,2,Field_-0.0015,-1.72 V,-1.718,-1.09611,4.45134255e-06
large_B_reverse,Large B: reverse,15,90,15,2,Field_-0.0015,-1.72 V,-1.718,-1.08611,4.30870228e-06
large_B_reverse,Large B: reverse,15,90,15,2,Field_-0.0015,-1.72 V,-1.718,-1.07611,4.23561780e-06
large_B_reverse,Large B: reverse,15,90,15,2,Field_-0.0015,-1.72 V,-1.718,-1.06611,4.22955584e-06
large_B_reverse,Large B: reverse,15,90,15,2,Field_-0.0015,-1.72 V,-1.718,-1.05611,4.29210605e-06
large_B_reverse,Large B: reverse,15,90,15,2,Field_-0.0015,-1.72 V,-1.718,-1.04611,4.42926721e-06
large_B_reverse,Large B: reverse,15,90,15,2,Field_-0.0015,-1.72 V,-1.718,-1.03611,4.65232367e-06
large_B_reverse,Large B: reverse,15,90,15,2,Field_-0.0015,-1.72 V,-1.718,-1.02611,4.97952515e-06
large_B_reverse,Large B: reverse,15,90,15,2,Field_-0.0015,-1.72 V,-1.718,-1.01611,5.43899945e-06
large_B_reverse,Large B: reverse,15,90,15,2,Field_-0.0015,-1.72 V,-1.718,-1.00611,6.07371762e-06
large_B_reverse,Large B: reverse,15,90,15,2,Field_-0.0015,-1.72 V,-1.718,-0.99611,6.95050918e-06
large_B_reverse,Large B: reverse,15,90,15,2,Field_-0.0015,-1.72 V,-1.718,-0.98611,8.17494556e-06
large_B_reverse,Large B: reverse,15,90,15,2,Field_-0.0015,-1.72 V,-1.718,-0.97611,9.91994143e-06
large_B_reverse,Large B: reverse,15,90,15,2,Field_-0.0015,-1.72 V,-1.718,-0.96611,1.24838641e-05
large_B_reverse,Large B: reverse,15,90,15,2,Field_-0.0015,-1.72 V,-1.718,-0.95611,1.64142444e-05
large_B_reverse,Large B: reverse,15,90,15,2,Field_-0.0015,-1.72 V,-1.718,-0.94611,2.27997949e-05
large_B_reverse,Large B: reverse,15,90,15,2,Field_-0.0015,-1.72 V,-1.718,-0.93611,3.40511415e-05
large_B_reverse,Large B: reverse,15,90,15,2,Field_-0.0015,-1.72 V,-1.718,-0.92611,5.63786421e-05
large_B_reverse,Large B: reverse,15,90,15,2,Field_-0.0015,-1.72 V,-1.718,-0.91611,1.09937018e-04
large_B_reverse,Large B: reverse,15,90,15,2,Field_-0.0015,-1.72 V,-1.718,-0.90611,2.92871814e-04
large_B_reverse,Large B: reverse,15,90,15,2,Field_-0.0015,-1.72 V,-1.718,-0.89611,1.91228090e-03
large_B_reverse,Large B: reverse,15,90,15,2,Field_-0.0015,-1.72 V,-1.718,-0.88611,7.27618462e-03
large_B_reverse,Large B: reverse,15,90,15,2,Field_-0.0015,-1.72 V,-1.718,-0.87611,5.29710179e-04
large_B_reverse,Large B: reverse,15,90,15,2,Field_-0.0015,-1.72 V,-1.718,-0.86611,1.86988968e-04
large_B_reverse,Large B: reverse,15,90,15,2,Field_-0.0015,-1.72 V,-1.718,-0.85611,9.93609786e-05
large_B_reverse,Large B: reverse,15,90,15,2,Field_-0.0015,-1.72 V,-1.718,-0.84611,6.41739596e-05
large_B_reverse,Large B: reverse,15,90,15,2,Field_-0.0015,-1.72 V,-1.718,-0.83611,4.65766827e-05
large_B_reverse,Large B: reverse,15,90,15,2,Field_-0.0015,-1.72 V,-1.718,-0.82611,3.65854937e-05
large_B_reverse,Large B: reverse,15,90,15,2,Field_-0.0015,-1.72 V,-1.718,-0.81611,3.04565289e-05
large_B_reverse,Large B: reverse,15,90,15,2,Field_-0.0015,-1.72 V,-1.718,-0.80611,2.65269579e-05
large_B_reverse,Large B: reverse,15,90,15,2,Field_-0.0015,-1.72 V,-1.718,-0.79611,2.39675526e-05
large_B_reverse,Large B: reverse,15,90,15,2,Field_-0.0015,-1.72 V,-1.718,-0.78611,2.23289690e-05
large_B_reverse,Large B: reverse,15,90,15,2,Field_-0.0015,-1.72 V,-1.718,-0.77611,2.13521407e-05
large_B_reverse,Large B: reverse,15,90,15,2,Field_-0.0015,-1.72 V,-1.718,-0.76611,2.08800070e-05
large_B_reverse,Large B: reverse,15,90,15,2,Field_-0.0015,-1.72 V,-1.718,-0.75611,2.08126293e-05
large_B_reverse,Large B: reverse,15,90,15,2,Field_-0.0015,-1.72 V,-1.718,-0.74611,2.10828728e-05
large_B_reverse,Large B: reverse,15,90,15,2,Field_-0.0015,-1.72 V,-1.718,-0.73611,2.16431469e-05
large_B_reverse,Large B: reverse,15,90,15,2,Field_-0.0015,-1.72 V,-1.718,-0.72611,2.24589594e-05
large_B_reverse,Large B: reverse,15,90,15,2,Field_-0.0015,-1.72 V,-1.718,-0.71611,2.35064714e-05
large_B_reverse,Large B: reverse,15,90,15,2,Field_-0.0015,-1.72 V,-1.718,-0.70611,2.47706064e-05
large_B_reverse,Large B: reverse,15,90,15,2,Field_-0.0015,-1.72 V,-1.718,-0.69611,2.62393328e-05
large_B_reverse,Large B: reverse,15,90,15,2,Field_-0.0015,-1.72 V,-1.718,-0.68611,2.78904006e-05
large_B_reverse,Large B: reverse,15,90,15,2,Field_-0.0015,-1.72 V,-1.718,-0.67611,2.96699199e-05
large_B_reverse,Large B: reverse,15,90,15,2,Field_-0.0015,-1.72 V,-1.718,-0.66611,3.14674905e-05
large_B_reverse,Large B: reverse,15,90,15,2,Field_-0.0015,-1.72 V,-1.718,-0.65611,3.30997559e-05
large_B_reverse,Large B: reverse,15,90,15,2,Field_-0.0015,-1.72 V,-1.718,-0.64611,3.43209158e-05
large_B_reverse,Large B: reverse,15,90,15,2,Field_-0.0015,-1.72 V,-1.718,-0.63611,3.48758231e-05
large_B_reverse,Large B: reverse,15,90,15,2,Field_-0.0015,-1.72 V,-1.718,-0.62611,3.45872153e-05
large_B_reverse,Large B: reverse,15,90,15,2,Field_-0.0015,-1.72 V,-1.718,-0.61611,3.34321662e-05
large_B_reverse,Large B: reverse,15,90,15,2,Field_-0.0015,-1.72 V,-1.718,-0.60611,3.15544178e-05
large_B_reverse,Large B: reverse,15,90,15,2,Field_-0.0015,-1.72 V,-1.718,-0.59611,2.92031982e-05
large_B_reverse,Large B: reverse,15,90,15,2,Field_-0.0015,-1.72 V,-1.718,-0.58611,2.66432850e-05
large_B_reverse,Large B: reverse,15,90,15,2,Field_-0.0015,-1.72 V,-1.718,-0.57611,2.40885604e-05
large_B_reverse,Large B: reverse,15,90,15,2,Field_-0.0015,-1.72 V,-1.718,-0.56611,2.16780375e-05
large_B_reverse,Large B: reverse,15,90,15,2,Field_-0.0015,-1.72 V,-1.718,-0.55611,1.94830462e-05
large_B_reverse,Large B: reverse,15,90,15,2,Field_-0.0015,-1.72 V,-1.718,-0.54611,1.75267382e-05
large_B_reverse,Large B: reverse,15,90,15,2,Field_-0.0015,-1.72 V,-1.718,-0.53611,1.58033821e-05
large_B_reverse,Large B: reverse,15,90,15,2,Field_-0.0015,-1.72 V,-1.718,-0.52611,1.42926794e-05
large_B_reverse,Large B: reverse,15,90,15,2,Field_-0.0015,-1.72 V,-1.718,-0.51611,1.29688145e-05
large_B_reverse,Large B: reverse,15,90,15,2,Field_-0.0015,-1.72 V,-1.718,-0.50611,1.18055319e-05
large_B_reverse,Large B: reverse,15,90,15,2,Field_-0.0015,-1.72 V,-1.718,-0.49611,1.07786500e-05
large_B_reverse,Large B: reverse,15,90,15,2,Field_-0.0015,-1.72 V,-1.718,-0.48611,9.86707982e-06
large_B_reverse,Large B: reverse,15,90,15,2,Field_-0.0015,-1.72 V,-1.718,-0.47611,9.05303422e-06
large_B_reverse,Large B: reverse,15,90,15,2,Field_-0.0015,-1.72 V,-1.718,-0.46611,8.32183634e-06
large_B_reverse,Large B: reverse,15,90,15,2,Field_-0.0015,-1.72 V,-1.718,-0.45611,7.66155208e-06
large_B_reverse,Large B: reverse,15,90,15,2,Field_-0.0015,-1.72 V,-1.718,-0.44611,7.06256668e-06
large_B_reverse,Large B: reverse,15,90,15,2,Field_-0.0015,-1.72 V,-1.718,-0.43611,6.51716659e-06
large_B_reverse,Large B: reverse,15,90,15,2,Field_-0.0015,-1.72 V,-1.718,-0.42611,6.01915630e-06
large_B_reverse,Large B: reverse,15,90,15,2,Field_-0.0015,-1.72 V,-1.718,-0.41611,5.56352380e-06
large_B_reverse,Large B: reverse,15,90,15,2,Field_-0.0015,-1.72 V,-1.718,-0.40611,5.14615949e-06
large_B_reverse,Large B: reverse,15,90,15,2,Field_-0.0015,-1.72 V,-1.718,-0.39611,4.76362827e-06
large_B_reverse,Large B: reverse,15,90,15,2,Field_-0.0015,-1.72 V,-1.718,-0.38611,4.41299143e-06
large_B_reverse,Large B: reverse,15,90,15,2,Field_-0.0015,-1.72 V,-1.718,-0.37611,4.09167289e-06
large_B_reverse,Large B: reverse,15,90,15,2,Field_-0.0015,-1.72 V,-1.718,-0.36611,3.79736279e-06
large_B_reverse,Large B: reverse,15,90,15,2,Field_-0.0015,-1.72 V,-1.718,-0.35611,3.52795146e-06
large_B_reverse,Large B: reverse,15,90,15,2,Field_-0.0015,-1.72 V,-1.718,-0.34611,3.28148639e-06
large_B_reverse,Large B: reverse,15,90,15,2,Field_-0.0015,-1.72 V,-1.718,-0.33611,3.05614602e-06
large_B_reverse,Large B: reverse,15,90,15,2,Field_-0.0015,-1.72 V,-1.718,-0.32611,2.85022474e-06
large_B_reverse,Large B: reverse,15,90,15,2,Field_-0.0015,-1.72 V,-1.718,-0.31611,2.66212510e-06
large_B_reverse,Large B: reverse,15,90,15,2,Field_-0.0015,-1.72 V,-1.718,-0.30611,2.49035389e-06
large_B_reverse,Large B: reverse,15,90,15,2,Field_-0.0015,-1.72 V,-1.718,-0.29611,2.33351992e-06
large_B_reverse,Large B: reverse,15,90,15,2,Field_-0.0015,-1.72 V,-1.718,-0.28611,2.19033228e-06
large_B_reverse,Large B: reverse,15,90,15,2,Field_-0.0015,-1.72 V,-1.718,-0.27611,2.05959814e-06
large_B_reverse,Large B: reverse,15,90,15,2,Field_-0.0015,-1.72 V,-1.718,-0.26611,1.94021989e-06
large_B_reverse,Large B: reverse,15,90,15,2,Field_-0.0015,-1.72 V,-1.718,-0.25611,1.83119132e-06
large_B_reverse,Large B: reverse,15,90,15,2,Field_-0.0015,-1.72 V,-1.718,-0.24611,1.73159325e-06
large_B_reverse,Large B: reverse,15,90,15,2,Field_-0.0015,-1.72 V,-1.718,-0.23611,1.64058849e-06
large_B_reverse,Large B: reverse,15,90,15,2,Field_-0.0015,-1.72 V,-1.718,-0.22611,1.55741641e-06
large_B_reverse,Large B: reverse,15,90,15,2,Field_-0.0015,-1.72 V,-1.718,-0.21611,1.48138746e-06
large_B_reverse,Large B: reverse,15,90,15,2,Field_-0.0015,-1.72 V,-1.718,-0.20611,1.41187750e-06
large_B_reverse,Large B: reverse,15,90,15,2,Field_-0.0015,-1.72 V,-1.718,-0.19611,1.34832242e-06
large_B_reverse,Large B: reverse,15,90,15,2,Field_-0.0015,-1.72 V,-1.718,-0.18611,1.29021281e-06
large_B_reverse,Large B: reverse,15,90,15,2,Field_-0.0015,-1.72 V,-1.718,-0.17611,1.23708905e-06
large_B_reverse,Large B: reverse,15,90,15,2,Field_-0.0015,-1.72 V,-1.718,-0.16611,1.18853663e-06
large_B_reverse,Large B: reverse,15,90,15,2,Field_-0.0015,-1.72 V,-1.718,-0.15611,1.14418186e-06
large_B_reverse,Large B: reverse,15,90,15,2,Field_-0.0015,-1.72 V,-1.718,-0.14611,1.10368797e-06
large_B_reverse,Large B: reverse,15,90,15,2,Field_-0.0015,-1.72 V,-1.718,-0.13611,1.06675148e-06
large_B_reverse,Large B: reverse,15,90,15,2,Field_-0.0015,-1.72 V,-1.718,-0.12611,1.03309901e-06
large_B_reverse,Large B: reverse,15,90,15,2,Field_-0.0015,-1.72 V,-1.718,-0.11611,1.00248431e-06
large_B_reverse,Large B: reverse,15,90,15,2,Field_-0.0015,-1.72 V,-1.718,-0.10611,9.74685686e-07
large_B_reverse,Large B: reverse,15,90,15,2,Field_-0.0015,-1.72 V,-1.718,-0.09611,9.49503632e-07
large_B_reverse,Large B: reverse,15,90,15,2,Field_-0.0015,-1.72 V,-1.718,-0.08611,9.26758764e-07
large_B_reverse,Large B: reverse,15,90,15,2,Field_-0.0015,-1.72 V,-1.718,-0.07611,9.06289960e-07
large_B_reverse,Large B: reverse,15,90,15,2,Field_-0.0015,-1.72 V,-1.718,-0.06611,8.87952719e-07
large_B_reverse,Large B: reverse,15,90,15,2,Field_-0.0015,-1.72 V,-1.718,-0.05611,8.71617709e-07
large_B_reverse,Large B: reverse,15,90,15,2,Field_-0.0015,-1.72 V,-1.718,-0.04611,8.57169483e-07
large_B_reverse,Large B: reverse,15,90,15,2,Field_-0.0015,-1.72 V,-1.718,-0.03611,8.44505348e-07
large_B_reverse,Large B: reverse,15,90,15,2,Field_-0.0015,-1.72 V,-1.718,-0.02611,8.33534370e-07
large_B_reverse,Large B: reverse,15,90,15,2,Field_-0.0015,-1.72 V,-1.718,-0.01611,8.24176497e-07
large_B_reverse,Large B: reverse,15,90,15,2,Field_-0.0015,-1.72 V,-1.718,-0.00611,8.16361790e-07
large_B_reverse,Large B: reverse,15,90,15,2,Field_-0.0015,-1.72 V,-1.718,0.00389,8.09919691e-07
large_B_reverse,Large B: reverse,15,90,15,2,Field_-0.0015,-1.72 V,-1.718,0.01389,8.04683935e-07
large_B_reverse,Large B: reverse,15,90,15,2,Field_-0.0015,-1.72 V,-1.718,0.02389,8.00603897e-07
large_B_reverse,Large B: reverse,15,90,15,2,Field_-0.0015,-1.72 V,-1.718,0.03389,7.97636029e-07
large_B_reverse,Large B: reverse,15,90,15,2,Field_-0.0015,-1.72 V,-1.718,0.04389,7.95743203e-07
large_B_reverse,Large B: reverse,15,90,15,2,Field_-0.0015,-1.72 V,-1.718,0.05389,7.94894057e-07
large_B_reverse,Large B: reverse,15,90,15,2,Field_-0.0015,-1.72 V,-1.718,0.06389,7.95062336e-07
large_B_reverse,Large B: reverse,15,90,15,2,Field_-0.0015,-1.72 V,-1.718,0.07389,7.96226205e-07
large_B_reverse,Large B: reverse,15,90,15,2,Field_-0.0015,-1.72 V,-1.718,0.08389,7.98367535e-07
large_B_reverse,Large B: reverse,15,90,15,2,Field_-0.0015,-1.72 V,-1.718,0.09389,8.01471137e-07
large_B_reverse,Large B: reverse,15,90,15,2,Field_-0.0015,-1.72 V,-1.718,0.10389,8.05523928e-07
large_B_reverse,Large B: reverse,15,90,15,2,Field_-0.0015,-1.72 V,-1.718,0.11389,8.10514019e-07
large_B_reverse,Large B: reverse,15,90,15,2,Field_-0.0015,-1.72 V,-1.718,0.12389,8.16429711e-07
large_B_reverse,Large B: reverse,15,90,15,2,Field_-0.0015,-1.72 V,-1.718,0.13389,8.23258391e-07
large_B_reverse,Large B: reverse,15,90,15,2,Field_-0.0015,-1.72 V,-1.718,0.14389,8.30985319e-07
large_B_reverse,Large B: reverse,15,90,15,2,Field_-0.0015,-1.72 V,-1.718,0.15389,8.39592326e-07
large_B_reverse,Large B: reverse,15,90,15,2,Field_-0.0015,-1.72 V,-1.718,0.16389,8.49056436e-07
large_B_reverse,Large B: reverse,15,90,15,2,Field_-0.0015,-1.72 V,-1.718,0.17389,8.59348445e-07
large_B_reverse,Large B: reverse,15,90,15,2,Field_-0.0015,-1.72 V,-1.718,0.18389,8.70431538e-07
large_B_reverse,Large B: reverse,15,90,15,2,Field_-0.0015,-1.72 V,-1.718,0.19389,8.82259999e-07
large_B_reverse,Large B: reverse,15,90,15,2,Field_-0.0015,-1.72 V,-1.718,0.20389,8.94778149e-07
large_B_reverse,Large B: reverse,15,90,15,2,Field_-0.0015,-1.72 V,-1.718,0.21389,9.07919612e-07
large_B_reverse,Large B: reverse,15,90,15,2,Field_-0.0015,-1.72 V,-1.718,0.22389,9.21607072e-07
large_B_reverse,Large B: reverse,15,90,15,2,Field_-0.0015,-1.72 V,-1.718,0.23389,9.35752623e-07
large_B_reverse,Large B: reverse,15,90,15,2,Field_-0.0015,-1.72 V,-1.718,0.24389,9.50258860e-07
large_B_reverse,Large B: reverse,15,90,15,2,Field_-0.0015,-1.72 V,-1.718,0.25389,9.65020728e-07
large_B_reverse,Large B: reverse,15,90,15,2,Field_-0.0015,-1.72 V,-1.718,0.26389,9.79928168e-07
large_B_reverse,Large B: reverse,15,90,15,2,Field_-0.0015,-1.72 V,-1.718,0.27389,9.94869438e-07
large_B_reverse,Large B: reverse,15,90,15,2,Field_-0.0015,-1.72 V,-1.718,0.28389,1.00973493e-06
large_B_reverse,Large B: reverse,15,90,15,2,Field_-0.0015,-1.72 V,-1.718,0.29389,1.02442123e-06
large_B_reverse,Large B: reverse,15,90,15,2,Field_-0.0015,-1.72 V,-1.718,0.30389,1.03883507e-06
large_B_reverse,Large B: reverse,15,90,15,2,Field_-0.0015,-1.72 V,-1.718,0.31389,1.05289688e-06
large_B_reverse,Large B: reverse,15,90,15,2,Field_-0.0015,-1.72 V,-1.718,0.32389,1.06654353e-06
large_B_reverse,Large B: reverse,15,90,15,2,Field_-0.0015,-1.72 V,-1.718,0.33389,1.07973020e-06
large_B_reverse,Large B: reverse,15,90,15,2,Field_-0.0015,-1.72 V,-1.718,0.34389,1.09243098e-06
large_B_reverse,Large B: reverse,15,90,15,2,Field_-0.0015,-1.72 V,-1.718,0.35389,1.10463858e-06
large_B_reverse,Large B: reverse,15,90,15,2,Field_-0.0015,-1.72 V,-1.718,0.36389,1.11636284e-06
large_B_reverse,Large B: reverse,15,90,15,2,Field_-0.0015,-1.72 V,-1.718,0.37389,1.12762857e-06
large_B_reverse,Large B: reverse,15,90,15,2,Field_-0.0015,-1.72 V,-1.718,0.38389,1.13847286e-06
large_B_reverse,Large B: reverse,15,90,15,2,Field_-0.0015,-1.72 V,-1.718,0.39389,1.14894211e-06
large_B_reverse,Large B: reverse,15,90,15,2,Field_-0.0015,-1.72 V,-1.718,0.40389,1.15908902e-06
large_B_reverse,Large B: reverse,15,90,15,2,Field_-0.0015,-1.72 V,-1.718,0.41389,1.16896988e-06
large_B_reverse,Large B: reverse,15,90,15,2,Field_-0.0015,-1.72 V,-1.718,0.42389,1.17864207e-06
large_B_reverse,Large B: reverse,15,90,15,2,Field_-0.0015,-1.72 V,-1.718,0.43389,1.18816216e-06
large_B_reverse,Large B: reverse,15,90,15,2,Field_-0.0015,-1.72 V,-1.718,0.44389,1.19758425e-06
large_B_reverse,Large B: reverse,15,90,15,2,Field_-0.0015,-1.72 V,-1.718,0.45389,1.20695901e-06
large_B_reverse,Large B: reverse,15,90,15,2,Field_-0.0015,-1.72 V,-1.718,0.46389,1.21633286e-06
large_B_reverse,Large B: reverse,15,90,15,2,Field_-0.0015,-1.72 V,-1.718,0.47389,1.22574773e-06
large_B_reverse,Large B: reverse,15,90,15,2,Field_-0.0015,-1.72 V,-1.718,0.48389,1.23524092e-06
large_B_reverse,Large B: reverse,15,90,15,2,Field_-0.0015,-1.72 V,-1.718,0.49389,1.24484529e-06
large_B_reverse,Large B: reverse,15,90,15,2,Field_-0.0015,-1.72 V,-1.718,0.50389,1.25458954e-06
large_B_reverse,Large B: reverse,15,90,15,2,Field_-0.0015,-1.72 V,-1.718,0.51389,1.26449864e-06
large_B_reverse,Large B: reverse,15,90,15,2,Field_-0.0015,-1.72 V,-1.718,0.52389,1.27459432e-06
large_B_reverse,Large B: reverse,15,90,15,2,Field_-0.0015,-1.72 V,-1.718,0.53389,1.28489561e-06
large_B_reverse,Large B: reverse,15,90,15,2,Field_-0.0015,-1.72 V,-1.718,0.54389,1.29541938e-06
large_B_reverse,Large B: reverse,15,90,15,2,Field_-0.0015,-1.72 V,-1.718,0.55389,1.30618097e-06
large_B_reverse,Large B: reverse,15,90,15,2,Field_-0.0015,-1.72 V,-1.718,0.56389,1.31719478e-06
large_B_reverse,Large B: reverse,15,90,15,2,Field_-0.0015,-1.72 V,-1.718,0.57389,1.32847495e-06
large_B_reverse,Large B: reverse,15,90,15,2,Field_-0.0015,-1.72 V,-1.718,0.58389,1.34003605e-06
large_B_reverse,Large B: reverse,15,90,15,2,Field_-0.0015,-1.72 V,-1.718,0.59389,1.35189388e-06
large_B_reverse,Large B: reverse,15,90,15,2,Field_-0.0015,-1.72 V,-1.718,0.60389,1.36406629e-06
large_B_reverse,Large B: reverse,15,90,15,2,Field_-0.0015,-1.72 V,-1.718,0.61389,1.37657426e-06
large_B_reverse,Large B: reverse,15,90,15,2,Field_-0.0015,-1.72 V,-1.718,0.62389,1.38944298e-06
large_B_reverse,Large B: reverse,15,90,15,2,Field_-0.0015,-1.72 V,-1.718,0.63389,1.40270323e-06
large_B_reverse,Large B: reverse,15,90,15,2,Field_-0.0015,-1.72 V,-1.718,0.64389,1.41639290e-06
large_B_reverse,Large B: reverse,15,90,15,2,Field_-0.0015,-1.72 V,-1.718,0.65389,1.43055886e-06
large_B_reverse,Large B: reverse,15,90,15,2,Field_-0.0015,-1.72 V,-1.718,0.66389,1.44525897e-06
large_B_reverse,Large B: reverse,15,90,15,2,Field_-0.0015,-1.72 V,-1.718,0.67389,1.46056452e-06
large_B_reverse,Large B: reverse,15,90,15,2,Field_-0.0015,-1.72 V,-1.718,0.68389,1.47656282e-06
large_B_reverse,Large B: reverse,15,90,15,2,Field_-0.0015,-1.72 V,-1.718,0.69389,1.49336022e-06
large_B_reverse,Large B: reverse,15,90,15,2,Field_-0.0015,-1.72 V,-1.718,0.70389,1.51108526e-06
large_B_reverse,Large B: reverse,15,90,15,2,Field_-0.0015,-1.72 V,-1.718,0.71389,1.52989208e-06
large_B_reverse,Large B: reverse,15,90,15,2,Field_-0.0015,-1.72 V,-1.718,0.72389,1.54996394e-06
large_B_reverse,Large B: reverse,15,90,15,2,Field_-0.0015,-1.72 V,-1.718,0.73389,1.57151669e-06
large_B_reverse,Large B: reverse,15,90,15,2,Field_-0.0015,-1.72 V,-1.718,0.74389,1.59480216e-06
large_B_reverse,Large B: reverse,15,90,15,2,Field_-0.0015,-1.72 V,-1.718,0.75389,1.62011123e-06
large_B_reverse,Large B: reverse,15,90,15,2,Field_-0.0015,-1.72 V,-1.718,0.76389,1.64777636e-06
large_B_reverse,Large B: reverse,15,90,15,2,Field_-0.0015,-1.72 V,-1.718,0.77389,1.67817353e-06
large_B_reverse,Large B: reverse,15,90,15,2,Field_-0.0015,-1.72 V,-1.718,0.78389,1.71172332e-06
large_B_reverse,Large B: reverse,15,90,15,2,Field_-0.0015,-1.72 V,-1.718,0.79389,1.74889103e-06
large_B_reverse,Large B: reverse,15,90,15,2,Field_-0.0015,-1.72 V,-1.718,0.80389,1.79018579e-06
large_B_reverse,Large B: reverse,15,90,15,2,Field_-0.0015,-1.72 V,-1.718,0.81389,1.83615865e-06
large_B_reverse,Large B: reverse,15,90,15,2,Field_-0.0015,-1.72 V,-1.718,0.82389,1.88739973e-06
large_B_reverse,Large B: reverse,15,90,15,2,Field_-0.0015,-1.72 V,-1.718,0.83389,1.94453472e-06
large_B_reverse,Large B: reverse,15,90,15,2,Field_-0.0015,-1.72 V,-1.718,0.84389,2.00822090e-06
large_B_reverse,Large B: reverse,15,90,15,2,Field_-0.0015,-1.72 V,-1.718,0.85389,2.07914319e-06
large_B_reverse,Large B: reverse,15,90,15,2,Field_-0.0015,-1.72 V,-1.718,0.86389,2.15801063e-06
large_B_reverse,Large B: reverse,15,90,15,2,Field_-0.0015,-1.72 V,-1.718,0.87389,2.24555373e-06
large_B_reverse,Large B: reverse,15,90,15,2,Field_-0.0015,-1.72 V,-1.718,0.88389,2.34252329e-06
large_B_reverse,Large B: reverse,15,90,15,2,Field_-0.0015,-1.72 V,-1.718,0.89389,2.44969098e-06
large_B_reverse,Large B: reverse,15,90,15,2,Field_-0.0015,-1.72 V,-1.718,0.90389,2.56785217e-06
large_B_reverse,Large B: reverse,15,90,15,2,Field_-0.0015,-1.72 V,-1.718,0.91389,2.69783126e-06
large_B_reverse,Large B: reverse,15,90,15,2,Field_-0.0015,-1.72 V,-1.718,0.92389,2.84048973e-06
large_B_reverse,Large B: reverse,15,90,15,2,Field_-0.0015,-1.72 V,-1.718,0.93389,2.99673696e-06
large_B_reverse,Large B: reverse,15,90,15,2,Field_-0.0015,-1.72 V,-1.718,0.94389,3.16754415e-06
large_B_reverse,Large B: reverse,15,90,15,2,Field_-0.0015,-1.72 V,-1.718,0.95389,3.35396107e-06
large_B_reverse,Large B: reverse,15,90,15,2,Field_-0.0015,-1.72 V,-1.718,0.96389,3.55713609e-06
large_B_reverse,Large B: reverse,15,90,15,2,Field_-0.0015,-1.72 V,-1.718,0.97389,3.77833944e-06
large_B_reverse,Large B: reverse,15,90,15,2,Field_-0.0015,-1.72 V,-1.718,0.98389,4.01899023e-06
large_B_reverse,Large B: reverse,15,90,15,2,Field_-0.0015,-1.72 V,-1.718,0.99389,4.28068774e-06
large_B_reverse,Large B: reverse,15,90,15,2,Field_-0.0015,-1.72 V,-1.718,1.00389,4.56669075e-06
large_B_reverse,Large B: reverse,15,90,15,2,Field_-0.0015,-1.72 V,-1.718,1.01389,4.88154114e-06
large_B_reverse,Large B: reverse,15,90,15,2,Field_-0.0015,-1.72 V,-1.718,1.02389,5.22939126e-06
large_B_reverse,Large B: reverse,15,90,15,2,Field_-0.0015,-1.72 V,-1.718,1.03389,5.61511537e-06
large_B_reverse,Large B: reverse,15,90,15,2,Field_-0.0015,-1.72 V,-1.718,1.04389,6.04444512e-06
large_B_reverse,Large B: reverse,15,90,15,2,Field_-0.0015,-1.72 V,-1.718,1.05389,6.52413439e-06
large_B_reverse,Large B: reverse,15,90,15,2,Field_-0.0015,-1.72 V,-1.718,1.06389,7.06216141e-06
large_B_reverse,Large B: reverse,15,90,15,2,Field_-0.0015,-1.72 V,-1.718,1.07389,7.66797873e-06
large_B_reverse,Large B: reverse,15,90,15,2,Field_-0.0015,-1.72 V,-1.718,1.08389,8.35282492e-06
large_B_reverse,Large B: reverse,15,90,15,2,Field_-0.0015,-1.72 V,-1.718,1.09389,9.13011581e-06
large_B_reverse,Large B: reverse,15,90,15,2,Field_-0.0015,-1.72 V,-1.718,1.10389,1.00159393e-05
large_B_reverse,Large B: reverse,15,90,15,2,Field_-0.0015,-1.72 V,-1.718,1.11389,1.10296849e-05
large_B_reverse,Large B: reverse,15,90,15,2,Field_-0.0015,-1.72 V,-1.718,1.12389,1.21948502e-05
large_B_reverse,Large B: reverse,15,90,15,2,Field_-0.0015,-1.72 V,-1.718,1.13389,1.35400803e-05
large_B_reverse,Large B: reverse,15,90,15,2,Field_-0.0015,-1.72 V,-1.718,1.14389,1.51005175e-05
large_B_reverse,Large B: reverse,15,90,15,2,Field_-0.0015,-1.72 V,-1.718,1.15389,1.69195655e-05
large_B_reverse,Large B: reverse,15,90,15,2,Field_-0.0015,-1.72 V,-1.718,1.16389,1.90512158e-05
large_B_reverse,Large B: reverse,15,90,15,2,Field_-0.0015,-1.72 V,-1.718,1.17389,2.15631382e-05
large_B_reverse,Large B: reverse,15,90,15,2,Field_-0.0015,-1.72 V,-1.718,1.18389,2.45408272e-05
large_B_reverse,Large B: reverse,15,90,15,2,Field_-0.0015,-1.72 V,-1.718,1.19389,2.80932144e-05
large_B_reverse,Large B: reverse,15,90,15,2,Field_-0.0015,-1.72 V,-1.718,1.20389,3.23603463e-05
large_B_reverse,Large B: reverse,15,90,15,2,Field_-0.0015,-1.72 V,-1.718,1.21389,3.75239949e-05
large_B_reverse,Large B: reverse,15,90,15,2,Field_-0.0015,-1.72 V,-1.718,1.22389,4.38224843e-05
large_B_reverse,Large B: reverse,15,90,15,2,Field_-0.0015,-1.72 V,-1.718,1.23389,5.15716405e-05
large_B_reverse,Large B: reverse,15,90,15,2,Field_-0.0015,-1.72 V,-1.718,1.24389,6.11947236e-05
large_B_reverse,Large B: reverse,15,90,15,2,Field_-0.0015,-1.72 V,-1.718,1.25389,7.32656531e-05
large_B_reverse,Large B: reverse,15,90,15,2,Field_-0.0015,-1.72 V,-1.718,1.26389,8.85720281e-05
large_B_reverse,Large B: reverse,15,90,15,2,Field_-0.0015,-1.72 V,-1.718,1.27389,1.08207662e-04
large_B_reverse,Large B: reverse,15,90,15,2,Field_-0.0015,-1.72 V,-1.718,1.28389,1.33708784e-04
large_B_reverse,Large B: reverse,15,90,15,2,Field_-0.0015,-1.72 V,-1.718,1.29389,1.67253226e-04
large_B_reverse,Large B: reverse,15,90,15,2,Field_-0.0015,-1.72 V,-1.718,1.30389,2.11944679e-04
large_B_reverse,Large B: reverse,15,90,15,2,Field_-0.0015,-1.72 V,-1.718,1.31389,2.72193460e-04
large_B_reverse,Large B: reverse,15,90,15,2,Field_-0.0015,-1.72 V,-1.718,1.32389,3.54146716e-04
large_B_reverse,Large B: reverse,15,90,15,2,Field_-0.0015,-1.72 V,-1.718,1.33389,4.65923152e-04
large_B_reverse,Large B: reverse,15,90,15,2,Field_-0.0015,-1.72 V,-1.718,1.34389,6.16869852e-04
large_B_reverse,Large B: reverse,15,90,15,2,Field_-0.0015,-1.72 V,-1.718,1.35389,8.13948859e-04
large_B_reverse,Large B: reverse,15,90,15,2,Field_-0.0015,-1.72 V,-1.718,1.36389,1.05232083e-03
large_B_reverse,Large B: reverse,15,90,15,2,Field_-0.0015,-1.72 V,-1.718,1.37389,1.30062139e-03
large_B_reverse,Large B: reverse,15,90,15,2,Field_-0.0015,-1.72 V,-1.718,1.38389,1.49659447e-03
large_B_reverse,Large B: reverse,15,90,15,2,Field_-0.0015,-1.72 V,-1.718,1.39389,1.57897668e-03
large_B_reverse,Large B: reverse,15,90,15,2,Field_-0.0015,-1.72 V,-1.718,1.40389,1.53704040e-03
large_B_reverse,Large B: reverse,15,90,15,2,Field_-0.0015,-1.72 V,-1.718,1.41389,1.41322885e-03
large_B_reverse,Large B: reverse,15,90,15,2,Field_-0.0015,-1.72 V,-1.718,1.42389,1.26080153e-03
large_B_reverse,Large B: reverse,15,90,15,2,Field_-0.0015,-1.72 V,-1.718,1.43389,1.11444203e-03
large_B_reverse,Large B: reverse,15,90,15,2,Field_-0.0015,-1.72 V,-1.718,1.44389,9.88750068e-04
large_B_reverse,Large B: reverse,15,90,15,2,Field_-0.0015,-1.72 V,-1.718,1.45389,8.86661242e-04
large_B_reverse,Large B: reverse,15,90,15,2,Field_-0.0015,-1.72 V,-1.718,1.46389,8.06266102e-04
large_B_reverse,Large B: reverse,15,90,15,2,Field_-0.0015,-1.72 V,-1.718,1.47389,7.44326964e-04
large_B_reverse,Large B: reverse,15,90,15,2,Field_-0.0015,-1.72 V,-1.718,1.48389,6.97708719e-04
large_B_reverse,Large B: reverse,15,90,15,2,Field_-0.0015,-1.72 V,-1.718,1.49389,6.63831587e-04
large_B_reverse,Large B: reverse,15,90,15,2,Field_-0.0015,-1.72 V,-1.718,1.50389,6.40736532e-04
large_B_reverse,Large B: reverse,15,90,15,2,Field_-0.0015,-1.72 V,-1.718,1.51389,6.27023320e-04
large_B_reverse,Large B: reverse,15,90,15,2,Field_-0.0015,-1.72 V,-1.718,1.52389,6.21762771e-04
large_B_reverse,Large B: reverse,15,90,15,2,Field_-0.0015,-1.72 V,-1.718,1.53389,6.24417381e-04
large_B_reverse,Large B: reverse,15,90,15,2,Field_-0.0015,-1.72 V,-1.718,1.54389,6.34777366e-04
large_B_reverse,Large B: reverse,15,90,15,2,Field_-0.0015,-1.72 V,-1.718,1.55389,6.52907961e-04
large_B_reverse,Large B: reverse,15,90,15,2,Field_-0.0015,-1.72 V,-1.718,1.56389,6.79097376e-04
large_B_reverse,Large B: reverse,15,90,15,2,Field_-0.0015,-1.72 V,-1.718,1.57389,7.13787956e-04
large_B_reverse,Large B: reverse,15,90,15,2,Field_-0.0015,-1.72 V,-1.718,1.58389,7.57462664e-04
large_B_reverse,Large B: reverse,15,90,15,2,Field_-0.0015,-1.72 V,-1.718,1.59389,8.10443410e-04
large_B_reverse,Large B: reverse,15,90,15,2,Field_-0.0015,-1.72 V,-1.718,1.60389,8.72538987e-04
large_B_reverse,Large B: reverse,15,90,15,2,Field_-0.0015,-1.72 V,-1.718,1.61389,9.42471312e-04
large_B_reverse,Large B: reverse,15,90,15,2,Field_-0.0015,-1.72 V,-1.718,1.62389,1.01704739e-03
large_B_reverse,Large B: reverse,15,90,15,2,Field_-0.0015,-1.72 V,-1.718,1.63389,1.09020781e-03
large_B_reverse,Large B: reverse,15,90,15,2,Field_-0.0015,-1.72 V,-1.718,1.64389,1.15245148e-03
large_B_reverse,Large B: reverse,15,90,15,2,Field_-0.0015,-1.72 V,-1.718,1.65389,1.19160712e-03
large_B_reverse,Large B: reverse,15,90,15,2,Field_-0.0015,-1.72 V,-1.718,1.66389,1.19588948e-03
large_B_reverse,Large B: reverse,15,90,15,2,Field_-0.0015,-1.72 V,-1.718,1.67389,1.15874533e-03
large_B_reverse,Large B: reverse,15,90,15,2,Field_-0.0015,-1.72 V,-1.718,1.68389,1.08262973e-03
large_B_reverse,Large B: reverse,15,90,15,2,Field_-0.0015,-1.72 V,-1.718,1.69389,9.78492662e-04
large_B_reverse,Large B: reverse,15,90,15,2,Field_-0.0015,-1.72 V,-1.718,1.70389,8.61088887e-04
large_B_reverse,Large B: reverse,15,90,15,2,Field_-0.0015,-1.72 V,-1.718,1.71389,7.43652461e-04
large_B_reverse,Large B: reverse,15,90,15,2,Field_-0.0015,-1.72 V,-1.718,1.72389,6.35018753e-04
large_B_reverse,Large B: reverse,15,90,15,2,Field_-0.0015,-1.72 V,-1.718,1.73389,5.39490352e-04
large_B_reverse,Large B: reverse,15,90,15,2,Field_-0.0015,-1.72 V,-1.718,1.74389,4.58095590e-04
large_B_reverse,Large B: reverse,15,90,15,2,Field_-0.0015,-1.72 V,-1.718,1.75389,3.90007253e-04
large_B_reverse,Large B: reverse,15,90,15,2,Field_-0.0015,-1.72 V,-1.718,1.76389,3.33586967e-04
large_B_reverse,Large B: reverse,15,90,15,2,Field_-0.0015,-1.72 V,-1.718,1.77389,2.87000658e-04
large_B_reverse,Large B: reverse,15,90,15,2,Field_-0.0015,-1.72 V,-1.718,1.78389,2.48522364e-04
large_B_reverse,Large B: reverse,15,90,15,2,Field_-0.0015,-1.72 V,-1.718,1.79389,2.16653452e-04
large_B_reverse,Large B: reverse,15,90,15,2,Field_-0.0015,-1.72 V,-1.718,1.80389,1.90146759e-04
large_B_reverse,Large B: reverse,15,90,15,2,Field_-0.0015,-1.72 V,-1.718,1.81389,1.67988190e-04
large_B_reverse,Large B: reverse,15,90,15,2,Field_-0.0015,-1.72 V,-1.718,1.82389,1.49363297e-04
large_B_reverse,Large B: reverse,15,90,15,2,Field_-0.0015,-1.72 V,-1.718,1.83389,1.33621859e-04
large_B_reverse,Large B: reverse,15,90,15,2,Field_-0.0015,-1.72 V,-1.718,1.84389,1.20245924e-04
large_B_reverse,Large B: reverse,15,90,15,2,Field_-0.0015,-1.72 V,-1.718,1.85389,1.08823022e-04
large_B_reverse,Large B: reverse,15,90,15,2,Field_-0.0015,-1.72 V,-1.718,1.86389,9.90246866e-05
large_B_reverse,Large B: reverse,15,90,15,2,Field_-0.0015,-1.72 V,-1.718,1.87389,9.05898028e-05
large_B_reverse,Large B: reverse,15,90,15,2,Field_-0.0015,-1.72 V,-1.718,1.88389,8.33122906e-05
large_B_reverse,Large B: reverse,15,90,15,2,Field_-0.0015,-1.72 V,-1.718,1.89389,7.70329893e-05
large_B_reverse,Large B: reverse,15,90,15,2,Field_-0.0015,-1.72 V,-1.718,1.90389,7.16365428e-05
large_B_reverse,Large B: reverse,15,90,15,2,Field_-0.0015,-1.72 V,-1.718,1.91389,6.70566512e-05
large_B_reverse,Large B: reverse,15,90,15,2,Field_-0.0015,-1.72 V,-1.718,1.92389,6.33017117e-05
large_B_reverse,Large B: reverse,15,90,15,2,Field_-0.0015,-1.72 V,-1.718,1.93389,6.05519673e-05
large_B_reverse,Large B: reverse,15,90,15,2,Field_-0.0015,-1.72 V,-1.718,1.94389,5.96524097e-05
large_B_reverse,Large B: reverse,15,90,15,2,Field_-0.0015,-1.72 V,-1.718,1.95389,6.77889482e-05
large_B_reverse,Large B: reverse,15,90,15,2,Field_-0.0015,-1.72 V,-1.718,1.96389,1.21828220e-02
large_B_reverse,Large B: reverse,15,90,15,2,Field_-0.0015,-1.72 V,-1.718,1.97389,7.48995572e-03
large_B_reverse,Large B: reverse,15,90,15,2,Field_-0.0015,-1.72 V,-1.718,1.98389,4.17509270e-05
large_B_reverse,Large B: reverse,15,90,15,2,Field_-0.0015,-1.72 V,-1.718,1.99389,3.44371174e-05
large_B_reverse,Large B: reverse,15,90,15,2,Field_-0.0015,-1.72 V,-1.718,2.00389,3.31115576e-05
large_B_reverse,Large B: reverse,15,90,15,2,Field_-0.0015,-1.72 V,-1.718,2.01389,3.20396887e-05
large_B_reverse,Large B: reverse,15,90,15,2,Field_-0.0015,-1.72 V,-1.718,2.02389,3.09722164e-05
large_B_reverse,Large B: reverse,15,90,15,2,Field_-0.0015,-1.72 V,-1.718,2.03389,2.99252197e-05
large_B_reverse,Large B: reverse,15,90,15,2,Field_-0.0015,-1.72 V,-1.718,2.04389,2.89218325e-05
large_B_reverse,Large B: reverse,15,90,15,2,Field_-0.0015,-1.72 V,-1.718,2.05389,2.79751946e-05
large_B_reverse,Large B: reverse,15,90,15,2,Field_-0.0015,-1.72 V,-1.718,2.06389,2.70910831e-05
large_B_reverse,Large B: reverse,15,90,15,2,Field_-0.0015,-1.72 V,-1.718,2.07389,2.62709429e-05
large_B_reverse,Large B: reverse,15,90,15,2,Field_-0.0015,-1.72 V,-1.718,2.08389,2.55138205e-05
large_B_reverse,Large B: reverse,15,90,15,2,Field_-0.0015,-1.72 V,-1.718,2.09389,2.48174956e-05
large_B_reverse,Large B: reverse,15,90,15,2,Field_-0.0015,-1.72 V,-1.718,2.10389,2.41791333e-05
large_B_reverse,Large B: reverse,15,90,15,2,Field_-0.0015,-1.72 V,-1.718,2.11389,2.35956575e-05
large_B_reverse,Large B: reverse,15,90,15,2,Field_-0.0015,-1.72 V,-1.718,2.12389,2.30639640e-05
large_B_reverse,Large B: reverse,15,90,15,2,Field_-0.0015,-1.72 V,-1.718,2.13389,2.25810374e-05
large_B_reverse,Large B: reverse,15,90,15,2,Field_-0.0015,-1.72 V,-1.718,2.14389,2.21440105e-05
large_B_reverse,Large B: reverse,15,90,15,2,Field_-0.0015,-1.72 V,-1.718,2.15389,2.17501879e-05
large_B_reverse,Large B: reverse,15,90,15,2,Field_-0.0015,-1.72 V,-1.718,2.16389,2.13970450e-05
large_B_reverse,Large B: reverse,15,90,15,2,Field_-0.0015,-1.72 V,-1.718,2.17389,2.10822086e-05
large_B_reverse,Large B: reverse,15,90,15,2,Field_-0.0015,-1.72 V,-1.718,2.18389,2.08034210e-05
large_B_reverse,Large B: reverse,15,90,15,2,Field_-0.0015,-1.72 V,-1.718,2.19389,2.05584832e-05
large_B_reverse,Large B: reverse,15,90,15,2,Field_-0.0015,-1.72 V,-1.718,2.20389,2.03451694e-05
large_B_reverse,Large B: reverse,15,90,15,2,Field_-0.0015,-1.72 V,-1.718,2.21389,2.01610948e-05
large_B_reverse,Large B: reverse,15,90,15,2,Field_-0.0015,-1.72 V,-1.718,2.22389,2.00035012e-05
large_B_reverse,Large B: reverse,15,90,15,2,Field_-0.0015,-1.72 V,-1.718,2.23389,1.98688885e-05
large_B_reverse,Large B: reverse,15,90,15,2,Field_-0.0015,-1.72 V,-1.718,2.24389,1.97523402e-05
large_B_reverse,Large B: reverse,15,90,15,2,Field_-0.0015,-1.72 V,-1.718,2.25389,1.96461883e-05
large_B_reverse,Large B: reverse,15,90,15,2,Field_-0.0015,-1.72 V,-1.718,2.26389,1.95371102e-05
large_B_reverse,Large B: reverse,15,90,15,2,Field_-0.0015,-1.72 V,-1.718,2.27389,1.93990100e-05
large_B_reverse,Large B: reverse,15,90,15,2,Field_-0.0015,-1.72 V,-1.718,2.28389,1.91725054e-05
large_B_reverse,Large B: reverse,15,90,15,2,Field_-0.0015,-1.72 V,-1.718,2.29389,1.86921679e-05
large_B_reverse,Large B: reverse,15,90,15,2,Field_-0.0015,-1.72 V,-1.718,2.30389,1.75628337e-05
large_B_reverse,Large B: reverse,15,90,15,2,Field_-0.0015,-1.72 V,-1.718,2.31389,4.30855290e-05
large_B_reverse,Large B: reverse,15,90,15,2,Field_-0.0015,-1.72 V,-1.718,2.32389,2.45519214e-05
large_B_reverse,Large B: reverse,15,90,15,2,Field_-0.0015,-1.72 V,-1.718,2.33389,2.31639201e-05
large_B_reverse,Large B: reverse,15,90,15,2,Field_-0.0015,-1.72 V,-1.718,2.34389,2.28715289e-05
large_B_reverse,Large B: reverse,15,90,15,2,Field_-0.0015,-1.72 V,-1.718,2.35389,2.29087501e-05
large_B_reverse,Large B: reverse,15,90,15,2,Field_-0.0015,-1.72 V,-1.718,2.36389,2.31080506e-05
large_B_reverse,Large B: reverse,15,90,15,2,Field_-0.0015,-1.72 V,-1.718,2.37389,2.34130699e-05
large_B_reverse,Large B: reverse,15,90,15,2,Field_-0.0015,-1.72 V,-1.718,2.38389,2.38004070e-05
large_B_reverse,Large B: reverse,15,90,15,2,Field_-0.0015,-1.72 V,-1.718,2.39389,2.42586481e-05
large_B_reverse,Large B: reverse,15,90,15,2,Field_-0.0015,-1.72 V,-1.718,2.40389,2.47795105e-05
large_B_reverse,Large B: reverse,15,90,15,2,Field_-0.0015,-1.72 V,-1.718,2.41389,2.53568394e-05
large_B_reverse,Large B: reverse,15,90,15,2,Field_-0.0015,-1.72 V,-1.718,2.42389,2.81978648e-05
large_B_reverse,Large B: reverse,15,90,15,2,Field_-0.0015,-1.72 V,-1.718,2.43389,2.70891615e-05
large_B_reverse,Large B: reverse,15,90,15,2,Field_-0.0015,-1.72 V,-1.718,2.44389,2.78538984e-05
large_B_reverse,Large B: reverse,15,90,15,2,Field_-0.0015,-1.72 V,-1.718,2.45389,2.87679001e-05
large_B_reverse,Large B: reverse,15,90,15,2,Field_-0.0015,-1.72 V,-1.718,2.46389,2.97954368e-05
large_B_reverse,Large B: reverse,15,90,15,2,Field_-0.0015,-1.72 V,-1.718,2.47389,3.09373042e-05
large_B_reverse,Large B: reverse,15,90,15,2,Field_-0.0015,-1.72 V,-1.718,2.48389,3.22017646e-05
large_B_reverse,Large B: reverse,15,90,15,2,Field_-0.0015,-1.72 V,-1.718,2.49389,3.36005506e-05
large_B_reverse,Large B: reverse,15,90,15,2,Field_-0.0015,-1.72 V,-1.718,2.50389,3.51480961e-05
large_B_reverse,Large B: reverse,15,90,15,2,Field_-0.0015,-1.72 V,-1.718,2.51389,3.68615361e-05
large_B_reverse,Large B: reverse,15,90,15,2,Field_-0.0015,-1.72 V,-1.718,2.52389,3.87609959e-05
large_B_reverse,Large B: reverse,15,90,15,2,Field_-0.0015,-1.72 V,-1.718,2.53389,4.08700530e-05
large_B_reverse,Large B: reverse,15,90,15,2,Field_-0.0015,-1.72 V,-1.718,2.54389,4.32163518e-05
large_B_reverse,Large B: reverse,15,90,15,2,Field_-0.0015,-1.72 V,-1.718,2.55389,4.58323828e-05
large_B_reverse,Large B: reverse,15,90,15,2,Field_-0.0015,-1.72 V,-1.718,2.56389,4.87564592e-05
large_B_reverse,Large B: reverse,15,90,15,2,Field_-0.0015,-1.72 V,-1.718,2.57389,5.20339376e-05
large_B_reverse,Large B: reverse,15,90,15,2,Field_-0.0015,-1.72 V,-1.718,2.58389,5.57187475e-05
large_B_reverse,Large B: reverse,15,90,15,2,Field_-0.0015,-1.72 V,-1.718,2.59389,5.98753151e-05
large_B_reverse,Large B: reverse,15,90,15,2,Field_-0.0015,-1.72 V,-1.718,2.60389,6.45809968e-05
large_B_reverse,Large B: reverse,15,90,15,2,Field_-0.0015,-1.72 V,-1.718,2.61389,6.99291720e-05
large_B_reverse,Large B: reverse,15,90,15,2,Field_-0.0015,-1.72 V,-1.718,2.62389,7.60331986e-05
large_B_reverse,Large B: reverse,15,90,15,2,Field_-0.0015,-1.72 V,-1.718,2.63389,8.30314983e-05
large_B_reverse,Large B: reverse,15,90,15,2,Field_-0.0015,-1.72 V,-1.718,2.64389,9.10941335e-05
large_B_reverse,Large B: reverse,15,90,15,2,Field_-0.0015,-1.72 V,-1.718,2.65389,1.00431355e-04
large_B_reverse,Large B: reverse,15,90,15,2,Field_-0.0015,-1.72 V,-1.718,2.66389,1.11304762e-04
large_B_reverse,Large B: reverse,15,90,15,2,Field_-0.0015,-1.72 V,-1.718,2.67389,1.24041925e-04
large_B_reverse,Large B: reverse,15,90,15,2,Field_-0.0015,-1.72 V,-1.718,2.68389,1.39055567e-04
large_B_reverse,Large B: reverse,15,90,15,2,Field_-0.0015,-1.72 V,-1.718,2.69389,1.56868695e-04
large_B_reverse,Large B: reverse,15,90,15,2,Field_-0.0015,-1.72 V,-1.718,2.70389,1.78147305e-04
large_B_reverse,Large B: reverse,15,90,15,2,Field_-0.0015,-1.72 V,-1.718,2.71389,2.03742328e-04
large_B_reverse,Large B: reverse,15,90,15,2,Field_-0.0015,-1.72 V,-1.718,2.72389,2.34741836e-04
large_B_reverse,Large B: reverse,15,90,15,2,Field_-0.0015,-1.72 V,-1.718,2.73389,2.72532244e-04
large_B_reverse,Large B: reverse,15,90,15,2,Field_-0.0015,-1.72 V,-1.718,2.74389,3.18861108e-04
large_B_reverse,Large B: reverse,15,90,15,2,Field_-0.0015,-1.72 V,-1.718,2.75389,3.75879811e-04
large_B_reverse,Large B: reverse,15,90,15,2,Field_-0.0015,-1.72 V,-1.718,2.76389,4.46113728e-04
large_B_reverse,Large B: reverse,15,90,15,2,Field_-0.0015,-1.72 V,-1.718,2.77389,5.32248015e-04
large_B_reverse,Large B: reverse,15,90,15,2,Field_-0.0015,-1.72 V,-1.718,2.78389,6.36518999e-04
large_B_reverse,Large B: reverse,15,90,15,2,Field_-0.0015,-1.72 V,-1.718,2.79389,7.59390445e-04
large_B_reverse,Large B: reverse,15,90,15,2,Field_-0.0015,-1.72 V,-1.718,2.80389,8.97229636e-04
large_B_reverse,Large B: reverse,15,90,15,2,Field_-0.0015,-1.72 V,-1.718,2.81389,1.03930800e-03
large_B_reverse,Large B: reverse,15,90,15,2,Field_-0.0015,-1.72 V,-1.718,2.82389,1.16612287e-03
large_B_reverse,Large B: reverse,15,90,15,2,Field_-0.0015,-1.72 V,-1.718,2.83389,1.25285587e-03
large_B_reverse,Large B: reverse,15,90,15,2,Field_-0.0015,-1.72 V,-1.718,2.84389,1.27976103e-03
large_B_reverse,Large B: reverse,15,90,15,2,Field_-0.0015,-1.72 V,-1.718,2.85389,1.24330569e-03
large_B_reverse,Large B: reverse,15,90,15,2,Field_-0.0015,-1.72 V,-1.718,2.86389,1.15763827e-03
large_B_reverse,Large B: reverse,15,90,15,2,Field_-0.0015,-1.72 V,-1.718,2.87389,1.04525495e-03
large_B_reverse,Large B: reverse,15,90,15,2,Field_-0.0015,-1.72 V,-1.718,2.88389,9.26321835e-04
large_B_reverse,Large B: reverse,15,90,15,2,Field_-0.0015,-1.72 V,-1.718,2.89389,8.13797282e-04
large_B_reverse,Large B: reverse,15,90,15,2,Field_-0.0015,-1.72 V,-1.718,2.90389,7.13832170e-04
large_B_reverse,Large B: reverse,15,90,15,2,Field_-0.0015,-1.72 V,-1.718,2.91389,6.28105009e-04
large_B_reverse,Large B: reverse,15,90,15,2,Field_-0.0015,-1.72 V,-1.718,2.92389,5.55966794e-04
large_B_reverse,Large B: reverse,15,90,15,2,Field_-0.0015,-1.72 V,-1.718,2.93389,4.95819555e-04
large_B_reverse,Large B: reverse,15,90,15,2,Field_-0.0015,-1.72 V,-1.718,2.94389,4.45847271e-04
large_B_reverse,Large B: reverse,15,90,15,2,Field_-0.0015,-1.72 V,-1.718,2.95389,4.04346473e-04
large_B_reverse,Large B: reverse,15,90,15,2,Field_-0.0015,-1.72 V,-1.718,2.96389,3.69845494e-04
large_B_reverse,Large B: reverse,15,90,15,2,Field_-0.0015,-1.72 V,-1.718,2.97389,3.41124282e-04
large_B_reverse,Large B: reverse,15,90,15,2,Field_-0.0015,-1.72 V,-1.718,2.98389,3.17193267e-04
large_B_reverse,Large B: reverse,15,90,15,2,Field_-0.0015,-1.72 V,-1.718,2.99389,2.97259291e-04
large_B_reverse,Large B: reverse,15,90,15,2,Field_0.0000,0 V,0.0,-2.00593,5.03729602e-02
large_B_reverse,Large B: reverse,15,90,15,2,Field_0.0000,0 V,0.0,-1.99593,3.78792722e-02
large_B_reverse,Large B: reverse,15,90,15,2,Field_0.0000,0 V,0.0,-1.98593,2.71998860e-02
large_B_reverse,Large B: reverse,15,90,15,2,Field_0.0000,0 V,0.0,-1.97593,1.92726284e-02
large_B_reverse,Large B: reverse,15,90,15,2,Field_0.0000,0 V,0.0,-1.96593,1.37510153e-02
large_B_reverse,Large B: reverse,15,90,15,2,Field_0.0000,0 V,0.0,-1.95593,9.97951738e-03
large_B_reverse,Large B: reverse,15,90,15,2,Field_0.0000,0 V,0.0,-1.94593,7.39569889e-03
large_B_reverse,Large B: reverse,15,90,15,2,Field_0.0000,0 V,0.0,-1.93593,5.60153705e-03
large_B_reverse,Large B: reverse,15,90,15,2,Field_0.0000,0 V,0.0,-1.92593,4.33349747e-03
large_B_reverse,Large B: reverse,15,90,15,2,Field_0.0000,0 V,0.0,-1.91593,3.42037484e-03
large_B_reverse,Large B: reverse,15,90,15,2,Field_0.0000,0 V,0.0,-1.90593,2.75073796e-03
large_B_reverse,Large B: reverse,15,90,15,2,Field_0.0000,0 V,0.0,-1.89593,2.25123449e-03
large_B_reverse,Large B: reverse,15,90,15,2,Field_0.0000,0 V,0.0,-1.88593,1.87282943e-03
large_B_reverse,Large B: reverse,15,90,15,2,Field_0.0000,0 V,0.0,-1.87593,1.58218934e-03
large_B_reverse,Large B: reverse,15,90,15,2,Field_0.0000,0 V,0.0,-1.86593,1.35627243e-03
large_B_reverse,Large B: reverse,15,90,15,2,Field_0.0000,0 V,0.0,-1.85593,1.17889585e-03
large_B_reverse,Large B: reverse,15,90,15,2,Field_0.0000,0 V,0.0,-1.84593,1.03852761e-03
large_B_reverse,Large B: reverse,15,90,15,2,Field_0.0000,0 V,0.0,-1.83593,9.26844966e-04
large_B_reverse,Large B: reverse,15,90,15,2,Field_0.0000,0 V,0.0,-1.82593,8.37779423e-04
large_B_reverse,Large B: reverse,15,90,15,2,Field_0.0000,0 V,0.0,-1.81593,7.66875822e-04
large_B_reverse,Large B: reverse,15,90,15,2,Field_0.0000,0 V,0.0,-1.80593,7.10857906e-04
large_B_reverse,Large B: reverse,15,90,15,2,Field_0.0000,0 V,0.0,-1.79593,6.67332497e-04
large_B_reverse,Large B: reverse,15,90,15,2,Field_0.0000,0 V,0.0,-1.78593,6.34589355e-04
large_B_reverse,Large B: reverse,15,90,15,2,Field_0.0000,0 V,0.0,-1.77593,6.11469686e-04
large_B_reverse,Large B: reverse,15,90,15,2,Field_0.0000,0 V,0.0,-1.76593,5.97286999e-04
large_B_reverse,Large B: reverse,15,90,15,2,Field_0.0000,0 V,0.0,-1.75593,5.91791745e-04
large_B_reverse,Large B: reverse,15,90,15,2,Field_0.0000,0 V,0.0,-1.74593,5.95177729e-04
large_B_reverse,Large B: reverse,15,90,15,2,Field_0.0000,0 V,0.0,-1.73593,6.08134887e-04
large_B_reverse,Large B: reverse,15,90,15,2,Field_0.0000,0 V,0.0,-1.72593,6.31961489e-04
large_B_reverse,Large B: reverse,15,90,15,2,Field_0.0000,0 V,0.0,-1.71593,6.68761389e-04
large_B_reverse,Large B: reverse,15,90,15,2,Field_0.0000,0 V,0.0,-1.70593,7.21773021e-04
large_B_reverse,Large B: reverse,15,90,15,2,Field_0.0000,0 V,0.0,-1.69593,7.95914326e-04
large_B_reverse,Large B: reverse,15,90,15,2,Field_0.0000,0 V,0.0,-1.68593,8.98698378e-04
large_B_reverse,Large B: reverse,15,90,15,2,Field_0.0000,0 V,0.0,-1.67593,1.04181338e-03
large_B_reverse,Large B: reverse,15,90,15,2,Field_0.0000,0 V,0.0,-1.66593,1.24394800e-03
large_B_reverse,Large B: reverse,15,90,15,2,Field_0.0000,0 V,0.0,-1.65593,1.53606992e-03
large_B_reverse,Large B: reverse,15,90,15,2,Field_0.0000,0 V,0.0,-1.64593,1.97182364e-03
large_B_reverse,Large B: reverse,15,90,15,2,Field_0.0000,0 V,0.0,-1.63593,2.64936640e-03
large_B_reverse,Large B: reverse,15,90,15,2,Field_0.0000,0 V,0.0,-1.62593,3.76098686e-03
large_B_reverse,Large B: reverse,15,90,15,2,Field_0.0000,0 V,0.0,-1.61593,5.71765430e-03
large_B_reverse,Large B: reverse,15,90,15,2,Field_0.0000,0 V,0.0,-1.60593,9.50485784e-03
large_B_reverse,Large B: reverse,15,90,15,2,Field_0.0000,0 V,0.0,-1.59593,1.78914964e-02
large_B_reverse,Large B: reverse,15,90,15,2,Field_0.0000,0 V,0.0,-1.58593,4.05990461e-02
large_B_reverse,Large B: reverse,15,90,15,2,Field_0.0000,0 V,0.0,-1.57593,1.21204944e-01
large_B_reverse,Large B: reverse,15,90,15,2,Field_0.0000,0 V,0.0,-1.56593,2.96372214e-01
large_B_reverse,Large B: reverse,15,90,15,2,Field_0.0000,0 V,0.0,-1.55593,1.44233419e-01
large_B_reverse,Large B: reverse,15,90,15,2,Field_0.0000,0 V,0.0,-1.54593,6.21578341e-02
large_B_reverse,Large B: reverse,15,90,15,2,Field_0.0000,0 V,0.0,-1.53593,3.62285433e-02
large_B_reverse,Large B: reverse,15,90,15,2,Field_0.0000,0 V,0.0,-1.52593,2.62874599e-02
large_B_reverse,Large B: reverse,15,90,15,2,Field_0.0000,0 V,0.0,-1.51593,2.21297433e-02
large_B_reverse,Large B: reverse,15,90,15,2,Field_0.0000,0 V,0.0,-1.50593,2.05739636e-02
large_B_reverse,Large B: reverse,15,90,15,2,Field_0.0000,0 V,0.0,-1.49593,2.04959722e-02
large_B_reverse,Large B: reverse,15,90,15,2,Field_0.0000,0 V,0.0,-1.48593,2.16013528e-02
large_B_reverse,Large B: reverse,15,90,15,2,Field_0.0000,0 V,0.0,-1.47593,2.41251857e-02
large_B_reverse,Large B: reverse,15,90,15,2,Field_0.0000,0 V,0.0,-1.46593,2.89338719e-02
large_B_reverse,Large B: reverse,15,90,15,2,Field_0.0000,0 V,0.0,-1.45593,3.81825176e-02
large_B_reverse,Large B: reverse,15,90,15,2,Field_0.0000,0 V,0.0,-1.44593,5.76623233e-02
large_B_reverse,Large B: reverse,15,90,15,2,Field_0.0000,0 V,0.0,-1.43593,1.06013111e-01
large_B_reverse,Large B: reverse,15,90,15,2,Field_0.0000,0 V,0.0,-1.42593,2.46987221e-01
large_B_reverse,Large B: reverse,15,90,15,2,Field_0.0000,0 V,0.0,-1.41593,3.84291084e-01
large_B_reverse,Large B: reverse,15,90,15,2,Field_0.0000,0 V,0.0,-1.40593,1.67610753e-01
large_B_reverse,Large B: reverse,15,90,15,2,Field_0.0000,0 V,0.0,-1.39593,7.05023704e-02
large_B_reverse,Large B: reverse,15,90,15,2,Field_0.0000,0 V,0.0,-1.38593,3.80095908e-02
large_B_reverse,Large B: reverse,15,90,15,2,Field_0.0000,0 V,0.0,-1.37593,2.47421440e-02
large_B_reverse,Large B: reverse,15,90,15,2,Field_0.0000,0 V,0.0,-1.36593,1.85861474e-02
large_B_reverse,Large B: reverse,15,90,15,2,Field_0.0000,0 V,0.0,-1.35593,1.57764033e-02
large_B_reverse,Large B: reverse,15,90,15,2,Field_0.0000,0 V,0.0,-1.34593,1.50831037e-02
large_B_reverse,Large B: reverse,15,90,15,2,Field_0.0000,0 V,0.0,-1.33593,1.64764331e-02
large_B_reverse,Large B: reverse,15,90,15,2,Field_0.0000,0 V,0.0,-1.32593,2.14093796e-02
large_B_reverse,Large B: reverse,15,90,15,2,Field_0.0000,0 V,0.0,-1.31593,3.61820406e-02
large_B_reverse,Large B: reverse,15,90,15,2,Field_0.0000,0 V,0.0,-1.30593,8.90163225e-02
large_B_reverse,Large B: reverse,15,90,15,2,Field_0.0000,0 V,0.0,-1.29593,8.96159020e-02
large_B_reverse,Large B: reverse,15,90,15,2,Field_0.0000,0 V,0.0,-1.28593,2.05989387e-02
large_B_reverse,Large B: reverse,15,90,15,2,Field_0.0000,0 V,0.0,-1.27593,6.50846256e-03
large_B_reverse,Large B: reverse,15,90,15,2,Field_0.0000,0 V,0.0,-1.26593,2.72092096e-03
large_B_reverse,Large B: reverse,15,90,15,2,Field_0.0000,0 V,0.0,-1.25593,1.34450023e-03
large_B_reverse,Large B: reverse,15,90,15,2,Field_0.0000,0 V,0.0,-1.24593,7.40622644e-04
large_B_reverse,Large B: reverse,15,90,15,2,Field_0.0000,0 V,0.0,-1.23593,4.40421653e-04
large_B_reverse,Large B: reverse,15,90,15,2,Field_0.0000,0 V,0.0,-1.22593,2.77324223e-04
large_B_reverse,Large B: reverse,15,90,15,2,Field_0.0000,0 V,0.0,-1.21593,1.82610175e-04
large_B_reverse,Large B: reverse,15,90,15,2,Field_0.0000,0 V,0.0,-1.20593,1.24668453e-04
large_B_reverse,Large B: reverse,15,90,15,2,Field_0.0000,0 V,0.0,-1.19593,8.77021434e-05
large_B_reverse,Large B: reverse,15,90,15,2,Field_0.0000,0 V,0.0,-1.18593,6.32844676e-05
large_B_reverse,Large B: reverse,15,90,15,2,Field_0.0000,0 V,0.0,-1.17593,4.66759619e-05
large_B_reverse,Large B: reverse,15,90,15,2,Field_0.0000,0 V,0.0,-1.16593,3.50915241e-05
large_B_reverse,Large B: reverse,15,90,15,2,Field_0.0000,0 V,0.0,-1.15593,2.68327912e-05
large_B_reverse,Large B: reverse,15,90,15,2,Field_0.0000,0 V,0.0,-1.14593,2.08307019e-05
large_B_reverse,Large B: reverse,15,90,15,2,Field_0.0000,0 V,0.0,-1.13593,1.63935133e-05
large_B_reverse,Large B: reverse,15,90,15,2,Field_0.0000,0 V,0.0,-1.12593,1.30626645e-05
large_B_reverse,Large B: reverse,15,90,15,2,Field_0.0000,0 V,0.0,-1.11593,1.05275800e-05
large_B_reverse,Large B: reverse,15,90,15,2,Field_0.0000,0 V,0.0,-1.10593,8.57383978e-06
large_B_reverse,Large B: reverse,15,90,15,2,Field_0.0000,0 V,0.0,-1.09593,7.05083133e-06
large_B_reverse,Large B: reverse,15,90,15,2,Field_0.0000,0 V,0.0,-1.08593,5.85109376e-06
large_B_reverse,Large B: reverse,15,90,15,2,Field_0.0000,0 V,0.0,-1.07593,4.89685391e-06
large_B_reverse,Large B: reverse,15,90,15,2,Field_0.0000,0 V,0.0,-1.06593,4.13108520e-06
large_B_reverse,Large B: reverse,15,90,15,2,Field_0.0000,0 V,0.0,-1.05593,3.51146823e-06
large_B_reverse,Large B: reverse,15,90,15,2,Field_0.0000,0 V,0.0,-1.04593,3.00624760e-06
large_B_reverse,Large B: reverse,15,90,15,2,Field_0.0000,0 V,0.0,-1.03593,2.59134865e-06
large_B_reverse,Large B: reverse,15,90,15,2,Field_0.0000,0 V,0.0,-1.02593,2.24834431e-06
large_B_reverse,Large B: reverse,15,90,15,2,Field_0.0000,0 V,0.0,-1.01593,1.96300396e-06
large_B_reverse,Large B: reverse,15,90,15,2,Field_0.0000,0 V,0.0,-1.00593,1.72424561e-06
large_B_reverse,Large B: reverse,15,90,15,2,Field_0.0000,0 V,0.0,-0.99593,1.52350052e-06
large_B_reverse,Large B: reverse,15,90,15,2,Field_0.0000,0 V,0.0,-0.98593,1.35395817e-06
large_B_reverse,Large B: reverse,15,90,15,2,Field_0.0000,0 V,0.0,-0.97593,1.21006970e-06
large_B_reverse,Large B: reverse,15,90,15,2,Field_0.0000,0 V,0.0,-0.96593,1.08739432e-06
large_B_reverse,Large B: reverse,15,90,15,2,Field_0.0000,0 V,0.0,-0.95593,9.82355482e-07
large_B_reverse,Large B: reverse,15,90,15,2,Field_0.0000,0 V,0.0,-0.94593,8.92055341e-07
large_B_reverse,Large B: reverse,15,90,15,2,Field_0.0000,0 V,0.0,-0.93593,8.14132398e-07
large_B_reverse,Large B: reverse,15,90,15,2,Field_0.0000,0 V,0.0,-0.92593,7.46651642e-07
large_B_reverse,Large B: reverse,15,90,15,2,Field_0.0000,0 V,0.0,-0.91593,6.88019158e-07
large_B_reverse,Large B: reverse,15,90,15,2,Field_0.0000,0 V,0.0,-0.90593,6.36915354e-07
large_B_reverse,Large B: reverse,15,90,15,2,Field_0.0000,0 V,0.0,-0.89593,5.92242443e-07
large_B_reverse,Large B: reverse,15,90,15,2,Field_0.0000,0 V,0.0,-0.88593,5.53082911e-07
large_B_reverse,Large B: reverse,15,90,15,2,Field_0.0000,0 V,0.0,-0.87593,5.18666493e-07
large_B_reverse,Large B: reverse,15,90,15,2,Field_0.0000,0 V,0.0,-0.86593,4.88343791e-07
large_B_reverse,Large B: reverse,15,90,15,2,Field_0.0000,0 V,0.0,-0.85593,4.61565100e-07
large_B_reverse,Large B: reverse,15,90,15,2,Field_0.0000,0 V,0.0,-0.84593,4.37863351e-07
large_B_reverse,Large B: reverse,15,90,15,2,Field_0.0000,0 V,0.0,-0.83593,4.16840312e-07
large_B_reverse,Large B: reverse,15,90,15,2,Field_0.0000,0 V,0.0,-0.82593,3.98155412e-07
large_B_reverse,Large B: reverse,15,90,15,2,Field_0.0000,0 V,0.0,-0.81593,3.81516658e-07
large_B_reverse,Large B: reverse,15,90,15,2,Field_0.0000,0 V,0.0,-0.80593,3.66673274e-07
large_B_reverse,Large B: reverse,15,90,15,2,Field_0.0000,0 V,0.0,-0.79593,3.53409735e-07
large_B_reverse,Large B: reverse,15,90,15,2,Field_0.0000,0 V,0.0,-0.78593,3.41540977e-07
large_B_reverse,Large B: reverse,15,90,15,2,Field_0.0000,0 V,0.0,-0.77593,3.30908584e-07
large_B_reverse,Large B: reverse,15,90,15,2,Field_0.0000,0 V,0.0,-0.76593,3.21377815e-07
large_B_reverse,Large B: reverse,15,90,15,2,Field_0.0000,0 V,0.0,-0.75593,3.12835360e-07
large_B_reverse,Large B: reverse,15,90,15,2,Field_0.0000,0 V,0.0,-0.74593,3.05187713e-07
large_B_reverse,Large B: reverse,15,90,15,2,Field_0.0000,0 V,0.0,-0.73593,2.98360086e-07
large_B_reverse,Large B: reverse,15,90,15,2,Field_0.0000,0 V,0.0,-0.72593,2.92295751e-07
large_B_reverse,Large B: reverse,15,90,15,2,Field_0.0000,0 V,0.0,-0.71593,2.86955691e-07
large_B_reverse,Large B: reverse,15,90,15,2,Field_0.0000,0 V,0.0,-0.70593,2.82318397e-07
large_B_reverse,Large B: reverse,15,90,15,2,Field_0.0000,0 V,0.0,-0.69593,2.78379590e-07
large_B_reverse,Large B: reverse,15,90,15,2,Field_0.0000,0 V,0.0,-0.68593,2.75151587e-07
large_B_reverse,Large B: reverse,15,90,15,2,Field_0.0000,0 V,0.0,-0.67593,2.72661990e-07
large_B_reverse,Large B: reverse,15,90,15,2,Field_0.0000,0 V,0.0,-0.66593,2.70951340e-07
large_B_reverse,Large B: reverse,15,90,15,2,Field_0.0000,0 V,0.0,-0.65593,2.70069436e-07
large_B_reverse,Large B: reverse,15,90,15,2,Field_0.0000,0 V,0.0,-0.64593,2.70070178e-07
large_B_reverse,Large B: reverse,15,90,15,2,Field_0.0000,0 V,0.0,-0.63593,2.71005057e-07
large_B_reverse,Large B: reverse,15,90,15,2,Field_0.0000,0 V,0.0,-0.62593,2.72915760e-07
large_B_reverse,Large B: reverse,15,90,15,2,Field_0.0000,0 V,0.0,-0.61593,2.75826780e-07
large_B_reverse,Large B: reverse,15,90,15,2,Field_0.0000,0 V,0.0,-0.60593,2.79739161e-07
large_B_reverse,Large B: reverse,15,90,15,2,Field_0.0000,0 V,0.0,-0.59593,2.84626537e-07
large_B_reverse,Large B: reverse,15,90,15,2,Field_0.0000,0 V,0.0,-0.58593,2.90434352e-07
large_B_reverse,Large B: reverse,15,90,15,2,Field_0.0000,0 V,0.0,-0.57593,2.97082519e-07
large_B_reverse,Large B: reverse,15,90,15,2,Field_0.0000,0 V,0.0,-0.56593,3.04471095e-07
large_B_reverse,Large B: reverse,15,90,15,2,Field_0.0000,0 V,0.0,-0.55593,3.12487936e-07
large_B_reverse,Large B: reverse,15,90,15,2,Field_0.0000,0 V,0.0,-0.54593,3.21016962e-07
large_B_reverse,Large B: reverse,15,90,15,2,Field_0.0000,0 V,0.0,-0.53593,3.29945775e-07
large_B_reverse,Large B: reverse,15,90,15,2,Field_0.0000,0 V,0.0,-0.52593,3.39171652e-07
large_B_reverse,Large B: reverse,15,90,15,2,Field_0.0000,0 V,0.0,-0.51593,3.48605501e-07
large_B_reverse,Large B: reverse,15,90,15,2,Field_0.0000,0 V,0.0,-0.50593,3.58173744e-07
large_B_reverse,Large B: reverse,15,90,15,2,Field_0.0000,0 V,0.0,-0.49593,3.67818478e-07
large_B_reverse,Large B: reverse,15,90,15,2,Field_0.0000,0 V,0.0,-0.48593,3.77496385e-07
large_B_reverse,Large B: reverse,15,90,15,2,Field_0.0000,0 V,0.0,-0.47593,3.87176881e-07
large_B_reverse,Large B: reverse,15,90,15,2,Field_0.0000,0 V,0.0,-0.46593,3.96839935e-07
large_B_reverse,Large B: reverse,15,90,15,2,Field_0.0000,0 V,0.0,-0.45593,4.06473855e-07
large_B_reverse,Large B: reverse,15,90,15,2,Field_0.0000,0 V,0.0,-0.44593,4.16073256e-07
large_B_reverse,Large B: reverse,15,90,15,2,Field_0.0000,0 V,0.0,-0.43593,4.25637295e-07
large_B_reverse,Large B: reverse,15,90,15,2,Field_0.0000,0 V,0.0,-0.42593,4.35168220e-07
large_B_reverse,Large B: reverse,15,90,15,2,Field_0.0000,0 V,0.0,-0.41593,4.44670219e-07
large_B_reverse,Large B: reverse,15,90,15,2,Field_0.0000,0 V,0.0,-0.40593,4.54148544e-07
large_B_reverse,Large B: reverse,15,90,15,2,Field_0.0000,0 V,0.0,-0.39593,4.63608862e-07
large_B_reverse,Large B: reverse,15,90,15,2,Field_0.0000,0 V,0.0,-0.38593,4.73056798e-07
large_B_reverse,Large B: reverse,15,90,15,2,Field_0.0000,0 V,0.0,-0.37593,4.82497620e-07
large_B_reverse,Large B: reverse,15,90,15,2,Field_0.0000,0 V,0.0,-0.36593,4.91936051e-07
large_B_reverse,Large B: reverse,15,90,15,2,Field_0.0000,0 V,0.0,-0.35593,5.01376154e-07
large_B_reverse,Large B: reverse,15,90,15,2,Field_0.0000,0 V,0.0,-0.34593,5.10821298e-07
large_B_reverse,Large B: reverse,15,90,15,2,Field_0.0000,0 V,0.0,-0.33593,5.20274156e-07
large_B_reverse,Large B: reverse,15,90,15,2,Field_0.0000,0 V,0.0,-0.32593,5.29736752e-07
large_B_reverse,Large B: reverse,15,90,15,2,Field_0.0000,0 V,0.0,-0.31593,5.39210517e-07
large_B_reverse,Large B: reverse,15,90,15,2,Field_0.0000,0 V,0.0,-0.30593,5.48696369e-07
large_B_reverse,Large B: reverse,15,90,15,2,Field_0.0000,0 V,0.0,-0.29593,5.58194788e-07
large_B_reverse,Large B: reverse,15,90,15,2,Field_0.0000,0 V,0.0,-0.28593,5.67705899e-07
large_B_reverse,Large B: reverse,15,90,15,2,Field_0.0000,0 V,0.0,-0.27593,5.77229544e-07
large_B_reverse,Large B: reverse,15,90,15,2,Field_0.0000,0 V,0.0,-0.26593,5.86765342e-07
large_B_reverse,Large B: reverse,15,90,15,2,Field_0.0000,0 V,0.0,-0.25593,5.96312737e-07
large_B_reverse,Large B: reverse,15,90,15,2,Field_0.0000,0 V,0.0,-0.24593,6.05871027e-07
large_B_reverse,Large B: reverse,15,90,15,2,Field_0.0000,0 V,0.0,-0.23593,6.15439366e-07
large_B_reverse,Large B: reverse,15,90,15,2,Field_0.0000,0 V,0.0,-0.22593,6.25016758e-07
large_B_reverse,Large B: reverse,15,90,15,2,Field_0.0000,0 V,0.0,-0.21593,6.34602013e-07
large_B_reverse,Large B: reverse,15,90,15,2,Field_0.0000,0 V,0.0,-0.20593,6.44193697e-07
large_B_reverse,Large B: reverse,15,90,15,2,Field_0.0000,0 V,0.0,-0.19593,6.53790055e-07
large_B_reverse,Large B: reverse,15,90,15,2,Field_0.0000,0 V,0.0,-0.18593,6.63388922e-07
large_B_reverse,Large B: reverse,15,90,15,2,Field_0.0000,0 V,0.0,-0.17593,6.72987630e-07
large_B_reverse,Large B: reverse,15,90,15,2,Field_0.0000,0 V,0.0,-0.16593,6.82582903e-07
large_B_reverse,Large B: reverse,15,90,15,2,Field_0.0000,0 V,0.0,-0.15593,6.92170762e-07
large_B_reverse,Large B: reverse,15,90,15,2,Field_0.0000,0 V,0.0,-0.14593,7.01746449e-07
large_B_reverse,Large B: reverse,15,90,15,2,Field_0.0000,0 V,0.0,-0.13593,7.11304355e-07
large_B_reverse,Large B: reverse,15,90,15,2,Field_0.0000,0 V,0.0,-0.12593,7.20837993e-07
large_B_reverse,Large B: reverse,15,90,15,2,Field_0.0000,0 V,0.0,-0.11593,7.30339997e-07
large_B_reverse,Large B: reverse,15,90,15,2,Field_0.0000,0 V,0.0,-0.10593,7.39802167e-07
large_B_reverse,Large B: reverse,15,90,15,2,Field_0.0000,0 V,0.0,-0.09593,7.49215554e-07
large_B_reverse,Large B: reverse,15,90,15,2,Field_0.0000,0 V,0.0,-0.08593,7.58570596e-07
large_B_reverse,Large B: reverse,15,90,15,2,Field_0.0000,0 V,0.0,-0.07593,7.67857297e-07
large_B_reverse,Large B: reverse,15,90,15,2,Field_0.0000,0 V,0.0,-0.06593,7.77065445e-07
large_B_reverse,Large B: reverse,15,90,15,2,Field_0.0000,0 V,0.0,-0.05593,7.86184864e-07
large_B_reverse,Large B: reverse,15,90,15,2,Field_0.0000,0 V,0.0,-0.04593,7.95205684e-07
large_B_reverse,Large B: reverse,15,90,15,2,Field_0.0000,0 V,0.0,-0.03593,8.04118630e-07
large_B_reverse,Large B: reverse,15,90,15,2,Field_0.0000,0 V,0.0,-0.02593,8.12915296e-07
large_B_reverse,Large B: reverse,15,90,15,2,Field_0.0000,0 V,0.0,-0.01593,8.21588409e-07
large_B_reverse,Large B: reverse,15,90,15,2,Field_0.0000,0 V,0.0,-0.00593,8.30132059e-07
large_B_reverse,Large B: reverse,15,90,15,2,Field_0.0000,0 V,0.0,0.00407,8.38830762e-07
large_B_reverse,Large B: reverse,15,90,15,2,Field_0.0000,0 V,0.0,0.01407,8.47971030e-07
large_B_reverse,Large B: reverse,15,90,15,2,Field_0.0000,0 V,0.0,0.02407,8.57550705e-07
large_B_reverse,Large B: reverse,15,90,15,2,Field_0.0000,0 V,0.0,0.03407,8.67567337e-07
large_B_reverse,Large B: reverse,15,90,15,2,Field_0.0000,0 V,0.0,0.04407,8.78018444e-07
large_B_reverse,Large B: reverse,15,90,15,2,Field_0.0000,0 V,0.0,0.05407,8.88901775e-07
large_B_reverse,Large B: reverse,15,90,15,2,Field_0.0000,0 V,0.0,0.06407,9.00215563e-07
large_B_reverse,Large B: reverse,15,90,15,2,Field_0.0000,0 V,0.0,0.07407,9.11958751e-07
large_B_reverse,Large B: reverse,15,90,15,2,Field_0.0000,0 V,0.0,0.08407,9.24131194e-07
large_B_reverse,Large B: reverse,15,90,15,2,Field_0.0000,0 V,0.0,0.09407,9.36733826e-07
large_B_reverse,Large B: reverse,15,90,15,2,Field_0.0000,0 V,0.0,0.10407,9.49768781e-07
large_B_reverse,Large B: reverse,15,90,15,2,Field_0.0000,0 V,0.0,0.11407,9.63239478e-07
large_B_reverse,Large B: reverse,15,90,15,2,Field_0.0000,0 V,0.0,0.12407,9.77150655e-07
large_B_reverse,Large B: reverse,15,90,15,2,Field_0.0000,0 V,0.0,0.13407,9.91508367e-07
large_B_reverse,Large B: reverse,15,90,15,2,Field_0.0000,0 V,0.0,0.14407,1.00631995e-06
large_B_reverse,Large B: reverse,15,90,15,2,Field_0.0000,0 V,0.0,0.15407,1.02159392e-06
large_B_reverse,Large B: reverse,15,90,15,2,Field_0.0000,0 V,0.0,0.16407,1.03733991e-06
large_B_reverse,Large B: reverse,15,90,15,2,Field_0.0000,0 V,0.0,0.17407,1.05356854e-06
large_B_reverse,Large B: reverse,15,90,15,2,Field_0.0000,0 V,0.0,0.18407,1.07029126e-06
large_B_reverse,Large B: reverse,15,90,15,2,Field_0.0000,0 V,0.0,0.19407,1.08752026e-06
large_B_reverse,Large B: reverse,15,90,15,2,Field_0.0000,0 V,0.0,0.20407,1.10526832e-06
large_B_reverse,Large B: reverse,15,90,15,2,Field_0.0000,0 V,0.0,0.21407,1.12354873e-06
large_B_reverse,Large B: reverse,15,90,15,2,Field_0.0000,0 V,0.0,0.22407,1.14237514e-06
large_B_reverse,Large B: reverse,15,90,15,2,Field_0.0000,0 V,0.0,0.23407,1.16176154e-06
large_B_reverse,Large B: reverse,15,90,15,2,Field_0.0000,0 V,0.0,0.24407,1.18172218e-06
large_B_reverse,Large B: reverse,15,90,15,2,Field_0.0000,0 V,0.0,0.25407,1.20227153e-06
large_B_reverse,Large B: reverse,15,90,15,2,Field_0.0000,0 V,0.0,0.26407,1.22342432e-06
large_B_reverse,Large B: reverse,15,90,15,2,Field_0.0000,0 V,0.0,0.27407,1.24519548e-06
large_B_reverse,Large B: reverse,15,90,15,2,Field_0.0000,0 V,0.0,0.28407,1.26760024e-06
large_B_reverse,Large B: reverse,15,90,15,2,Field_0.0000,0 V,0.0,0.29407,1.29065413e-06
large_B_reverse,Large B: reverse,15,90,15,2,Field_0.0000,0 V,0.0,0.30407,1.31437300e-06
large_B_reverse,Large B: reverse,15,90,15,2,Field_0.0000,0 V,0.0,0.31407,1.33877314e-06
large_B_reverse,Large B: reverse,15,90,15,2,Field_0.0000,0 V,0.0,0.32407,1.36387123e-06
large_B_reverse,Large B: reverse,15,90,15,2,Field_0.0000,0 V,0.0,0.33407,1.38968444e-06
large_B_reverse,Large B: reverse,15,90,15,2,Field_0.0000,0 V,0.0,0.34407,1.41623039e-06
large_B_reverse,Large B: reverse,15,90,15,2,Field_0.0000,0 V,0.0,0.35407,1.44352717e-06
large_B_reverse,Large B: reverse,15,90,15,2,Field_0.0000,0 V,0.0,0.36407,1.47159330e-06
large_B_reverse,Large B: reverse,15,90,15,2,Field_0.0000,0 V,0.0,0.37407,1.50044766e-06
large_B_reverse,Large B: reverse,15,90,15,2,Field_0.0000,0 V,0.0,0.38407,1.53010943e-06
large_B_reverse,Large B: reverse,15,90,15,2,Field_0.0000,0 V,0.0,0.39407,1.56059797e-06
large_B_reverse,Large B: reverse,15,90,15,2,Field_0.0000,0 V,0.0,0.40407,1.59193269e-06
large_B_reverse,Large B: reverse,15,90,15,2,Field_0.0000,0 V,0.0,0.41407,1.62413291e-06
large_B_reverse,Large B: reverse,15,90,15,2,Field_0.0000,0 V,0.0,0.42407,1.65721773e-06
large_B_reverse,Large B: reverse,15,90,15,2,Field_0.0000,0 V,0.0,0.43407,1.69120582e-06
large_B_reverse,Large B: reverse,15,90,15,2,Field_0.0000,0 V,0.0,0.44407,1.72611534e-06
large_B_reverse,Large B: reverse,15,90,15,2,Field_0.0000,0 V,0.0,0.45407,1.76196375e-06
large_B_reverse,Large B: reverse,15,90,15,2,Field_0.0000,0 V,0.0,0.46407,1.79876776e-06
large_B_reverse,Large B: reverse,15,90,15,2,Field_0.0000,0 V,0.0,0.47407,1.83654325e-06
large_B_reverse,Large B: reverse,15,90,15,2,Field_0.0000,0 V,0.0,0.48407,1.87530531e-06
large_B_reverse,Large B: reverse,15,90,15,2,Field_0.0000,0 V,0.0,0.49407,1.91506836e-06
large_B_reverse,Large B: reverse,15,90,15,2,Field_0.0000,0 V,0.0,0.50407,1.95584639e-06
large_B_reverse,Large B: reverse,15,90,15,2,Field_0.0000,0 V,0.0,0.51407,1.99765335e-06
large_B_reverse,Large B: reverse,15,90,15,2,Field_0.0000,0 V,0.0,0.52407,2.04050373e-06
large_B_reverse,Large B: reverse,15,90,15,2,Field_0.0000,0 V,0.0,0.53407,2.08441339e-06
large_B_reverse,Large B: reverse,15,90,15,2,Field_0.0000,0 V,0.0,0.54407,2.12940069e-06
large_B_reverse,Large B: reverse,15,90,15,2,Field_0.0000,0 V,0.0,0.55407,2.17548801e-06
large_B_reverse,Large B: reverse,15,90,15,2,Field_0.0000,0 V,0.0,0.56407,2.22270362e-06
large_B_reverse,Large B: reverse,15,90,15,2,Field_0.0000,0 V,0.0,0.57407,2.27108422e-06
large_B_reverse,Large B: reverse,15,90,15,2,Field_0.0000,0 V,0.0,0.58407,2.32067803e-06
large_B_reverse,Large B: reverse,15,90,15,2,Field_0.0000,0 V,0.0,0.59407,2.37154869e-06
large_B_reverse,Large B: reverse,15,90,15,2,Field_0.0000,0 V,0.0,0.60407,2.42378010e-06
large_B_reverse,Large B: reverse,15,90,15,2,Field_0.0000,0 V,0.0,0.61407,2.47748225e-06
large_B_reverse,Large B: reverse,15,90,15,2,Field_0.0000,0 V,0.0,0.62407,2.53279843e-06
large_B_reverse,Large B: reverse,15,90,15,2,Field_0.0000,0 V,0.0,0.63407,2.58991378e-06
large_B_reverse,Large B: reverse,15,90,15,2,Field_0.0000,0 V,0.0,0.64407,2.64906555e-06
large_B_reverse,Large B: reverse,15,90,15,2,Field_0.0000,0 V,0.0,0.65407,2.71055514e-06
large_B_reverse,Large B: reverse,15,90,15,2,Field_0.0000,0 V,0.0,0.66407,2.77476211e-06
large_B_reverse,Large B: reverse,15,90,15,2,Field_0.0000,0 V,0.0,0.67407,2.84216043e-06
large_B_reverse,Large B: reverse,15,90,15,2,Field_0.0000,0 V,0.0,0.68407,2.91333669e-06
large_B_reverse,Large B: reverse,15,90,15,2,Field_0.0000,0 V,0.0,0.69407,2.98901060e-06
large_B_reverse,Large B: reverse,15,90,15,2,Field_0.0000,0 V,0.0,0.70407,3.07005713e-06
large_B_reverse,Large B: reverse,15,90,15,2,Field_0.0000,0 V,0.0,0.71407,3.15753020e-06
large_B_reverse,Large B: reverse,15,90,15,2,Field_0.0000,0 V,0.0,0.72407,3.25268690e-06
large_B_reverse,Large B: reverse,15,90,15,2,Field_0.0000,0 V,0.0,0.73407,3.35701129e-06
large_B_reverse,Large B: reverse,15,90,15,2,Field_0.0000,0 V,0.0,0.74407,3.47223635e-06
large_B_reverse,Large B: reverse,15,90,15,2,Field_0.0000,0 V,0.0,0.75407,3.60036217e-06
large_B_reverse,Large B: reverse,15,90,15,2,Field_0.0000,0 V,0.0,0.76407,3.74366836e-06
large_B_reverse,Large B: reverse,15,90,15,2,Field_0.0000,0 V,0.0,0.77407,3.90471826e-06
large_B_reverse,Large B: reverse,15,90,15,2,Field_0.0000,0 V,0.0,0.78407,4.08635274e-06
large_B_reverse,Large B: reverse,15,90,15,2,Field_0.0000,0 V,0.0,0.79407,4.29167165e-06
large_B_reverse,Large B: reverse,15,90,15,2,Field_0.0000,0 V,0.0,0.80407,4.52400186e-06
large_B_reverse,Large B: reverse,15,90,15,2,Field_0.0000,0 V,0.0,0.81407,4.78685181e-06
large_B_reverse,Large B: reverse,15,90,15,2,Field_0.0000,0 V,0.0,0.82407,5.08385449e-06
large_B_reverse,Large B: reverse,15,90,15,2,Field_0.0000,0 V,0.0,0.83407,5.41870224e-06
large_B_reverse,Large B: reverse,15,90,15,2,Field_0.0000,0 V,0.0,0.84407,5.79507901e-06
large_B_reverse,Large B: reverse,15,90,15,2,Field_0.0000,0 V,0.0,0.85407,6.21659693e-06
large_B_reverse,Large B: reverse,15,90,15,2,Field_0.0000,0 V,0.0,0.86407,6.68674514e-06
large_B_reverse,Large B: reverse,15,90,15,2,Field_0.0000,0 V,0.0,0.87407,7.20885863e-06
large_B_reverse,Large B: reverse,15,90,15,2,Field_0.0000,0 V,0.0,0.88407,7.78611337e-06
large_B_reverse,Large B: reverse,15,90,15,2,Field_0.0000,0 V,0.0,0.89407,8.42155225e-06
large_B_reverse,Large B: reverse,15,90,15,2,Field_0.0000,0 V,0.0,0.90407,9.11814294e-06
large_B_reverse,Large B: reverse,15,90,15,2,Field_0.0000,0 V,0.0,0.91407,9.87886615e-06
large_B_reverse,Large B: reverse,15,90,15,2,Field_0.0000,0 V,0.0,0.92407,1.07068298e-05
large_B_reverse,Large B: reverse,15,90,15,2,Field_0.0000,0 V,0.0,0.93407,1.16054032e-05
large_B_reverse,Large B: reverse,15,90,15,2,Field_0.0000,0 V,0.0,0.94407,1.25783635e-05
large_B_reverse,Large B: reverse,15,90,15,2,Field_0.0000,0 V,0.0,0.95407,1.36300489e-05
large_B_reverse,Large B: reverse,15,90,15,2,Field_0.0000,0 V,0.0,0.96407,1.47655117e-05
large_B_reverse,Large B: reverse,15,90,15,2,Field_0.0000,0 V,0.0,0.97407,1.59906683e-05
large_B_reverse,Large B: reverse,15,90,15,2,Field_0.0000,0 V,0.0,0.98407,1.73124435e-05
large_B_reverse,Large B: reverse,15,90,15,2,Field_0.0000,0 V,0.0,0.99407,1.87389099e-05
large_B_reverse,Large B: reverse,15,90,15,2,Field_0.0000,0 V,0.0,1.00407,2.02990034e-05
large_B_reverse,Large B: reverse,15,90,15,2,Field_0.0000,0 V,0.0,1.01407,2.20300581e-05
large_B_reverse,Large B: reverse,15,90,15,2,Field_0.0000,0 V,0.0,1.02407,2.39564498e-05
large_B_reverse,Large B: reverse,15,90,15,2,Field_0.0000,0 V,0.0,1.03407,2.61068329e-05
large_B_reverse,Large B: reverse,15,90,15,2,Field_0.0000,0 V,0.0,1.04407,2.85150213e-05
large_B_reverse,Large B: reverse,15,90,15,2,Field_0.0000,0 V,0.0,1.05407,3.12210731e-05
large_B_reverse,Large B: reverse,15,90,15,2,Field_0.0000,0 V,0.0,1.06407,3.42726321e-05
large_B_reverse,Large B: reverse,15,90,15,2,Field_0.0000,0 V,0.0,1.07407,3.77265911e-05
large_B_reverse,Large B: reverse,15,90,15,2,Field_0.0000,0 V,0.0,1.08407,4.16511592e-05
large_B_reverse,Large B: reverse,15,90,15,2,Field_0.0000,0 V,0.0,1.09407,4.61284360e-05
large_B_reverse,Large B: reverse,15,90,15,2,Field_0.0000,0 V,0.0,1.10407,5.12576205e-05
large_B_reverse,Large B: reverse,15,90,15,2,Field_0.0000,0 V,0.0,1.11407,5.71590094e-05
large_B_reverse,Large B: reverse,15,90,15,2,Field_0.0000,0 V,0.0,1.12407,6.39789682e-05
large_B_reverse,Large B: reverse,15,90,15,2,Field_0.0000,0 V,0.0,1.13407,7.18960807e-05
large_B_reverse,Large B: reverse,15,90,15,2,Field_0.0000,0 V,0.0,1.14407,8.11286890e-05
large_B_reverse,Large B: reverse,15,90,15,2,Field_0.0000,0 V,0.0,1.15407,9.19439956e-05
large_B_reverse,Large B: reverse,15,90,15,2,Field_0.0000,0 V,0.0,1.16407,1.04668774e-04
large_B_reverse,Large B: reverse,15,90,15,2,Field_0.0000,0 V,0.0,1.17407,1.19701425e-04
large_B_reverse,Large B: reverse,15,90,15,2,Field_0.0000,0 V,0.0,1.18407,1.37524483e-04
large_B_reverse,Large B: reverse,15,90,15,2,Field_0.0000,0 V,0.0,1.19407,1.58715462e-04
large_B_reverse,Large B: reverse,15,90,15,2,Field_0.0000,0 V,0.0,1.20407,1.83951720e-04
large_B_reverse,Large B: reverse,15,90,15,2,Field_0.0000,0 V,0.0,1.21407,2.14001335e-04
large_B_reverse,Large B: reverse,15,90,15,2,Field_0.0000,0 V,0.0,1.22407,2.49686194e-04
large_B_reverse,Large B: reverse,15,90,15,2,Field_0.0000,0 V,0.0,1.23407,2.91795751e-04
large_B_reverse,Large B: reverse,15,90,15,2,Field_0.0000,0 V,0.0,1.24407,3.40922189e-04
large_B_reverse,Large B: reverse,15,90,15,2,Field_0.0000,0 V,0.0,1.25407,3.97187086e-04
large_B_reverse,Large B: reverse,15,90,15,2,Field_0.0000,0 V,0.0,1.26407,4.59851512e-04
large_B_reverse,Large B: reverse,15,90,15,2,Field_0.0000,0 V,0.0,1.27407,5.26868436e-04
large_B_reverse,Large B: reverse,15,90,15,2,Field_0.0000,0 V,0.0,1.28407,5.94558389e-04
large_B_reverse,Large B: reverse,15,90,15,2,Field_0.0000,0 V,0.0,1.29407,6.57714857e-04
large_B_reverse,Large B: reverse,15,90,15,2,Field_0.0000,0 V,0.0,1.30407,7.10420482e-04
large_B_reverse,Large B: reverse,15,90,15,2,Field_0.0000,0 V,0.0,1.31407,7.47517271e-04
large_B_reverse,Large B: reverse,15,90,15,2,Field_0.0000,0 V,0.0,1.32407,7.66137770e-04
large_B_reverse,Large B: reverse,15,90,15,2,Field_0.0000,0 V,0.0,1.33407,7.66468444e-04
large_B_reverse,Large B: reverse,15,90,15,2,Field_0.0000,0 V,0.0,1.34407,7.51351185e-04
large_B_reverse,Large B: reverse,15,90,15,2,Field_0.0000,0 V,0.0,1.35407,7.25081071e-04
large_B_reverse,Large B: reverse,15,90,15,2,Field_0.0000,0 V,0.0,1.36407,6.92124079e-04
large_B_reverse,Large B: reverse,15,90,15,2,Field_0.0000,0 V,0.0,1.37407,6.56264645e-04
large_B_reverse,Large B: reverse,15,90,15,2,Field_0.0000,0 V,0.0,1.38407,6.20278299e-04
large_B_reverse,Large B: reverse,15,90,15,2,Field_0.0000,0 V,0.0,1.39407,5.85969755e-04
large_B_reverse,Large B: reverse,15,90,15,2,Field_0.0000,0 V,0.0,1.40407,5.54376073e-04
large_B_reverse,Large B: reverse,15,90,15,2,Field_0.0000,0 V,0.0,1.41407,5.25998260e-04
large_B_reverse,Large B: reverse,15,90,15,2,Field_0.0000,0 V,0.0,1.42407,5.00997636e-04
large_B_reverse,Large B: reverse,15,90,15,2,Field_0.0000,0 V,0.0,1.43407,4.79340252e-04
large_B_reverse,Large B: reverse,15,90,15,2,Field_0.0000,0 V,0.0,1.44407,4.60894329e-04
large_B_reverse,Large B: reverse,15,90,15,2,Field_0.0000,0 V,0.0,1.45407,4.45492216e-04
large_B_reverse,Large B: reverse,15,90,15,2,Field_0.0000,0 V,0.0,1.46407,4.32968074e-04
large_B_reverse,Large B: reverse,15,90,15,2,Field_0.0000,0 V,0.0,1.47407,4.23180115e-04
large_B_reverse,Large B: reverse,15,90,15,2,Field_0.0000,0 V,0.0,1.48407,4.16023633e-04
large_B_reverse,Large B: reverse,15,90,15,2,Field_0.0000,0 V,0.0,1.49407,4.11439078e-04
large_B_reverse,Large B: reverse,15,90,15,2,Field_0.0000,0 V,0.0,1.50407,4.09418011e-04
large_B_reverse,Large B: reverse,15,90,15,2,Field_0.0000,0 V,0.0,1.51407,4.10008899e-04
large_B_reverse,Large B: reverse,15,90,15,2,Field_0.0000,0 V,0.0,1.52407,4.13324214e-04
large_B_reverse,Large B: reverse,15,90,15,2,Field_0.0000,0 V,0.0,1.53407,4.19550117e-04
large_B_reverse,Large B: reverse,15,90,15,2,Field_0.0000,0 V,0.0,1.54407,4.28960039e-04
large_B_reverse,Large B: reverse,15,90,15,2,Field_0.0000,0 V,0.0,1.55407,4.41933736e-04
large_B_reverse,Large B: reverse,15,90,15,2,Field_0.0000,0 V,0.0,1.56407,4.58983896e-04
large_B_reverse,Large B: reverse,15,90,15,2,Field_0.0000,0 V,0.0,1.57407,4.80793120e-04
large_B_reverse,Large B: reverse,15,90,15,2,Field_0.0000,0 V,0.0,1.58407,5.08265199e-04
large_B_reverse,Large B: reverse,15,90,15,2,Field_0.0000,0 V,0.0,1.59407,5.42596089e-04
large_B_reverse,Large B: reverse,15,90,15,2,Field_0.0000,0 V,0.0,1.60407,5.85371683e-04
large_B_reverse,Large B: reverse,15,90,15,2,Field_0.0000,0 V,0.0,1.61407,6.38701053e-04
large_B_reverse,Large B: reverse,15,90,15,2,Field_0.0000,0 V,0.0,1.62407,7.05393375e-04
large_B_reverse,Large B: reverse,15,90,15,2,Field_0.0000,0 V,0.0,1.63407,7.89179411e-04
large_B_reverse,Large B: reverse,15,90,15,2,Field_0.0000,0 V,0.0,1.64407,8.94950605e-04
large_B_reverse,Large B: reverse,15,90,15,2,Field_0.0000,0 V,0.0,1.65407,1.02890623e-03
large_B_reverse,Large B: reverse,15,90,15,2,Field_0.0000,0 V,0.0,1.66407,1.19828137e-03
large_B_reverse,Large B: reverse,15,90,15,2,Field_0.0000,0 V,0.0,1.67407,1.40981789e-03
large_B_reverse,Large B: reverse,15,90,15,2,Field_0.0000,0 V,0.0,1.68407,1.66517092e-03
large_B_reverse,Large B: reverse,15,90,15,2,Field_0.0000,0 V,0.0,1.69407,1.95051564e-03
large_B_reverse,Large B: reverse,15,90,15,2,Field_0.0000,0 V,0.0,1.70407,2.22033270e-03
large_B_reverse,Large B: reverse,15,90,15,2,Field_0.0000,0 V,0.0,1.71407,2.39004743e-03
large_B_reverse,Large B: reverse,15,90,15,2,Field_0.0000,0 V,0.0,1.72407,2.37171462e-03
large_B_reverse,Large B: reverse,15,90,15,2,Field_0.0000,0 V,0.0,1.73407,2.14992950e-03
large_B_reverse,Large B: reverse,15,90,15,2,Field_0.0000,0 V,0.0,1.74407,1.80441942e-03
large_B_reverse,Large B: reverse,15,90,15,2,Field_0.0000,0 V,0.0,1.75407,1.43946851e-03
large_B_reverse,Large B: reverse,15,90,15,2,Field_0.0000,0 V,0.0,1.76407,1.11881170e-03
large_B_reverse,Large B: reverse,15,90,15,2,Field_0.0000,0 V,0.0,1.77407,8.63398979e-04
large_B_reverse,Large B: reverse,15,90,15,2,Field_0.0000,0 V,0.0,1.78407,8.78820312e-04
large_B_reverse,Large B: reverse,15,90,15,2,Field_0.0000,0 V,0.0,1.79407,7.95179213e-04
large_B_reverse,Large B: reverse,15,90,15,2,Field_0.0000,0 V,0.0,1.80407,5.04886687e-04
large_B_reverse,Large B: reverse,15,90,15,2,Field_0.0000,0 V,0.0,1.81407,3.93744566e-04
large_B_reverse,Large B: reverse,15,90,15,2,Field_0.0000,0 V,0.0,1.82407,3.19539794e-04
large_B_reverse,Large B: reverse,15,90,15,2,Field_0.0000,0 V,0.0,1.83407,2.64820639e-04
large_B_reverse,Large B: reverse,15,90,15,2,Field_0.0000,0 V,0.0,1.84407,2.22923699e-04
large_B_reverse,Large B: reverse,15,90,15,2,Field_0.0000,0 V,0.0,1.85407,1.90168683e-04
large_B_reverse,Large B: reverse,15,90,15,2,Field_0.0000,0 V,0.0,1.86407,1.64229594e-04
large_B_reverse,Large B: reverse,15,90,15,2,Field_0.0000,0 V,0.0,1.87407,1.43590013e-04
large_B_reverse,Large B: reverse,15,90,15,2,Field_0.0000,0 V,0.0,1.88407,1.27390254e-04
large_B_reverse,Large B: reverse,15,90,15,2,Field_0.0000,0 V,0.0,1.89407,1.15876969e-04
large_B_reverse,Large B: reverse,15,90,15,2,Field_0.0000,0 V,0.0,1.90407,1.17038013e-04
large_B_reverse,Large B: reverse,15,90,15,2,Field_0.0000,0 V,0.0,1.91407,1.00491151e-04
large_B_reverse,Large B: reverse,15,90,15,2,Field_0.0000,0 V,0.0,1.92407,7.14506611e-05
large_B_reverse,Large B: reverse,15,90,15,2,Field_0.0000,0 V,0.0,1.93407,6.63996826e-05
large_B_reverse,Large B: reverse,15,90,15,2,Field_0.0000,0 V,0.0,1.94407,6.12269208e-05
large_B_reverse,Large B: reverse,15,90,15,2,Field_0.0000,0 V,0.0,1.95407,5.64413573e-05
large_B_reverse,Large B: reverse,15,90,15,2,Field_0.0000,0 V,0.0,1.96407,5.21448661e-05
large_B_reverse,Large B: reverse,15,90,15,2,Field_0.0000,0 V,0.0,1.97407,4.83242862e-05
large_B_reverse,Large B: reverse,15,90,15,2,Field_0.0000,0 V,0.0,1.98407,4.49357299e-05
large_B_reverse,Large B: reverse,15,90,15,2,Field_0.0000,0 V,0.0,1.99407,4.19297609e-05
large_B_reverse,Large B: reverse,15,90,15,2,Field_0.0000,0 V,0.0,2.00407,3.92585431e-05
large_B_reverse,Large B: reverse,15,90,15,2,Field_0.0000,0 V,0.0,2.01407,3.68797338e-05
large_B_reverse,Large B: reverse,15,90,15,2,Field_0.0000,0 V,0.0,2.02407,3.47573193e-05
large_B_reverse,Large B: reverse,15,90,15,2,Field_0.0000,0 V,0.0,2.03407,3.28600822e-05
large_B_reverse,Large B: reverse,15,90,15,2,Field_0.0000,0 V,0.0,2.04407,3.11611013e-05
large_B_reverse,Large B: reverse,15,90,15,2,Field_0.0000,0 V,0.0,2.05407,2.96372023e-05
large_B_reverse,Large B: reverse,15,90,15,2,Field_0.0000,0 V,0.0,2.06407,2.82684361e-05
large_B_reverse,Large B: reverse,15,90,15,2,Field_0.0000,0 V,0.0,2.07407,2.70376152e-05
large_B_reverse,Large B: reverse,15,90,15,2,Field_0.0000,0 V,0.0,2.08407,2.59299099e-05
large_B_reverse,Large B: reverse,15,90,15,2,Field_0.0000,0 V,0.0,2.09407,2.49325055e-05
large_B_reverse,Large B: reverse,15,90,15,2,Field_0.0000,0 V,0.0,2.10407,2.40343111e-05
large_B_reverse,Large B: reverse,15,90,15,2,Field_0.0000,0 V,0.0,2.11407,2.32257143e-05
large_B_reverse,Large B: reverse,15,90,15,2,Field_0.0000,0 V,0.0,2.12407,2.24983749e-05
large_B_reverse,Large B: reverse,15,90,15,2,Field_0.0000,0 V,0.0,2.13407,2.18450513e-05
large_B_reverse,Large B: reverse,15,90,15,2,Field_0.0000,0 V,0.0,2.14407,2.12594549e-05
large_B_reverse,Large B: reverse,15,90,15,2,Field_0.0000,0 V,0.0,2.15407,2.07361272e-05
large_B_reverse,Large B: reverse,15,90,15,2,Field_0.0000,0 V,0.0,2.16407,2.02703372e-05
large_B_reverse,Large B: reverse,15,90,15,2,Field_0.0000,0 V,0.0,2.17407,1.98579950e-05
large_B_reverse,Large B: reverse,15,90,15,2,Field_0.0000,0 V,0.0,2.18407,1.94955800e-05
large_B_reverse,Large B: reverse,15,90,15,2,Field_0.0000,0 V,0.0,2.19407,1.91800814e-05
large_B_reverse,Large B: reverse,15,90,15,2,Field_0.0000,0 V,0.0,2.20407,1.89089495e-05
large_B_reverse,Large B: reverse,15,90,15,2,Field_0.0000,0 V,0.0,2.21407,1.86800562e-05
large_B_reverse,Large B: reverse,15,90,15,2,Field_0.0000,0 V,0.0,2.22407,1.84916656e-05
large_B_reverse,Large B: reverse,15,90,15,2,Field_0.0000,0 V,0.0,2.23407,1.83424121e-05
large_B_reverse,Large B: reverse,15,90,15,2,Field_0.0000,0 V,0.0,2.24407,1.82312882e-05
large_B_reverse,Large B: reverse,15,90,15,2,Field_0.0000,0 V,0.0,2.25407,1.81576409e-05
large_B_reverse,Large B: reverse,15,90,15,2,Field_0.0000,0 V,0.0,2.26407,1.81211801e-05
large_B_reverse,Large B: reverse,15,90,15,2,Field_0.0000,0 V,0.0,2.27407,1.81220000e-05
large_B_reverse,Large B: reverse,15,90,15,2,Field_0.0000,0 V,0.0,2.28407,1.81606190e-05
large_B_reverse,Large B: reverse,15,90,15,2,Field_0.0000,0 V,0.0,2.29407,1.82380445e-05
large_B_reverse,Large B: reverse,15,90,15,2,Field_0.0000,0 V,0.0,2.30407,1.83558771e-05
large_B_reverse,Large B: reverse,15,90,15,2,Field_0.0000,0 V,0.0,2.31407,1.85164731e-05
large_B_reverse,Large B: reverse,15,90,15,2,Field_0.0000,0 V,0.0,2.32407,1.87232040e-05
large_B_reverse,Large B: reverse,15,90,15,2,Field_0.0000,0 V,0.0,2.33407,1.89808827e-05
large_B_reverse,Large B: reverse,15,90,15,2,Field_0.0000,0 V,0.0,2.34407,1.92964889e-05
large_B_reverse,Large B: reverse,15,90,15,2,Field_0.0000,0 V,0.0,2.35407,1.96804660e-05
large_B_reverse,Large B: reverse,15,90,15,2,Field_0.0000,0 V,0.0,2.36407,2.01491862e-05
large_B_reverse,Large B: reverse,15,90,15,2,Field_0.0000,0 V,0.0,2.37407,2.07300049e-05
large_B_reverse,Large B: reverse,15,90,15,2,Field_0.0000,0 V,0.0,2.38407,2.14726835e-05
large_B_reverse,Large B: reverse,15,90,15,2,Field_0.0000,0 V,0.0,2.39407,2.24787408e-05
large_B_reverse,Large B: reverse,15,90,15,2,Field_0.0000,0 V,0.0,2.40407,2.39916848e-05
large_B_reverse,Large B: reverse,15,90,15,2,Field_0.0000,0 V,0.0,2.41407,2.67612961e-05
large_B_reverse,Large B: reverse,15,90,15,2,Field_0.0000,0 V,0.0,2.42407,3.44326972e-05
large_B_reverse,Large B: reverse,15,90,15,2,Field_0.0000,0 V,0.0,2.43407,1.14483032e-04
large_B_reverse,Large B: reverse,15,90,15,2,Field_0.0000,0 V,0.0,2.44407,5.81988430e-05
large_B_reverse,Large B: reverse,15,90,15,2,Field_0.0000,0 V,0.0,2.45407,2.37603001e-05
large_B_reverse,Large B: reverse,15,90,15,2,Field_0.0000,0 V,0.0,2.46407,2.26109721e-05
large_B_reverse,Large B: reverse,15,90,15,2,Field_0.0000,0 V,0.0,2.47407,2.31472432e-05
large_B_reverse,Large B: reverse,15,90,15,2,Field_0.0000,0 V,0.0,2.48407,2.39321351e-05
large_B_reverse,Large B: reverse,15,90,15,2,Field_0.0000,0 V,0.0,2.49407,2.47924066e-05
large_B_reverse,Large B: reverse,15,90,15,2,Field_0.0000,0 V,0.0,2.50407,2.66405518e-05
large_B_reverse,Large B: reverse,15,90,15,2,Field_0.0000,0 V,0.0,2.51407,1.21611522e-04
large_B_reverse,Large B: reverse,15,90,15,2,Field_0.0000,0 V,0.0,2.52407,6.51555557e-05
large_B_reverse,Large B: reverse,15,90,15,2,Field_0.0000,0 V,0.0,2.53407,4.37681918e-05
large_B_reverse,Large B: reverse,15,90,15,2,Field_0.0000,0 V,0.0,2.54407,4.16946131e-05
large_B_reverse,Large B: reverse,15,90,15,2,Field_0.0000,0 V,0.0,2.55407,4.23920765e-05
large_B_reverse,Large B: reverse,15,90,15,2,Field_0.0000,0 V,0.0,2.56407,4.41373366e-05
large_B_reverse,Large B: reverse,15,90,15,2,Field_0.0000,0 V,0.0,2.57407,4.65246920e-05
large_B_reverse,Large B: reverse,15,90,15,2,Field_0.0000,0 V,0.0,2.58407,4.94394223e-05
large_B_reverse,Large B: reverse,15,90,15,2,Field_0.0000,0 V,0.0,2.59407,5.28654506e-05
large_B_reverse,Large B: reverse,15,90,15,2,Field_0.0000,0 V,0.0,2.60407,5.68330743e-05
large_B_reverse,Large B: reverse,15,90,15,2,Field_0.0000,0 V,0.0,2.61407,6.14023158e-05
large_B_reverse,Large B: reverse,15,90,15,2,Field_0.0000,0 V,0.0,2.62407,6.66582083e-05
large_B_reverse,Large B: reverse,15,90,15,2,Field_0.0000,0 V,0.0,2.63407,7.27112259e-05
large_B_reverse,Large B: reverse,15,90,15,2,Field_0.0000,0 V,0.0,2.64407,7.97006841e-05
large_B_reverse,Large B: reverse,15,90,15,2,Field_0.0000,0 V,0.0,2.65407,8.78004890e-05
large_B_reverse,Large B: reverse,15,90,15,2,Field_0.0000,0 V,0.0,2.66407,9.72272588e-05
large_B_reverse,Large B: reverse,15,90,15,2,Field_0.0000,0 V,0.0,2.67407,1.08251188e-04
large_B_reverse,Large B: reverse,15,90,15,2,Field_0.0000,0 V,0.0,2.68407,1.21210264e-04
large_B_reverse,Large B: reverse,15,90,15,2,Field_0.0000,0 V,0.0,2.69407,1.36528612e-04
large_B_reverse,Large B: reverse,15,90,15,2,Field_0.0000,0 V,0.0,2.70407,1.54739850e-04
large_B_reverse,Large B: reverse,15,90,15,2,Field_0.0000,0 V,0.0,2.71407,1.76516155e-04
large_B_reverse,Large B: reverse,15,90,15,2,Field_0.0000,0 V,0.0,2.72407,2.02703090e-04
large_B_reverse,Large B: reverse,15,90,15,2,Field_0.0000,0 V,0.0,2.73407,2.34358367e-04
large_B_reverse,Large B: reverse,15,90,15,2,Field_0.0000,0 V,0.0,2.74407,2.72788429e-04
large_B_reverse,Large B: reverse,15,90,15,2,Field_0.0000,0 V,0.0,2.75407,3.19567680e-04
large_B_reverse,Large B: reverse,15,90,15,2,Field_0.0000,0 V,0.0,2.76407,3.76507528e-04
large_B_reverse,Large B: reverse,15,90,15,2,Field_0.0000,0 V,0.0,2.77407,4.45511252e-04
large_B_reverse,Large B: reverse,15,90,15,2,Field_0.0000,0 V,0.0,2.78407,5.28203947e-04
large_B_reverse,Large B: reverse,15,90,15,2,Field_0.0000,0 V,0.0,2.79407,6.25180287e-04
large_B_reverse,Large B: reverse,15,90,15,2,Field_0.0000,0 V,0.0,2.80407,7.34734685e-04
large_B_reverse,Large B: reverse,15,90,15,2,Field_0.0000,0 V,0.0,2.81407,8.51191750e-04
large_B_reverse,Large B: reverse,15,90,15,2,Field_0.0000,0 V,0.0,2.82407,9.63629177e-04
large_B_reverse,Large B: reverse,15,90,15,2,Field_0.0000,0 V,0.0,2.83407,1.05665816e-03
large_B_reverse,Large B: reverse,15,90,15,2,Field_0.0000,0 V,0.0,2.84407,1.11471994e-03
large_B_reverse,Large B: reverse,15,90,15,2,Field_0.0000,0 V,0.0,2.85407,1.12864667e-03
large_B_reverse,Large B: reverse,15,90,15,2,Field_0.0000,0 V,0.0,2.86407,1.09992015e-03
large_B_reverse,Large B: reverse,15,90,15,2,Field_0.0000,0 V,0.0,2.87407,1.03911586e-03
large_B_reverse,Large B: reverse,15,90,15,2,Field_0.0000,0 V,0.0,2.88407,9.60276817e-04
large_B_reverse,Large B: reverse,15,90,15,2,Field_0.0000,0 V,0.0,2.89407,8.75753251e-04
large_B_reverse,Large B: reverse,15,90,15,2,Field_0.0000,0 V,0.0,2.90407,7.93938053e-04
large_B_reverse,Large B: reverse,15,90,15,2,Field_0.0000,0 V,0.0,2.91407,7.19394724e-04
large_B_reverse,Large B: reverse,15,90,15,2,Field_0.0000,0 V,0.0,2.92407,6.53956194e-04
large_B_reverse,Large B: reverse,15,90,15,2,Field_0.0000,0 V,0.0,2.93407,5.97843806e-04
large_B_reverse,Large B: reverse,15,90,15,2,Field_0.0000,0 V,0.0,2.94407,5.50473739e-04
large_B_reverse,Large B: reverse,15,90,15,2,Field_0.0000,0 V,0.0,2.95407,5.10945750e-04
large_B_reverse,Large B: reverse,15,90,15,2,Field_0.0000,0 V,0.0,2.96407,4.78305868e-04
large_B_reverse,Large B: reverse,15,90,15,2,Field_0.0000,0 V,0.0,2.97407,4.51672046e-04
large_B_reverse,Large B: reverse,15,90,15,2,Field_0.0000,0 V,0.0,2.98407,4.30284574e-04
large_B_reverse,Large B: reverse,15,90,15,2,Field_0.0000,0 V,0.0,2.99407,4.13518518e-04
large_B_reverse,Large B: reverse,15,90,15,2,Field_0.0015,+1.72 V,1.718,-2.00529,7.64589726e-03
large_B_reverse,Large B: reverse,15,90,15,2,Field_0.0015,+1.72 V,1.718,-1.99529,3.81001146e-03
large_B_reverse,Large B: reverse,15,90,15,2,Field_0.0015,+1.72 V,1.718,-1.98529,2.42166527e-03
large_B_reverse,Large B: reverse,15,90,15,2,Field_0.0015,+1.72 V,1.718,-1.97529,1.80108811e-03
large_B_reverse,Large B: reverse,15,90,15,2,Field_0.0015,+1.72 V,1.718,-1.96529,1.49929576e-03
large_B_reverse,Large B: reverse,15,90,15,2,Field_0.0015,+1.72 V,1.718,-1.95529,1.36081106e-03
large_B_reverse,Large B: reverse,15,90,15,2,Field_0.0015,+1.72 V,1.718,-1.94529,1.32488843e-03
large_B_reverse,Large B: reverse,15,90,15,2,Field_0.0015,+1.72 V,1.718,-1.93529,1.36953653e-03
large_B_reverse,Large B: reverse,15,90,15,2,Field_0.0015,+1.72 V,1.718,-1.92529,1.49367274e-03
large_B_reverse,Large B: reverse,15,90,15,2,Field_0.0015,+1.72 V,1.718,-1.91529,1.71275773e-03
large_B_reverse,Large B: reverse,15,90,15,2,Field_0.0015,+1.72 V,1.718,-1.90529,2.06162596e-03
large_B_reverse,Large B: reverse,15,90,15,2,Field_0.0015,+1.72 V,1.718,-1.89529,2.60452623e-03
large_B_reverse,Large B: reverse,15,90,15,2,Field_0.0015,+1.72 V,1.718,-1.88529,3.42842667e-03
large_B_reverse,Large B: reverse,15,90,15,2,Field_0.0015,+1.72 V,1.718,-1.87529,4.69858080e-03
large_B_reverse,Large B: reverse,15,90,15,2,Field_0.0015,+1.72 V,1.718,-1.86529,6.54725155e-03
large_B_reverse,Large B: reverse,15,90,15,2,Field_0.0015,+1.72 V,1.718,-1.85529,8.75963146e-03
large_B_reverse,Large B: reverse,15,90,15,2,Field_0.0015,+1.72 V,1.718,-1.84529,1.04313458e-02
large_B_reverse,Large B: reverse,15,90,15,2,Field_0.0015,+1.72 V,1.718,-1.83529,1.06805433e-02
large_B_reverse,Large B: reverse,15,90,15,2,Field_0.0015,+1.72 V,1.718,-1.82529,9.88918692e-03
large_B_reverse,Large B: reverse,15,90,15,2,Field_0.0015,+1.72 V,1.718,-1.81529,8.96142929e-03
large_B_reverse,Large B: reverse,15,90,15,2,Field_0.0015,+1.72 V,1.718,-1.80529,8.37229193e-03
large_B_reverse,Large B: reverse,15,90,15,2,Field_0.0015,+1.72 V,1.718,-1.79529,8.25584931e-03
large_B_reverse,Large B: reverse,15,90,15,2,Field_0.0015,+1.72 V,1.718,-1.78529,8.67219536e-03
large_B_reverse,Large B: reverse,15,90,15,2,Field_0.0015,+1.72 V,1.718,-1.77529,9.74361841e-03
large_B_reverse,Large B: reverse,15,90,15,2,Field_0.0015,+1.72 V,1.718,-1.76529,1.17303903e-02
large_B_reverse,Large B: reverse,15,90,15,2,Field_0.0015,+1.72 V,1.718,-1.75529,1.50706782e-02
large_B_reverse,Large B: reverse,15,90,15,2,Field_0.0015,+1.72 V,1.718,-1.74529,2.01278841e-02
large_B_reverse,Large B: reverse,15,90,15,2,Field_0.0015,+1.72 V,1.718,-1.73529,2.55890980e-02
large_B_reverse,Large B: reverse,15,90,15,2,Field_0.0015,+1.72 V,1.718,-1.72529,2.62217603e-02
large_B_reverse,Large B: reverse,15,90,15,2,Field_0.0015,+1.72 V,1.718,-1.71529,2.00428462e-02
large_B_reverse,Large B: reverse,15,90,15,2,Field_0.0015,+1.72 V,1.718,-1.70529,1.30588510e-02
large_B_reverse,Large B: reverse,15,90,15,2,Field_0.0015,+1.72 V,1.718,-1.69529,8.38130656e-03
large_B_reverse,Large B: reverse,15,90,15,2,Field_0.0015,+1.72 V,1.718,-1.68529,5.62846066e-03
large_B_reverse,Large B: reverse,15,90,15,2,Field_0.0015,+1.72 V,1.718,-1.67529,4.02175806e-03
large_B_reverse,Large B: reverse,15,90,15,2,Field_0.0015,+1.72 V,1.718,-1.66529,3.08344847e-03
large_B_reverse,Large B: reverse,15,90,15,2,Field_0.0015,+1.72 V,1.718,-1.65529,2.58528673e-03
large_B_reverse,Large B: reverse,15,90,15,2,Field_0.0015,+1.72 V,1.718,-1.64529,2.46777238e-03
large_B_reverse,Large B: reverse,15,90,15,2,Field_0.0015,+1.72 V,1.718,-1.63529,2.71669655e-03
large_B_reverse,Large B: reverse,15,90,15,2,Field_0.0015,+1.72 V,1.718,-1.62529,2.86174091e-03
large_B_reverse,Large B: reverse,15,90,15,2,Field_0.0015,+1.72 V,1.718,-1.61529,2.46793211e-03
large_B_reverse,Large B: reverse,15,90,15,2,Field_0.0015,+1.72 V,1.718,-1.60529,2.01659681e-03
large_B_reverse,Large B: reverse,15,90,15,2,Field_0.0015,+1.72 V,1.718,-1.59529,1.70076614e-03
large_B_reverse,Large B: reverse,15,90,15,2,Field_0.0015,+1.72 V,1.718,-1.58529,1.49297873e-03
large_B_reverse,Large B: reverse,15,90,15,2,Field_0.0015,+1.72 V,1.718,-1.57529,1.35393012e-03
large_B_reverse,Large B: reverse,15,90,15,2,Field_0.0015,+1.72 V,1.718,-1.56529,1.25822325e-03
large_B_reverse,Large B: reverse,15,90,15,2,Field_0.0015,+1.72 V,1.718,-1.55529,1.19103454e-03
large_B_reverse,Large B: reverse,15,90,15,2,Field_0.0015,+1.72 V,1.718,-1.54529,1.14390228e-03
large_B_reverse,Large B: reverse,15,90,15,2,Field_0.0015,+1.72 V,1.718,-1.53529,1.11214297e-03
large_B_reverse,Large B: reverse,15,90,15,2,Field_0.0015,+1.72 V,1.718,-1.52529,1.09347644e-03
large_B_reverse,Large B: reverse,15,90,15,2,Field_0.0015,+1.72 V,1.718,-1.51529,1.08737990e-03
large_B_reverse,Large B: reverse,15,90,15,2,Field_0.0015,+1.72 V,1.718,-1.50529,1.09485676e-03
large_B_reverse,Large B: reverse,15,90,15,2,Field_0.0015,+1.72 V,1.718,-1.49529,1.11845232e-03
large_B_reverse,Large B: reverse,15,90,15,2,Field_0.0015,+1.72 V,1.718,-1.48529,1.16249351e-03
large_B_reverse,Large B: reverse,15,90,15,2,Field_0.0015,+1.72 V,1.718,-1.47529,1.23366717e-03
large_B_reverse,Large B: reverse,15,90,15,2,Field_0.0015,+1.72 V,1.718,-1.46529,1.34216940e-03
large_B_reverse,Large B: reverse,15,90,15,2,Field_0.0015,+1.72 V,1.718,-1.45529,1.50377429e-03
large_B_reverse,Large B: reverse,15,90,15,2,Field_0.0015,+1.72 V,1.718,-1.44529,1.74321752e-03
large_B_reverse,Large B: reverse,15,90,15,2,Field_0.0015,+1.72 V,1.718,-1.43529,2.09861368e-03
large_B_reverse,Large B: reverse,15,90,15,2,Field_0.0015,+1.72 V,1.718,-1.42529,2.62181054e-03
large_B_reverse,Large B: reverse,15,90,15,2,Field_0.0015,+1.72 V,1.718,-1.41529,3.34712530e-03
large_B_reverse,Large B: reverse,15,90,15,2,Field_0.0015,+1.72 V,1.718,-1.40529,4.14057295e-03
large_B_reverse,Large B: reverse,15,90,15,2,Field_0.0015,+1.72 V,1.718,-1.39529,4.43976207e-03
large_B_reverse,Large B: reverse,15,90,15,2,Field_0.0015,+1.72 V,1.718,-1.38529,3.72958740e-03
large_B_reverse,Large B: reverse,15,90,15,2,Field_0.0015,+1.72 V,1.718,-1.37529,2.55783055e-03
large_B_reverse,Large B: reverse,15,90,15,2,Field_0.0015,+1.72 V,1.718,-1.36529,1.62061042e-03
large_B_reverse,Large B: reverse,15,90,15,2,Field_0.0015,+1.72 V,1.718,-1.35529,1.02857160e-03
large_B_reverse,Large B: reverse,15,90,15,2,Field_0.0015,+1.72 V,1.718,-1.34529,6.73539424e-04
large_B_reverse,Large B: reverse,15,90,15,2,Field_0.0015,+1.72 V,1.718,-1.33529,4.57658123e-04
large_B_reverse,Large B: reverse,15,90,15,2,Field_0.0015,+1.72 V,1.718,-1.32529,3.21945710e-04
large_B_reverse,Large B: reverse,15,90,15,2,Field_0.0015,+1.72 V,1.718,-1.31529,2.33476358e-04
large_B_reverse,Large B: reverse,15,90,15,2,Field_0.0015,+1.72 V,1.718,-1.30529,1.73805162e-04
large_B_reverse,Large B: reverse,15,90,15,2,Field_0.0015,+1.72 V,1.718,-1.29529,1.32310336e-04
large_B_reverse,Large B: reverse,15,90,15,2,Field_0.0015,+1.72 V,1.718,-1.28529,1.02664865e-04
large_B_reverse,Large B: reverse,15,90,15,2,Field_0.0015,+1.72 V,1.718,-1.27529,8.09708957e-05
large_B_reverse,Large B: reverse,15,90,15,2,Field_0.0015,+1.72 V,1.718,-1.26529,6.47521633e-05
large_B_reverse,Large B: reverse,15,90,15,2,Field_0.0015,+1.72 V,1.718,-1.25529,5.23986098e-05
large_B_reverse,Large B: reverse,15,90,15,2,Field_0.0015,+1.72 V,1.718,-1.24529,4.28702248e-05
large_B_reverse,Large B: reverse,15,90,15,2,Field_0.0015,+1.72 V,1.718,-1.23529,3.55987180e-05
large_B_reverse,Large B: reverse,15,90,15,2,Field_0.0015,+1.72 V,1.718,-1.22529,3.05579773e-05
large_B_reverse,Large B: reverse,15,90,15,2,Field_0.0015,+1.72 V,1.718,-1.21529,2.76938788e-05
large_B_reverse,Large B: reverse,15,90,15,2,Field_0.0015,+1.72 V,1.718,-1.20529,2.52645585e-05
large_B_reverse,Large B: reverse,15,90,15,2,Field_0.0015,+1.72 V,1.718,-1.19529,2.23325715e-05
large_B_reverse,Large B: reverse,15,90,15,2,Field_0.0015,+1.72 V,1.718,-1.18529,1.95084602e-05
large_B_reverse,Large B: reverse,15,90,15,2,Field_0.0015,+1.72 V,1.718,-1.17529,1.70868091e-05
large_B_reverse,Large B: reverse,15,90,15,2,Field_0.0015,+1.72 V,1.718,-1.16529,1.50675352e-05
large_B_reverse,Large B: reverse,15,90,15,2,Field_0.0015,+1.72 V,1.718,-1.15529,1.33856855e-05
large_B_reverse,Large B: reverse,15,90,15,2,Field_0.0015,+1.72 V,1.718,-1.14529,1.19769757e-05
large_B_reverse,Large B: reverse,15,90,15,2,Field_0.0015,+1.72 V,1.718,-1.13529,1.07889909e-05
large_B_reverse,Large B: reverse,15,90,15,2,Field_0.0015,+1.72 V,1.718,-1.12529,9.78063232e-06
large_B_reverse,Large B: reverse,15,90,15,2,Field_0.0015,+1.72 V,1.718,-1.11529,8.91976859e-06
large_B_reverse,Large B: reverse,15,90,15,2,Field_0.0015,+1.72 V,1.718,-1.10529,8.18110679e-06
large_B_reverse,Large B: reverse,15,90,15,2,Field_0.0015,+1.72 V,1.718,-1.09529,7.54455532e-06
large_B_reverse,Large B: reverse,15,90,15,2,Field_0.0015,+1.72 V,1.718,-1.08529,6.99401116e-06
large_B_reverse,Large B: reverse,15,90,15,2,Field_0.0015,+1.72 V,1.718,-1.07529,6.51646393e-06
large_B_reverse,Large B: reverse,15,90,15,2,Field_0.0015,+1.72 V,1.718,-1.06529,6.10132872e-06
large_B_reverse,Large B: reverse,15,90,15,2,Field_0.0015,+1.72 V,1.718,-1.05529,5.73994410e-06
large_B_reverse,Large B: reverse,15,90,15,2,Field_0.0015,+1.72 V,1.718,-1.04529,5.42519024e-06
large_B_reverse,Large B: reverse,15,90,15,2,Field_0.0015,+1.72 V,1.718,-1.03529,5.15119585e-06
large_B_reverse,Large B: reverse,15,90,15,2,Field_0.0015,+1.72 V,1.718,-1.02529,4.91311150e-06
large_B_reverse,Large B: reverse,15,90,15,2,Field_0.0015,+1.72 V,1.718,-1.01529,4.70693336e-06
large_B_reverse,Large B: reverse,15,90,15,2,Field_0.0015,+1.72 V,1.718,-1.00529,4.52936589e-06
large_B_reverse,Large B: reverse,15,90,15,2,Field_0.0015,+1.72 V,1.718,-0.99529,4.37724021e-06
large_B_reverse,Large B: reverse,15,90,15,2,Field_0.0015,+1.72 V,1.718,-0.98529,4.24807111e-06
large_B_reverse,Large B: reverse,15,90,15,2,Field_0.0015,+1.72 V,1.718,-0.97529,4.14035457e-06
large_B_reverse,Large B: reverse,15,90,15,2,Field_0.0015,+1.72 V,1.718,-0.96529,4.05296601e-06
large_B_reverse,Large B: reverse,15,90,15,2,Field_0.0015,+1.72 V,1.718,-0.95529,3.98514342e-06
large_B_reverse,Large B: reverse,15,90,15,2,Field_0.0015,+1.72 V,1.718,-0.94529,3.93648376e-06
large_B_reverse,Large B: reverse,15,90,15,2,Field_0.0015,+1.72 V,1.718,-0.93529,3.90695404e-06
large_B_reverse,Large B: reverse,15,90,15,2,Field_0.0015,+1.72 V,1.718,-0.92529,3.89691898e-06
large_B_reverse,Large B: reverse,15,90,15,2,Field_0.0015,+1.72 V,1.718,-0.91529,3.90718936e-06
large_B_reverse,Large B: reverse,15,90,15,2,Field_0.0015,+1.72 V,1.718,-0.90529,3.93909674e-06
large_B_reverse,Large B: reverse,15,90,15,2,Field_0.0015,+1.72 V,1.718,-0.89529,3.99460387e-06
large_B_reverse,Large B: reverse,15,90,15,2,Field_0.0015,+1.72 V,1.718,-0.88529,4.07646442e-06
large_B_reverse,Large B: reverse,15,90,15,2,Field_0.0015,+1.72 V,1.718,-0.87529,4.18845331e-06
large_B_reverse,Large B: reverse,15,90,15,2,Field_0.0015,+1.72 V,1.718,-0.86529,4.33569998e-06
large_B_reverse,Large B: reverse,15,90,15,2,Field_0.0015,+1.72 V,1.718,-0.85529,4.52517547e-06
large_B_reverse,Large B: reverse,15,90,15,2,Field_0.0015,+1.72 V,1.718,-0.84529,4.76641311e-06
large_B_reverse,Large B: reverse,15,90,15,2,Field_0.0015,+1.72 V,1.718,-0.83529,5.07258987e-06
large_B_reverse,Large B: reverse,15,90,15,2,Field_0.0015,+1.72 V,1.718,-0.82529,5.46217034e-06
large_B_reverse,Large B: reverse,15,90,15,2,Field_0.0015,+1.72 V,1.718,-0.81529,5.96142929e-06
large_B_reverse,Large B: reverse,15,90,15,2,Field_0.0015,+1.72 V,1.718,-0.80529,6.60831698e-06
large_B_reverse,Large B: reverse,15,90,15,2,Field_0.0015,+1.72 V,1.718,-0.79529,7.45822945e-06
large_B_reverse,Large B: reverse,15,90,15,2,Field_0.0015,+1.72 V,1.718,-0.78529,8.59185923e-06
large_B_reverse,Large B: reverse,15,90,15,2,Field_0.0015,+1.72 V,1.718,-0.77529,1.01227405e-05
large_B_reverse,Large B: reverse,15,90,15,2,Field_0.0015,+1.72 V,1.718,-0.76529,1.21916833e-05
large_B_reverse,Large B: reverse,15,90,15,2,Field_0.0015,+1.72 V,1.718,-0.75529,1.49028973e-05
large_B_reverse,Large B: reverse,15,90,15,2,Field_0.0015,+1.72 V,1.718,-0.74529,1.80985825e-05
large_B_reverse,Large B: reverse,15,90,15,2,Field_0.0015,+1.72 V,1.718,-0.73529,2.09614139e-05
large_B_reverse,Large B: reverse,15,90,15,2,Field_0.0015,+1.72 V,1.718,-0.72529,2.21663958e-05
large_B_reverse,Large B: reverse,15,90,15,2,Field_0.0015,+1.72 V,1.718,-0.71529,2.13926968e-05
large_B_reverse,Large B: reverse,15,90,15,2,Field_0.0015,+1.72 V,1.718,-0.70529,1.99297810e-05
large_B_reverse,Large B: reverse,15,90,15,2,Field_0.0015,+1.72 V,1.718,-0.69529,1.91266106e-05
large_B_reverse,Large B: reverse,15,90,15,2,Field_0.0015,+1.72 V,1.718,-0.68529,1.95869285e-05
large_B_reverse,Large B: reverse,15,90,15,2,Field_0.0015,+1.72 V,1.718,-0.67529,2.14960058e-05
large_B_reverse,Large B: reverse,15,90,15,2,Field_0.0015,+1.72 V,1.718,-0.66529,2.48646012e-05
large_B_reverse,Large B: reverse,15,90,15,2,Field_0.0015,+1.72 V,1.718,-0.65529,2.92717811e-05
large_B_reverse,Large B: reverse,15,90,15,2,Field_0.0015,+1.72 V,1.718,-0.64529,3.31227930e-05
large_B_reverse,Large B: reverse,15,90,15,2,Field_0.0015,+1.72 V,1.718,-0.63529,3.35995783e-05
large_B_reverse,Large B: reverse,15,90,15,2,Field_0.0015,+1.72 V,1.718,-0.62529,2.94146417e-05
large_B_reverse,Large B: reverse,15,90,15,2,Field_0.0015,+1.72 V,1.718,-0.61529,2.28516735e-05
large_B_reverse,Large B: reverse,15,90,15,2,Field_0.0015,+1.72 V,1.718,-0.60529,1.67401478e-05
large_B_reverse,Large B: reverse,15,90,15,2,Field_0.0015,+1.72 V,1.718,-0.59529,1.21269108e-05
large_B_reverse,Large B: reverse,15,90,15,2,Field_0.0015,+1.72 V,1.718,-0.58529,8.90194394e-06
large_B_reverse,Large B: reverse,15,90,15,2,Field_0.0015,+1.72 V,1.718,-0.57529,6.68357897e-06
large_B_reverse,Large B: reverse,15,90,15,2,Field_0.0015,+1.72 V,1.718,-0.56529,5.14314828e-06
large_B_reverse,Large B: reverse,15,90,15,2,Field_0.0015,+1.72 V,1.718,-0.55529,4.05290934e-06
large_B_reverse,Large B: reverse,15,90,15,2,Field_0.0015,+1.72 V,1.718,-0.54529,3.26439219e-06
large_B_reverse,Large B: reverse,15,90,15,2,Field_0.0015,+1.72 V,1.718,-0.53529,2.68177556e-06
large_B_reverse,Large B: reverse,15,90,15,2,Field_0.0015,+1.72 V,1.718,-0.52529,2.24261859e-06
large_B_reverse,Large B: reverse,15,90,15,2,Field_0.0015,+1.72 V,1.718,-0.51529,1.90552189e-06
large_B_reverse,Large B: reverse,15,90,15,2,Field_0.0015,+1.72 V,1.718,-0.50529,1.64248712e-06
large_B_reverse,Large B: reverse,15,90,15,2,Field_0.0015,+1.72 V,1.718,-0.49529,1.43419537e-06
large_B_reverse,Large B: reverse,15,90,15,2,Field_0.0015,+1.72 V,1.718,-0.48529,1.26705712e-06
large_B_reverse,Large B: reverse,15,90,15,2,Field_0.0015,+1.72 V,1.718,-0.47529,1.13133871e-06
large_B_reverse,Large B: reverse,15,90,15,2,Field_0.0015,+1.72 V,1.718,-0.46529,1.01995047e-06
large_B_reverse,Large B: reverse,15,90,15,2,Field_0.0015,+1.72 V,1.718,-0.45529,9.27648037e-07
large_B_reverse,Large B: reverse,15,90,15,2,Field_0.0015,+1.72 V,1.718,-0.44529,8.50496484e-07
large_B_reverse,Large B: reverse,15,90,15,2,Field_0.0015,+1.72 V,1.718,-0.43529,7.85504409e-07
large_B_reverse,Large B: reverse,15,90,15,2,Field_0.0015,+1.72 V,1.718,-0.42529,7.30370061e-07
large_B_reverse,Large B: reverse,15,90,15,2,Field_0.0015,+1.72 V,1.718,-0.41529,6.83302482e-07
large_B_reverse,Large B: reverse,15,90,15,2,Field_0.0015,+1.72 V,1.718,-0.40529,6.42893704e-07
large_B_reverse,Large B: reverse,15,90,15,2,Field_0.0015,+1.72 V,1.718,-0.39529,6.08026220e-07
large_B_reverse,Large B: reverse,15,90,15,2,Field_0.0015,+1.72 V,1.718,-0.38529,5.77805151e-07
large_B_reverse,Large B: reverse,15,90,15,2,Field_0.0015,+1.72 V,1.718,-0.37529,5.51507958e-07
large_B_reverse,Large B: reverse,15,90,15,2,Field_0.0015,+1.72 V,1.718,-0.36529,5.28546744e-07
large_B_reverse,Large B: reverse,15,90,15,2,Field_0.0015,+1.72 V,1.718,-0.35529,5.08439719e-07
large_B_reverse,Large B: reverse,15,90,15,2,Field_0.0015,+1.72 V,1.718,-0.34529,4.90789388e-07
large_B_reverse,Large B: reverse,15,90,15,2,Field_0.0015,+1.72 V,1.718,-0.33529,4.75265734e-07
large_B_reverse,Large B: reverse,15,90,15,2,Field_0.0015,+1.72 V,1.718,-0.32529,4.61593144e-07
large_B_reverse,Large B: reverse,15,90,15,2,Field_0.0015,+1.72 V,1.718,-0.31529,4.49540158e-07
large_B_reverse,Large B: reverse,15,90,15,2,Field_0.0015,+1.72 V,1.718,-0.30529,4.38911382e-07
large_B_reverse,Large B: reverse,15,90,15,2,Field_0.0015,+1.72 V,1.718,-0.29529,4.29541055e-07
large_B_reverse,Large B: reverse,15,90,15,2,Field_0.0015,+1.72 V,1.718,-0.28529,4.21287900e-07
large_B_reverse,Large B: reverse,15,90,15,2,Field_0.0015,+1.72 V,1.718,-0.27529,4.14030981e-07
large_B_reverse,Large B: reverse,15,90,15,2,Field_0.0015,+1.72 V,1.718,-0.26529,4.07666344e-07
large_B_reverse,Large B: reverse,15,90,15,2,Field_0.0015,+1.72 V,1.718,-0.25529,4.02104280e-07
large_B_reverse,Large B: reverse,15,90,15,2,Field_0.0015,+1.72 V,1.718,-0.24529,3.97267084e-07
large_B_reverse,Large B: reverse,15,90,15,2,Field_0.0015,+1.72 V,1.718,-0.23529,3.93087214e-07
large_B_reverse,Large B: reverse,15,90,15,2,Field_0.0015,+1.72 V,1.718,-0.22529,3.89505765e-07
large_B_reverse,Large B: reverse,15,90,15,2,Field_0.0015,+1.72 V,1.718,-0.21529,3.86471198e-07
large_B_reverse,Large B: reverse,15,90,15,2,Field_0.0015,+1.72 V,1.718,-0.20529,3.83938292e-07
large_B_reverse,Large B: reverse,15,90,15,2,Field_0.0015,+1.72 V,1.718,-0.19529,3.81867253e-07
large_B_reverse,Large B: reverse,15,90,15,2,Field_0.0015,+1.72 V,1.718,-0.18529,3.80222971e-07
large_B_reverse,Large B: reverse,15,90,15,2,Field_0.0015,+1.72 V,1.718,-0.17529,3.78974398e-07
large_B_reverse,Large B: reverse,15,90,15,2,Field_0.0015,+1.72 V,1.718,-0.16529,3.78094011e-07
large_B_reverse,Large B: reverse,15,90,15,2,Field_0.0015,+1.72 V,1.718,-0.15529,3.77557368e-07
large_B_reverse,Large B: reverse,15,90,15,2,Field_0.0015,+1.72 V,1.718,-0.14529,3.77342721e-07
large_B_reverse,Large B: reverse,15,90,15,2,Field_0.0015,+1.72 V,1.718,-0.13529,3.77430691e-07
large_B_reverse,Large B: reverse,15,90,15,2,Field_0.0015,+1.72 V,1.718,-0.12529,3.77803986e-07
large_B_reverse,Large B: reverse,15,90,15,2,Field_0.0015,+1.72 V,1.718,-0.11529,3.78447166e-07
large_B_reverse,Large B: reverse,15,90,15,2,Field_0.0015,+1.72 V,1.718,-0.10529,3.79346430e-07
large_B_reverse,Large B: reverse,15,90,15,2,Field_0.0015,+1.72 V,1.718,-0.09529,3.80489440e-07
large_B_reverse,Large B: reverse,15,90,15,2,Field_0.0015,+1.72 V,1.718,-0.08529,3.81865167e-07
large_B_reverse,Large B: reverse,15,90,15,2,Field_0.0015,+1.72 V,1.718,-0.07529,3.83463749e-07
large_B_reverse,Large B: reverse,15,90,15,2,Field_0.0015,+1.72 V,1.718,-0.06529,3.85276379e-07
large_B_reverse,Large B: reverse,15,90,15,2,Field_0.0015,+1.72 V,1.718,-0.05529,3.87295192e-07
large_B_reverse,Large B: reverse,15,90,15,2,Field_0.0015,+1.72 V,1.718,-0.04529,3.89513167e-07
large_B_reverse,Large B: reverse,15,90,15,2,Field_0.0015,+1.72 V,1.718,-0.03529,3.91924046e-07
large_B_reverse,Large B: reverse,15,90,15,2,Field_0.0015,+1.72 V,1.718,-0.02529,3.94522240e-07
large_B_reverse,Large B: reverse,15,90,15,2,Field_0.0015,+1.72 V,1.718,-0.01529,3.97302759e-07
large_B_reverse,Large B: reverse,15,90,15,2,Field_0.0015,+1.72 V,1.718,-0.00529,4.00261126e-07
large_B_reverse,Large B: reverse,15,90,15,2,Field_0.0015,+1.72 V,1.718,0.00471,4.03519407e-07
large_B_reverse,Large B: reverse,15,90,15,2,Field_0.0015,+1.72 V,1.718,0.01471,4.07205857e-07
large_B_reverse,Large B: reverse,15,90,15,2,Field_0.0015,+1.72 V,1.718,0.02471,4.11326872e-07
large_B_reverse,Large B: reverse,15,90,15,2,Field_0.0015,+1.72 V,1.718,0.03471,4.15890502e-07
large_B_reverse,Large B: reverse,15,90,15,2,Field_0.0015,+1.72 V,1.718,0.04471,4.20906448e-07
large_B_reverse,Large B: reverse,15,90,15,2,Field_0.0015,+1.72 V,1.718,0.05471,4.26386075e-07
large_B_reverse,Large B: reverse,15,90,15,2,Field_0.0015,+1.72 V,1.718,0.06471,4.32342434e-07
large_B_reverse,Large B: reverse,15,90,15,2,Field_0.0015,+1.72 V,1.718,0.07471,4.38790302e-07
large_B_reverse,Large B: reverse,15,90,15,2,Field_0.0015,+1.72 V,1.718,0.08471,4.45746227e-07
large_B_reverse,Large B: reverse,15,90,15,2,Field_0.0015,+1.72 V,1.718,0.09471,4.53228594e-07
large_B_reverse,Large B: reverse,15,90,15,2,Field_0.0015,+1.72 V,1.718,0.10471,4.61257695e-07
large_B_reverse,Large B: reverse,15,90,15,2,Field_0.0015,+1.72 V,1.718,0.11471,4.69855818e-07
large_B_reverse,Large B: reverse,15,90,15,2,Field_0.0015,+1.72 V,1.718,0.12471,4.79047349e-07
large_B_reverse,Large B: reverse,15,90,15,2,Field_0.0015,+1.72 V,1.718,0.13471,4.88858884e-07
large_B_reverse,Large B: reverse,15,90,15,2,Field_0.0015,+1.72 V,1.718,0.14471,4.99319361e-07
large_B_reverse,Large B: reverse,15,90,15,2,Field_0.0015,+1.72 V,1.718,0.15471,5.10460206e-07
large_B_reverse,Large B: reverse,15,90,15,2,Field_0.0015,+1.72 V,1.718,0.16471,5.22315498e-07
large_B_reverse,Large B: reverse,15,90,15,2,Field_0.0015,+1.72 V,1.718,0.17471,5.34922148e-07
large_B_reverse,Large B: reverse,15,90,15,2,Field_0.0015,+1.72 V,1.718,0.18471,5.48320104e-07
large_B_reverse,Large B: reverse,15,90,15,2,Field_0.0015,+1.72 V,1.718,0.19471,5.62552579e-07
large_B_reverse,Large B: reverse,15,90,15,2,Field_0.0015,+1.72 V,1.718,0.20471,5.77666299e-07
large_B_reverse,Large B: reverse,15,90,15,2,Field_0.0015,+1.72 V,1.718,0.21471,5.93711780e-07
large_B_reverse,Large B: reverse,15,90,15,2,Field_0.0015,+1.72 V,1.718,0.22471,6.10743639e-07
large_B_reverse,Large B: reverse,15,90,15,2,Field_0.0015,+1.72 V,1.718,0.23471,6.28820935e-07
large_B_reverse,Large B: reverse,15,90,15,2,Field_0.0015,+1.72 V,1.718,0.24471,6.48007547e-07
large_B_reverse,Large B: reverse,15,90,15,2,Field_0.0015,+1.72 V,1.718,0.25471,6.68372599e-07
large_B_reverse,Large B: reverse,15,90,15,2,Field_0.0015,+1.72 V,1.718,0.26471,6.89990927e-07
large_B_reverse,Large B: reverse,15,90,15,2,Field_0.0015,+1.72 V,1.718,0.27471,7.12943603e-07
large_B_reverse,Large B: reverse,15,90,15,2,Field_0.0015,+1.72 V,1.718,0.28471,7.37318515e-07
large_B_reverse,Large B: reverse,15,90,15,2,Field_0.0015,+1.72 V,1.718,0.29471,7.63211022e-07
large_B_reverse,Large B: reverse,15,90,15,2,Field_0.0015,+1.72 V,1.718,0.30471,7.90724677e-07
large_B_reverse,Large B: reverse,15,90,15,2,Field_0.0015,+1.72 V,1.718,0.31471,8.19972046e-07
large_B_reverse,Large B: reverse,15,90,15,2,Field_0.0015,+1.72 V,1.718,0.32471,8.51075623e-07
large_B_reverse,Large B: reverse,15,90,15,2,Field_0.0015,+1.72 V,1.718,0.33471,8.84168861e-07
large_B_reverse,Large B: reverse,15,90,15,2,Field_0.0015,+1.72 V,1.718,0.34471,9.19397336e-07
large_B_reverse,Large B: reverse,15,90,15,2,Field_0.0015,+1.72 V,1.718,0.35471,9.56920062e-07
large_B_reverse,Large B: reverse,15,90,15,2,Field_0.0015,+1.72 V,1.718,0.36471,9.96910986e-07
large_B_reverse,Large B: reverse,15,90,15,2,Field_0.0015,+1.72 V,1.718,0.37471,1.03956068e-06
large_B_reverse,Large B: reverse,15,90,15,2,Field_0.0015,+1.72 V,1.718,0.38471,1.08507830e-06
large_B_reverse,Large B: reverse,15,90,15,2,Field_0.0015,+1.72 V,1.718,0.39471,1.13369376e-06
large_B_reverse,Large B: reverse,15,90,15,2,Field_0.0015,+1.72 V,1.718,0.40471,1.18566032e-06
large_B_reverse,Large B: reverse,15,90,15,2,Field_0.0015,+1.72 V,1.718,0.41471,1.24125752e-06
large_B_reverse,Large B: reverse,15,90,15,2,Field_0.0015,+1.72 V,1.718,0.42471,1.30079454e-06
large_B_reverse,Large B: reverse,15,90,15,2,Field_0.0015,+1.72 V,1.718,0.43471,1.36461422e-06
large_B_reverse,Large B: reverse,15,90,15,2,Field_0.0015,+1.72 V,1.718,0.44471,1.43309758e-06
large_B_reverse,Large B: reverse,15,90,15,2,Field_0.0015,+1.72 V,1.718,0.45471,1.50666931e-06
large_B_reverse,Large B: reverse,15,90,15,2,Field_0.0015,+1.72 V,1.718,0.46471,1.58580405e-06
large_B_reverse,Large B: reverse,15,90,15,2,Field_0.0015,+1.72 V,1.718,0.47471,1.67103395e-06
large_B_reverse,Large B: reverse,15,90,15,2,Field_0.0015,+1.72 V,1.718,0.48471,1.76295761e-06
large_B_reverse,Large B: reverse,15,90,15,2,Field_0.0015,+1.72 V,1.718,0.49471,1.86225072e-06
large_B_reverse,Large B: reverse,15,90,15,2,Field_0.0015,+1.72 V,1.718,0.50471,1.96967883e-06
large_B_reverse,Large B: reverse,15,90,15,2,Field_0.0015,+1.72 V,1.718,0.51471,2.08611287e-06
large_B_reverse,Large B: reverse,15,90,15,2,Field_0.0015,+1.72 V,1.718,0.52471,2.21254773e-06
large_B_reverse,Large B: reverse,15,90,15,2,Field_0.0015,+1.72 V,1.718,0.53471,2.35012511e-06
large_B_reverse,Large B: reverse,15,90,15,2,Field_0.0015,+1.72 V,1.718,0.54471,2.50016137e-06
large_B_reverse,Large B: reverse,15,90,15,2,Field_0.0015,+1.72 V,1.718,0.55471,2.66418177e-06
large_B_reverse,Large B: reverse,15,90,15,2,Field_0.0015,+1.72 V,1.718,0.56471,2.84396285e-06
large_B_reverse,Large B: reverse,15,90,15,2,Field_0.0015,+1.72 V,1.718,0.57471,3.04158502e-06
large_B_reverse,Large B: reverse,15,90,15,2,Field_0.0015,+1.72 V,1.718,0.58471,3.25949817e-06
large_B_reverse,Large B: reverse,15,90,15,2,Field_0.0015,+1.72 V,1.718,0.59471,3.50060388e-06
large_B_reverse,Large B: reverse,15,90,15,2,Field_0.0015,+1.72 V,1.718,0.60471,3.76835887e-06
large_B_reverse,Large B: reverse,15,90,15,2,Field_0.0015,+1.72 V,1.718,0.61471,4.06690577e-06
large_B_reverse,Large B: reverse,15,90,15,2,Field_0.0015,+1.72 V,1.718,0.62471,4.40123896e-06
large_B_reverse,Large B: reverse,15,90,15,2,Field_0.0015,+1.72 V,1.718,0.63471,4.77741573e-06
large_B_reverse,Large B: reverse,15,90,15,2,Field_0.0015,+1.72 V,1.718,0.64471,5.20282609e-06
large_B_reverse,Large B: reverse,15,90,15,2,Field_0.0015,+1.72 V,1.718,0.65471,5.68653840e-06
large_B_reverse,Large B: reverse,15,90,15,2,Field_0.0015,+1.72 V,1.718,0.66471,6.23974334e-06
large_B_reverse,Large B: reverse,15,90,15,2,Field_0.0015,+1.72 V,1.718,0.67471,6.87632540e-06
large_B_reverse,Large B: reverse,15,90,15,2,Field_0.0015,+1.72 V,1.718,0.68471,7.61359928e-06
large_B_reverse,Large B: reverse,15,90,15,2,Field_0.0015,+1.72 V,1.718,0.69471,8.47325942e-06
large_B_reverse,Large B: reverse,15,90,15,2,Field_0.0015,+1.72 V,1.718,0.70471,9.48260325e-06
large_B_reverse,Large B: reverse,15,90,15,2,Field_0.0015,+1.72 V,1.718,0.71471,1.06761036e-05
large_B_reverse,Large B: reverse,15,90,15,2,Field_0.0015,+1.72 V,1.718,0.72471,1.20974216e-05
large_B_reverse,Large B: reverse,15,90,15,2,Field_0.0015,+1.72 V,1.718,0.73471,1.38019632e-05
large_B_reverse,Large B: reverse,15,90,15,2,Field_0.0015,+1.72 V,1.718,0.74471,1.58600921e-05
large_B_reverse,Large B: reverse,15,90,15,2,Field_0.0015,+1.72 V,1.718,0.75471,1.83610921e-05
large_B_reverse,Large B: reverse,15,90,15,2,Field_0.0015,+1.72 V,1.718,0.76471,2.14179220e-05
large_B_reverse,Large B: reverse,15,90,15,2,Field_0.0015,+1.72 V,1.718,0.77471,2.51726642e-05
large_B_reverse,Large B: reverse,15,90,15,2,Field_0.0015,+1.72 V,1.718,0.78471,2.98022885e-05
large_B_reverse,Large B: reverse,15,90,15,2,Field_0.0015,+1.72 V,1.718,0.79471,3.55238135e-05
large_B_reverse,Large B: reverse,15,90,15,2,Field_0.0015,+1.72 V,1.718,0.80471,4.25970238e-05
large_B_reverse,Large B: reverse,15,90,15,2,Field_0.0015,+1.72 V,1.718,0.81471,5.13214099e-05
large_B_reverse,Large B: reverse,15,90,15,2,Field_0.0015,+1.72 V,1.718,0.82471,6.20218892e-05
large_B_reverse,Large B: reverse,15,90,15,2,Field_0.0015,+1.72 V,1.718,0.83471,7.50154300e-05
large_B_reverse,Large B: reverse,15,90,15,2,Field_0.0015,+1.72 V,1.718,0.84471,9.05491726e-05
large_B_reverse,Large B: reverse,15,90,15,2,Field_0.0015,+1.72 V,1.718,0.85471,1.08702951e-04
large_B_reverse,Large B: reverse,15,90,15,2,Field_0.0015,+1.72 V,1.718,0.86471,1.29260077e-04
large_B_reverse,Large B: reverse,15,90,15,2,Field_0.0015,+1.72 V,1.718,0.87471,1.51574094e-04
large_B_reverse,Large B: reverse,15,90,15,2,Field_0.0015,+1.72 V,1.718,0.88471,1.74492088e-04
large_B_reverse,Large B: reverse,15,90,15,2,Field_0.0015,+1.72 V,1.718,0.89471,1.96414886e-04
large_B_reverse,Large B: reverse,15,90,15,2,Field_0.0015,+1.72 V,1.718,0.90471,2.15544393e-04
large_B_reverse,Large B: reverse,15,90,15,2,Field_0.0015,+1.72 V,1.718,0.91471,2.30273330e-04
large_B_reverse,Large B: reverse,15,90,15,2,Field_0.0015,+1.72 V,1.718,0.92471,2.39565518e-04
large_B_reverse,Large B: reverse,15,90,15,2,Field_0.0015,+1.72 V,1.718,0.93471,2.43154151e-04
large_B_reverse,Large B: reverse,15,90,15,2,Field_0.0015,+1.72 V,1.718,0.94471,2.41487072e-04
large_B_reverse,Large B: reverse,15,90,15,2,Field_0.0015,+1.72 V,1.718,0.95471,2.35488180e-04
large_B_reverse,Large B: reverse,15,90,15,2,Field_0.0015,+1.72 V,1.718,0.96471,2.26271371e-04
large_B_reverse,Large B: reverse,15,90,15,2,Field_0.0015,+1.72 V,1.718,0.97471,2.14914213e-04
large_B_reverse,Large B: reverse,15,90,15,2,Field_0.0015,+1.72 V,1.718,0.98471,2.02329741e-04
large_B_reverse,Large B: reverse,15,90,15,2,Field_0.0015,+1.72 V,1.718,0.99471,1.89223009e-04
large_B_reverse,Large B: reverse,15,90,15,2,Field_0.0015,+1.72 V,1.718,1.00471,1.76154133e-04
large_B_reverse,Large B: reverse,15,90,15,2,Field_0.0015,+1.72 V,1.718,1.01471,1.63588715e-04
large_B_reverse,Large B: reverse,15,90,15,2,Field_0.0015,+1.72 V,1.718,1.02471,1.51797947e-04
large_B_reverse,Large B: reverse,15,90,15,2,Field_0.0015,+1.72 V,1.718,1.03471,1.40911043e-04
large_B_reverse,Large B: reverse,15,90,15,2,Field_0.0015,+1.72 V,1.718,1.04471,1.30962469e-04
large_B_reverse,Large B: reverse,15,90,15,2,Field_0.0015,+1.72 V,1.718,1.05471,1.21928311e-04
large_B_reverse,Large B: reverse,15,90,15,2,Field_0.0015,+1.72 V,1.718,1.06471,1.13751915e-04
large_B_reverse,Large B: reverse,15,90,15,2,Field_0.0015,+1.72 V,1.718,1.07471,1.06360850e-04
large_B_reverse,Large B: reverse,15,90,15,2,Field_0.0015,+1.72 V,1.718,1.08471,9.96775167e-05
large_B_reverse,Large B: reverse,15,90,15,2,Field_0.0015,+1.72 V,1.718,1.09471,9.36254196e-05
large_B_reverse,Large B: reverse,15,90,15,2,Field_0.0015,+1.72 V,1.718,1.10471,8.81326046e-05
large_B_reverse,Large B: reverse,15,90,15,2,Field_0.0015,+1.72 V,1.718,1.11471,8.31333182e-05
large_B_reverse,Large B: reverse,15,90,15,2,Field_0.0015,+1.72 V,1.718,1.12471,7.85685950e-05
large_B_reverse,Large B: reverse,15,90,15,2,Field_0.0015,+1.72 V,1.718,1.13471,7.43862263e-05
large_B_reverse,Large B: reverse,15,90,15,2,Field_0.0015,+1.72 V,1.718,1.14471,7.05403970e-05
large_B_reverse,Large B: reverse,15,90,15,2,Field_0.0015,+1.72 V,1.718,1.15471,6.69911621e-05
large_B_reverse,Large B: reverse,15,90,15,2,Field_0.0015,+1.72 V,1.718,1.16471,6.37038665e-05
large_B_reverse,Large B: reverse,15,90,15,2,Field_0.0015,+1.72 V,1.718,1.17471,6.06485649e-05
large_B_reverse,Large B: reverse,15,90,15,2,Field_0.0015,+1.72 V,1.718,1.18471,5.77994723e-05
large_B_reverse,Large B: reverse,15,90,15,2,Field_0.0015,+1.72 V,1.718,1.19471,5.51344583e-05
large_B_reverse,Large B: reverse,15,90,15,2,Field_0.0015,+1.72 V,1.718,1.20471,5.26345896e-05
large_B_reverse,Large B: reverse,15,90,15,2,Field_0.0015,+1.72 V,1.718,1.21471,5.02837189e-05
large_B_reverse,Large B: reverse,15,90,15,2,Field_0.0015,+1.72 V,1.718,1.22471,4.80681170e-05
large_B_reverse,Large B: reverse,15,90,15,2,Field_0.0015,+1.72 V,1.718,1.23471,4.59761426e-05
large_B_reverse,Large B: reverse,15,90,15,2,Field_0.0015,+1.72 V,1.718,1.24471,4.39979450e-05
large_B_reverse,Large B: reverse,15,90,15,2,Field_0.0015,+1.72 V,1.718,1.25471,4.21251945e-05
large_B_reverse,Large B: reverse,15,90,15,2,Field_0.0015,+1.72 V,1.718,1.26471,4.03508347e-05
large_B_reverse,Large B: reverse,15,90,15,2,Field_0.0015,+1.72 V,1.718,1.27471,3.86688531e-05
large_B_reverse,Large B: reverse,15,90,15,2,Field_0.0015,+1.72 V,1.718,1.28471,3.70740610e-05
large_B_reverse,Large B: reverse,15,90,15,2,Field_0.0015,+1.72 V,1.718,1.29471,3.55618751e-05
large_B_reverse,Large B: reverse,15,90,15,2,Field_0.0015,+1.72 V,1.718,1.30471,3.41280822e-05
large_B_reverse,Large B: reverse,15,90,15,2,Field_0.0015,+1.72 V,1.718,1.31471,3.27685577e-05
large_B_reverse,Large B: reverse,15,90,15,2,Field_0.0015,+1.72 V,1.718,1.32471,3.14788696e-05
large_B_reverse,Large B: reverse,15,90,15,2,Field_0.0015,+1.72 V,1.718,1.33471,3.02536226e-05
large_B_reverse,Large B: reverse,15,90,15,2,Field_0.0015,+1.72 V,1.718,1.34471,2.90851711e-05
large_B_reverse,Large B: reverse,15,90,15,2,Field_0.0015,+1.72 V,1.718,1.35471,2.79606649e-05
large_B_reverse,Large B: reverse,15,90,15,2,Field_0.0015,+1.72 V,1.718,1.36471,2.68541136e-05
large_B_reverse,Large B: reverse,15,90,15,2,Field_0.0015,+1.72 V,1.718,1.37471,2.57027688e-05
large_B_reverse,Large B: reverse,15,90,15,2,Field_0.0015,+1.72 V,1.718,1.38471,2.45404204e-05
large_B_reverse,Large B: reverse,15,90,15,2,Field_0.0015,+1.72 V,1.718,1.39471,3.54188203e-05
large_B_reverse,Large B: reverse,15,90,15,2,Field_0.0015,+1.72 V,1.718,1.40471,2.58123367e-05
large_B_reverse,Large B: reverse,15,90,15,2,Field_0.0015,+1.72 V,1.718,1.41471,2.43741353e-05
large_B_reverse,Large B: reverse,15,90,15,2,Field_0.0015,+1.72 V,1.718,1.42471,2.35057268e-05
large_B_reverse,Large B: reverse,15,90,15,2,Field_0.0015,+1.72 V,1.718,1.43471,2.28348482e-05
large_B_reverse,Large B: reverse,15,90,15,2,Field_0.0015,+1.72 V,1.718,1.44471,2.22793726e-05
large_B_reverse,Large B: reverse,15,90,15,2,Field_0.0015,+1.72 V,1.718,1.45471,2.18107218e-05
large_B_reverse,Large B: reverse,15,90,15,2,Field_0.0015,+1.72 V,1.718,1.46471,2.14162758e-05
large_B_reverse,Large B: reverse,15,90,15,2,Field_0.0015,+1.72 V,1.718,1.47471,2.10896409e-05
large_B_reverse,Large B: reverse,15,90,15,2,Field_0.0015,+1.72 V,1.718,1.48471,2.08273730e-05
large_B_reverse,Large B: reverse,15,90,15,2,Field_0.0015,+1.72 V,1.718,1.49471,2.06276831e-05
large_B_reverse,Large B: reverse,15,90,15,2,Field_0.0015,+1.72 V,1.718,1.50471,2.04898807e-05
large_B_reverse,Large B: reverse,15,90,15,2,Field_0.0015,+1.72 V,1.718,1.51471,2.04141394e-05
large_B_reverse,Large B: reverse,15,90,15,2,Field_0.0015,+1.72 V,1.718,1.52471,2.04014329e-05
large_B_reverse,Large B: reverse,15,90,15,2,Field_0.0015,+1.72 V,1.718,1.53471,2.04535944e-05
large_B_reverse,Large B: reverse,15,90,15,2,Field_0.0015,+1.72 V,1.718,1.54471,2.05735105e-05
large_B_reverse,Large B: reverse,15,90,15,2,Field_0.0015,+1.72 V,1.718,1.55471,2.07655347e-05
large_B_reverse,Large B: reverse,15,90,15,2,Field_0.0015,+1.72 V,1.718,1.56471,2.10363533e-05
large_B_reverse,Large B: reverse,15,90,15,2,Field_0.0015,+1.72 V,1.718,1.57471,2.13969539e-05
large_B_reverse,Large B: reverse,15,90,15,2,Field_0.0015,+1.72 V,1.718,1.58471,2.18677644e-05
large_B_reverse,Large B: reverse,15,90,15,2,Field_0.0015,+1.72 V,1.718,1.59471,2.24950709e-05
large_B_reverse,Large B: reverse,15,90,15,2,Field_0.0015,+1.72 V,1.718,1.60471,2.34229830e-05
large_B_reverse,Large B: reverse,15,90,15,2,Field_0.0015,+1.72 V,1.718,1.61471,2.54730510e-05
large_B_reverse,Large B: reverse,15,90,15,2,Field_0.0015,+1.72 V,1.718,1.62471,1.07079104e-04
large_B_reverse,Large B: reverse,15,90,15,2,Field_0.0015,+1.72 V,1.718,1.63471,2.48271083e-05
large_B_reverse,Large B: reverse,15,90,15,2,Field_0.0015,+1.72 V,1.718,1.64471,2.51142347e-05
large_B_reverse,Large B: reverse,15,90,15,2,Field_0.0015,+1.72 V,1.718,1.65471,2.62106537e-05
large_B_reverse,Large B: reverse,15,90,15,2,Field_0.0015,+1.72 V,1.718,1.66471,2.74654089e-05
large_B_reverse,Large B: reverse,15,90,15,2,Field_0.0015,+1.72 V,1.718,1.67471,2.88625101e-05
large_B_reverse,Large B: reverse,15,90,15,2,Field_0.0015,+1.72 V,1.718,1.68471,3.04197762e-05
large_B_reverse,Large B: reverse,15,90,15,2,Field_0.0015,+1.72 V,1.718,1.69471,3.21597165e-05
large_B_reverse,Large B: reverse,15,90,15,2,Field_0.0015,+1.72 V,1.718,1.70471,3.41073661e-05
large_B_reverse,Large B: reverse,15,90,15,2,Field_0.0015,+1.72 V,1.718,1.71471,3.62908042e-05
large_B_reverse,Large B: reverse,15,90,15,2,Field_0.0015,+1.72 V,1.718,1.72471,3.87420262e-05
large_B_reverse,Large B: reverse,15,90,15,2,Field_0.0015,+1.72 V,1.718,1.73471,4.14979263e-05
large_B_reverse,Large B: reverse,15,90,15,2,Field_0.0015,+1.72 V,1.718,1.74471,4.46014168e-05
large_B_reverse,Large B: reverse,15,90,15,2,Field_0.0015,+1.72 V,1.718,1.75471,4.81027497e-05
large_B_reverse,Large B: reverse,15,90,15,2,Field_0.0015,+1.72 V,1.718,1.76471,5.20611212e-05
large_B_reverse,Large B: reverse,15,90,15,2,Field_0.0015,+1.72 V,1.718,1.77471,5.65466515e-05
large_B_reverse,Large B: reverse,15,90,15,2,Field_0.0015,+1.72 V,1.718,1.78471,6.16428579e-05
large_B_reverse,Large B: reverse,15,90,15,2,Field_0.0015,+1.72 V,1.718,1.79471,6.74497712e-05
large_B_reverse,Large B: reverse,15,90,15,2,Field_0.0015,+1.72 V,1.718,1.80471,7.40878917e-05
large_B_reverse,Large B: reverse,15,90,15,2,Field_0.0015,+1.72 V,1.718,1.81471,8.17032437e-05
large_B_reverse,Large B: reverse,15,90,15,2,Field_0.0015,+1.72 V,1.718,1.82471,9.04738726e-05
large_B_reverse,Large B: reverse,15,90,15,2,Field_0.0015,+1.72 V,1.718,1.83471,1.00618242e-04
large_B_reverse,Large B: reverse,15,90,15,2,Field_0.0015,+1.72 V,1.718,1.84471,1.12406139e-04
large_B_reverse,Large B: reverse,15,90,15,2,Field_0.0015,+1.72 V,1.718,1.85471,1.26172903e-04
large_B_reverse,Large B: reverse,15,90,15,2,Field_0.0015,+1.72 V,1.718,1.86471,1.42338027e-04
large_B_reverse,Large B: reverse,15,90,15,2,Field_0.0015,+1.72 V,1.718,1.87471,1.61429516e-04
large_B_reverse,Large B: reverse,15,90,15,2,Field_0.0015,+1.72 V,1.718,1.88471,1.84115702e-04
large_B_reverse,Large B: reverse,15,90,15,2,Field_0.0015,+1.72 V,1.718,1.89471,2.11246504e-04
large_B_reverse,Large B: reverse,15,90,15,2,Field_0.0015,+1.72 V,1.718,1.90471,2.43906072e-04
large_B_reverse,Large B: reverse,15,90,15,2,Field_0.0015,+1.72 V,1.718,1.91471,2.83477926e-04
large_B_reverse,Large B: reverse,15,90,15,2,Field_0.0015,+1.72 V,1.718,1.92471,3.31720643e-04
large_B_reverse,Large B: reverse,15,90,15,2,Field_0.0015,+1.72 V,1.718,1.93471,3.90844507e-04
large_B_reverse,Large B: reverse,15,90,15,2,Field_0.0015,+1.72 V,1.718,1.94471,4.63561820e-04
large_B_reverse,Large B: reverse,15,90,15,2,Field_0.0015,+1.72 V,1.718,1.95471,5.53046578e-04
large_B_reverse,Large B: reverse,15,90,15,2,Field_0.0015,+1.72 V,1.718,1.96471,6.62669121e-04
large_B_reverse,Large B: reverse,15,90,15,2,Field_0.0015,+1.72 V,1.718,1.97471,7.95258729e-04
large_B_reverse,Large B: reverse,15,90,15,2,Field_0.0015,+1.72 V,1.718,1.98471,9.51526157e-04
large_B_reverse,Large B: reverse,15,90,15,2,Field_0.0015,+1.72 V,1.718,1.99471,1.12733096e-03
large_B_reverse,Large B: reverse,15,90,15,2,Field_0.0015,+1.72 V,1.718,2.00471,1.31021587e-03
large_B_reverse,Large B: reverse,15,90,15,2,Field_0.0015,+1.72 V,1.718,2.01471,1.47723437e-03
large_B_reverse,Large B: reverse,15,90,15,2,Field_0.0015,+1.72 V,1.718,2.02471,1.59842618e-03
large_B_reverse,Large B: reverse,15,90,15,2,Field_0.0015,+1.72 V,1.718,2.03471,1.64844599e-03
large_B_reverse,Large B: reverse,15,90,15,2,Field_0.0015,+1.72 V,1.718,2.04471,1.61997902e-03
large_B_reverse,Large B: reverse,15,90,15,2,Field_0.0015,+1.72 V,1.718,2.05471,1.52713758e-03
large_B_reverse,Large B: reverse,15,90,15,2,Field_0.0015,+1.72 V,1.718,2.06471,1.39594185e-03
large_B_reverse,Large B: reverse,15,90,15,2,Field_0.0015,+1.72 V,1.718,2.07471,1.25157930e-03
large_B_reverse,Large B: reverse,15,90,15,2,Field_0.0015,+1.72 V,1.718,2.08471,1.11147188e-03
large_B_reverse,Large B: reverse,15,90,15,2,Field_0.0015,+1.72 V,1.718,2.09471,9.84775503e-04
large_B_reverse,Large B: reverse,15,90,15,2,Field_0.0015,+1.72 V,1.718,2.10471,8.74776203e-04
large_B_reverse,Large B: reverse,15,90,15,2,Field_0.0015,+1.72 V,1.718,2.11471,7.81459832e-04
large_B_reverse,Large B: reverse,15,90,15,2,Field_0.0015,+1.72 V,1.718,2.12471,7.03304694e-04
large_B_reverse,Large B: reverse,15,90,15,2,Field_0.0015,+1.72 V,1.718,2.13471,6.38300110e-04
large_B_reverse,Large B: reverse,15,90,15,2,Field_0.0015,+1.72 V,1.718,2.14471,5.84446064e-04
large_B_reverse,Large B: reverse,15,90,15,2,Field_0.0015,+1.72 V,1.718,2.15471,5.39960972e-04
large_B_reverse,Large B: reverse,15,90,15,2,Field_0.0015,+1.72 V,1.718,2.16471,5.03342943e-04
large_B_reverse,Large B: reverse,15,90,15,2,Field_0.0015,+1.72 V,1.718,2.17471,4.73365047e-04
large_B_reverse,Large B: reverse,15,90,15,2,Field_0.0015,+1.72 V,1.718,2.18471,4.49045425e-04
large_B_reverse,Large B: reverse,15,90,15,2,Field_0.0015,+1.72 V,1.718,2.19471,4.29611479e-04
large_B_reverse,Large B: reverse,15,90,15,2,Field_0.0015,+1.72 V,1.718,2.20471,4.14466440e-04
large_B_reverse,Large B: reverse,15,90,15,2,Field_0.0015,+1.72 V,1.718,2.21471,4.03161344e-04
large_B_reverse,Large B: reverse,15,90,15,2,Field_0.0015,+1.72 V,1.718,2.22471,3.95373121e-04
large_B_reverse,Large B: reverse,15,90,15,2,Field_0.0015,+1.72 V,1.718,2.23471,3.90888559e-04
large_B_reverse,Large B: reverse,15,90,15,2,Field_0.0015,+1.72 V,1.718,2.24471,3.89593616e-04
large_B_reverse,Large B: reverse,15,90,15,2,Field_0.0015,+1.72 V,1.718,2.25471,3.91467572e-04
large_B_reverse,Large B: reverse,15,90,15,2,Field_0.0015,+1.72 V,1.718,2.26471,3.96581607e-04
large_B_reverse,Large B: reverse,15,90,15,2,Field_0.0015,+1.72 V,1.718,2.27471,4.05101494e-04
large_B_reverse,Large B: reverse,15,90,15,2,Field_0.0015,+1.72 V,1.718,2.28471,4.17294084e-04
large_B_reverse,Large B: reverse,15,90,15,2,Field_0.0015,+1.72 V,1.718,2.29471,4.33537007e-04
large_B_reverse,Large B: reverse,15,90,15,2,Field_0.0015,+1.72 V,1.718,2.30471,4.54330371e-04
large_B_reverse,Large B: reverse,15,90,15,2,Field_0.0015,+1.72 V,1.718,2.31471,4.80307591e-04
large_B_reverse,Large B: reverse,15,90,15,2,Field_0.0015,+1.72 V,1.718,2.32471,5.12239297e-04
large_B_reverse,Large B: reverse,15,90,15,2,Field_0.0015,+1.72 V,1.718,2.33471,5.51017876e-04
large_B_reverse,Large B: reverse,15,90,15,2,Field_0.0015,+1.72 V,1.718,2.34471,5.97598524e-04
large_B_reverse,Large B: reverse,15,90,15,2,Field_0.0015,+1.72 V,1.718,2.35471,6.52852615e-04
large_B_reverse,Large B: reverse,15,90,15,2,Field_0.0015,+1.72 V,1.718,2.36471,7.17259100e-04
large_B_reverse,Large B: reverse,15,90,15,2,Field_0.0015,+1.72 V,1.718,2.37471,7.90326970e-04
large_B_reverse,Large B: reverse,15,90,15,2,Field_0.0015,+1.72 V,1.718,2.38471,8.69644407e-04
large_B_reverse,Large B: reverse,15,90,15,2,Field_0.0015,+1.72 V,1.718,2.39471,9.49593651e-04
large_B_reverse,Large B: reverse,15,90,15,2,Field_0.0015,+1.72 V,1.718,2.40471,1.02023199e-03
large_B_reverse,Large B: reverse,15,90,15,2,Field_0.0015,+1.72 V,1.718,2.41471,1.06764490e-03
large_B_reverse,Large B: reverse,15,90,15,2,Field_0.0015,+1.72 V,1.718,2.42471,1.07745191e-03
large_B_reverse,Large B: reverse,15,90,15,2,Field_0.0015,+1.72 V,1.718,2.43471,1.04133633e-03
large_B_reverse,Large B: reverse,15,90,15,2,Field_0.0015,+1.72 V,1.718,2.44471,9.62491462e-04
large_B_reverse,Large B: reverse,15,90,15,2,Field_0.0015,+1.72 V,1.718,2.45471,8.54785006e-04
large_B_reverse,Large B: reverse,15,90,15,2,Field_0.0015,+1.72 V,1.718,2.46471,7.35950069e-04
large_B_reverse,Large B: reverse,15,90,15,2,Field_0.0015,+1.72 V,1.718,2.47471,6.20599319e-04
large_B_reverse,Large B: reverse,15,90,15,2,Field_0.0015,+1.72 V,1.718,2.48471,5.17300678e-04
large_B_reverse,Large B: reverse,15,90,15,2,Field_0.0015,+1.72 V,1.718,2.49471,4.29278620e-04
large_B_reverse,Large B: reverse,15,90,15,2,Field_0.0015,+1.72 V,1.718,2.50471,3.56417586e-04
large_B_reverse,Large B: reverse,15,90,15,2,Field_0.0015,+1.72 V,1.718,2.51471,2.97023081e-04
large_B_reverse,Large B: reverse,15,90,15,2,Field_0.0015,+1.72 V,1.718,2.52471,2.48917819e-04
large_B_reverse,Large B: reverse,15,90,15,2,Field_0.0015,+1.72 V,1.718,2.53471,2.09988602e-04
large_B_reverse,Large B: reverse,15,90,15,2,Field_0.0015,+1.72 V,1.718,2.54471,1.78401403e-04
large_B_reverse,Large B: reverse,15,90,15,2,Field_0.0015,+1.72 V,1.718,2.55471,1.52649015e-04
large_B_reverse,Large B: reverse,15,90,15,2,Field_0.0015,+1.72 V,1.718,2.56471,1.31526856e-04
large_B_reverse,Large B: reverse,15,90,15,2,Field_0.0015,+1.72 V,1.718,2.57471,1.14084948e-04
large_B_reverse,Large B: reverse,15,90,15,2,Field_0.0015,+1.72 V,1.718,2.58471,9.95774705e-05
large_B_reverse,Large B: reverse,15,90,15,2,Field_0.0015,+1.72 V,1.718,2.59471,8.74183534e-05
large_B_reverse,Large B: reverse,15,90,15,2,Field_0.0015,+1.72 V,1.718,2.60471,7.71480224e-05
large_B_reverse,Large B: reverse,15,90,15,2,Field_0.0015,+1.72 V,1.718,2.61471,6.84402168e-05
large_B_reverse,Large B: reverse,15,90,15,2,Field_0.0015,+1.72 V,1.718,2.62471,6.16523872e-05
large_B_reverse,Large B: reverse,15,90,15,2,Field_0.0015,+1.72 V,1.718,2.63471,3.98724570e-04
large_B_reverse,Large B: reverse,15,90,15,2,Field_0.0015,+1.72 V,1.718,2.64471,5.81900766e-05
large_B_reverse,Large B: reverse,15,90,15,2,Field_0.0015,+1.72 V,1.718,2.65471,4.84043640e-05
large_B_reverse,Large B: reverse,15,90,15,2,Field_0.0015,+1.72 V,1.718,2.66471,4.32092202e-05
large_B_reverse,Large B: reverse,15,90,15,2,Field_0.0015,+1.72 V,1.718,2.67471,3.91914133e-05
large_B_reverse,Large B: reverse,15,90,15,2,Field_0.0015,+1.72 V,1.718,2.68471,3.58290653e-05
large_B_reverse,Large B: reverse,15,90,15,2,Field_0.0015,+1.72 V,1.718,2.69471,3.29361421e-05
large_B_reverse,Large B: reverse,15,90,15,2,Field_0.0015,+1.72 V,1.718,2.70471,3.04132171e-05
large_B_reverse,Large B: reverse,15,90,15,2,Field_0.0015,+1.72 V,1.718,2.71471,2.81947532e-05
large_B_reverse,Large B: reverse,15,90,15,2,Field_0.0015,+1.72 V,1.718,2.72471,2.62325985e-05
large_B_reverse,Large B: reverse,15,90,15,2,Field_0.0015,+1.72 V,1.718,2.73471,2.44892513e-05
large_B_reverse,Large B: reverse,15,90,15,2,Field_0.0015,+1.72 V,1.718,2.74471,2.29345130e-05
large_B_reverse,Large B: reverse,15,90,15,2,Field_0.0015,+1.72 V,1.718,2.75471,2.15435569e-05
large_B_reverse,Large B: reverse,15,90,15,2,Field_0.0015,+1.72 V,1.718,2.76471,2.02956875e-05
large_B_reverse,Large B: reverse,15,90,15,2,Field_0.0015,+1.72 V,1.718,2.77471,1.91734809e-05
large_B_reverse,Large B: reverse,15,90,15,2,Field_0.0015,+1.72 V,1.718,2.78471,1.81621555e-05
large_B_reverse,Large B: reverse,15,90,15,2,Field_0.0015,+1.72 V,1.718,2.79471,1.72490953e-05
large_B_reverse,Large B: reverse,15,90,15,2,Field_0.0015,+1.72 V,1.718,2.80471,1.64234791e-05
large_B_reverse,Large B: reverse,15,90,15,2,Field_0.0015,+1.72 V,1.718,2.81471,1.56759863e-05
large_B_reverse,Large B: reverse,15,90,15,2,Field_0.0015,+1.72 V,1.718,2.82471,1.49985605e-05
large_B_reverse,Large B: reverse,15,90,15,2,Field_0.0015,+1.72 V,1.718,2.83471,1.43842183e-05
large_B_reverse,Large B: reverse,15,90,15,2,Field_0.0015,+1.72 V,1.718,2.84471,1.38268918e-05
large_B_reverse,Large B: reverse,15,90,15,2,Field_0.0015,+1.72 V,1.718,2.85471,1.33213008e-05
large_B_reverse,Large B: reverse,15,90,15,2,Field_0.0015,+1.72 V,1.718,2.86471,1.28628471e-05
large_B_reverse,Large B: reverse,15,90,15,2,Field_0.0015,+1.72 V,1.718,2.87471,1.24475280e-05
large_B_reverse,Large B: reverse,15,90,15,2,Field_0.0015,+1.72 V,1.718,2.88471,1.20718680e-05
large_B_reverse,Large B: reverse,15,90,15,2,Field_0.0015,+1.72 V,1.718,2.89471,1.17328655e-05
large_B_reverse,Large B: reverse,15,90,15,2,Field_0.0015,+1.72 V,1.718,2.90471,1.14279574e-05
large_B_reverse,Large B: reverse,15,90,15,2,Field_0.0015,+1.72 V,1.718,2.91471,1.11550041e-05
large_B_reverse,Large B: reverse,15,90,15,2,Field_0.0015,+1.72 V,1.718,2.92471,1.09123064e-05
large_B_reverse,Large B: reverse,15,90,15,2,Field_0.0015,+1.72 V,1.718,2.93471,1.06986774e-05
large_B_reverse,Large B: reverse,15,90,15,2,Field_0.0015,+1.72 V,1.718,2.94471,1.05136310e-05
large_B_reverse,Large B: reverse,15,90,15,2,Field_0.0015,+1.72 V,1.718,2.95471,1.03578489e-05
large_B_reverse,Large B: reverse,15,90,15,2,Field_0.0015,+1.72 V,1.718,2.96471,1.02344458e-05
large_B_reverse,Large B: reverse,15,90,15,2,Field_0.0015,+1.72 V,1.718,2.97471,1.01530779e-05
large_B_reverse,Large B: reverse,15,90,15,2,Field_0.0015,+1.72 V,1.718,2.98471,1.01484429e-05
large_B_reverse,Large B: reverse,15,90,15,2,Field_0.0015,+1.72 V,1.718,2.99471,1.04507858e-05
large_C_reverse,Large C: reverse,15,15,75,1,Field_-0.0015,-1.72 V,-1.718,-2.00670,5.09194937e-02
large_C_reverse,Large C: reverse,15,15,75,1,Field_-0.0015,-1.72 V,-1.718,-1.99670,4.62549168e-02
large_C_reverse,Large C: reverse,15,15,75,1,Field_-0.0015,-1.72 V,-1.718,-1.98670,4.27075738e-02
large_C_reverse,Large C: reverse,15,15,75,1,Field_-0.0015,-1.72 V,-1.718,-1.97670,4.01529331e-02
large_C_reverse,Large C: reverse,15,15,75,1,Field_-0.0015,-1.72 V,-1.718,-1.96670,3.84682230e-02
large_C_reverse,Large C: reverse,15,15,75,1,Field_-0.0015,-1.72 V,-1.718,-1.95670,3.75459657e-02
large_C_reverse,Large C: reverse,15,15,75,1,Field_-0.0015,-1.72 V,-1.718,-1.94670,3.72973956e-02
large_C_reverse,Large C: reverse,15,15,75,1,Field_-0.0015,-1.72 V,-1.718,-1.93670,3.76509023e-02
large_C_reverse,Large C: reverse,15,15,75,1,Field_-0.0015,-1.72 V,-1.718,-1.92670,3.85489324e-02
large_C_reverse,Large C: reverse,15,15,75,1,Field_-0.0015,-1.72 V,-1.718,-1.91670,3.99462125e-02
large_C_reverse,Large C: reverse,15,15,75,1,Field_-0.0015,-1.72 V,-1.718,-1.90670,4.18126303e-02
large_C_reverse,Large C: reverse,15,15,75,1,Field_-0.0015,-1.72 V,-1.718,-1.89670,4.41446575e-02
large_C_reverse,Large C: reverse,15,15,75,1,Field_-0.0015,-1.72 V,-1.718,-1.88670,4.69869254e-02
large_C_reverse,Large C: reverse,15,15,75,1,Field_-0.0015,-1.72 V,-1.718,-1.87670,5.04573589e-02
large_C_reverse,Large C: reverse,15,15,75,1,Field_-0.0015,-1.72 V,-1.718,-1.86670,5.47621672e-02
large_C_reverse,Large C: reverse,15,15,75,1,Field_-0.0015,-1.72 V,-1.718,-1.85670,6.02014959e-02
large_C_reverse,Large C: reverse,15,15,75,1,Field_-0.0015,-1.72 V,-1.718,-1.84670,6.71982102e-02
large_C_reverse,Large C: reverse,15,15,75,1,Field_-0.0015,-1.72 V,-1.718,-1.83670,7.63890292e-02
large_C_reverse,Large C: reverse,15,15,75,1,Field_-0.0015,-1.72 V,-1.718,-1.82670,8.88048188e-02
large_C_reverse,Large C: reverse,15,15,75,1,Field_-0.0015,-1.72 V,-1.718,-1.81670,1.06196350e-01
large_C_reverse,Large C: reverse,15,15,75,1,Field_-0.0015,-1.72 V,-1.718,-1.80670,1.31669181e-01
large_C_reverse,Large C: reverse,15,15,75,1,Field_-0.0015,-1.72 V,-1.718,-1.79670,1.71029401e-01
large_C_reverse,Large C: reverse,15,15,75,1,Field_-0.0015,-1.72 V,-1.718,-1.78670,2.35768357e-01
large_C_reverse,Large C: reverse,15,15,75,1,Field_-0.0015,-1.72 V,-1.718,-1.77670,3.49336764e-01
large_C_reverse,Large C: reverse,15,15,75,1,Field_-0.0015,-1.72 V,-1.718,-1.76670,5.53379242e-01
large_C_reverse,Large C: reverse,15,15,75,1,Field_-0.0015,-1.72 V,-1.718,-1.75670,8.47411040e-01
large_C_reverse,Large C: reverse,15,15,75,1,Field_-0.0015,-1.72 V,-1.718,-1.74670,9.16676608e-01
large_C_reverse,Large C: reverse,15,15,75,1,Field_-0.0015,-1.72 V,-1.718,-1.73670,6.05928456e-01
large_C_reverse,Large C: reverse,15,15,75,1,Field_-0.0015,-1.72 V,-1.718,-1.72670,3.36781480e-01
large_C_reverse,Large C: reverse,15,15,75,1,Field_-0.0015,-1.72 V,-1.718,-1.71670,1.93858623e-01
large_C_reverse,Large C: reverse,15,15,75,1,Field_-0.0015,-1.72 V,-1.718,-1.70670,1.20073740e-01
large_C_reverse,Large C: reverse,15,15,75,1,Field_-0.0015,-1.72 V,-1.718,-1.69670,7.94481975e-02
large_C_reverse,Large C: reverse,15,15,75,1,Field_-0.0015,-1.72 V,-1.718,-1.68670,5.54562847e-02
large_C_reverse,Large C: reverse,15,15,75,1,Field_-0.0015,-1.72 V,-1.718,-1.67670,4.04290352e-02
large_C_reverse,Large C: reverse,15,15,75,1,Field_-0.0015,-1.72 V,-1.718,-1.66670,3.05777625e-02
large_C_reverse,Large C: reverse,15,15,75,1,Field_-0.0015,-1.72 V,-1.718,-1.65670,2.39033630e-02
large_C_reverse,Large C: reverse,15,15,75,1,Field_-0.0015,-1.72 V,-1.718,-1.64670,1.92834416e-02
large_C_reverse,Large C: reverse,15,15,75,1,Field_-0.0015,-1.72 V,-1.718,-1.63670,1.60380647e-02
large_C_reverse,Large C: reverse,15,15,75,1,Field_-0.0015,-1.72 V,-1.718,-1.62670,1.36877412e-02
large_C_reverse,Large C: reverse,15,15,75,1,Field_-0.0015,-1.72 V,-1.718,-1.61670,1.17981190e-02
large_C_reverse,Large C: reverse,15,15,75,1,Field_-0.0015,-1.72 V,-1.718,-1.60670,9.96996363e-03
large_C_reverse,Large C: reverse,15,15,75,1,Field_-0.0015,-1.72 V,-1.718,-1.59670,8.06508752e-03
large_C_reverse,Large C: reverse,15,15,75,1,Field_-0.0015,-1.72 V,-1.718,-1.58670,6.29220934e-03
large_C_reverse,Large C: reverse,15,15,75,1,Field_-0.0015,-1.72 V,-1.718,-1.57670,4.88426771e-03
large_C_reverse,Large C: reverse,15,15,75,1,Field_-0.0015,-1.72 V,-1.718,-1.56670,3.88517026e-03
large_C_reverse,Large C: reverse,15,15,75,1,Field_-0.0015,-1.72 V,-1.718,-1.55670,3.18405199e-03
large_C_reverse,Large C: reverse,15,15,75,1,Field_-0.0015,-1.72 V,-1.718,-1.54670,2.66081594e-03
large_C_reverse,Large C: reverse,15,15,75,1,Field_-0.0015,-1.72 V,-1.718,-1.53670,2.25238600e-03
large_C_reverse,Large C: reverse,15,15,75,1,Field_-0.0015,-1.72 V,-1.718,-1.52670,1.92680966e-03
large_C_reverse,Large C: reverse,15,15,75,1,Field_-0.0015,-1.72 V,-1.718,-1.51670,1.66385724e-03
large_C_reverse,Large C: reverse,15,15,75,1,Field_-0.0015,-1.72 V,-1.718,-1.50670,1.44916890e-03
large_C_reverse,Large C: reverse,15,15,75,1,Field_-0.0015,-1.72 V,-1.718,-1.49670,1.27220010e-03
large_C_reverse,Large C: reverse,15,15,75,1,Field_-0.0015,-1.72 V,-1.718,-1.48670,1.12509004e-03
large_C_reverse,Large C: reverse,15,15,75,1,Field_-0.0015,-1.72 V,-1.718,-1.47670,1.00190325e-03
large_C_reverse,Large C: reverse,15,15,75,1,Field_-0.0015,-1.72 V,-1.718,-1.46670,8.98102071e-04
large_C_reverse,Large C: reverse,15,15,75,1,Field_-0.0015,-1.72 V,-1.718,-1.45670,8.10177340e-04
large_C_reverse,Large C: reverse,15,15,75,1,Field_-0.0015,-1.72 V,-1.718,-1.44670,7.35387934e-04
large_C_reverse,Large C: reverse,15,15,75,1,Field_-0.0015,-1.72 V,-1.718,-1.43670,6.71575294e-04
large_C_reverse,Large C: reverse,15,15,75,1,Field_-0.0015,-1.72 V,-1.718,-1.42670,6.17029983e-04
large_C_reverse,Large C: reverse,15,15,75,1,Field_-0.0015,-1.72 V,-1.718,-1.41670,5.70394962e-04
large_C_reverse,Large C: reverse,15,15,75,1,Field_-0.0015,-1.72 V,-1.718,-1.40670,5.30595421e-04
large_C_reverse,Large C: reverse,15,15,75,1,Field_-0.0015,-1.72 V,-1.718,-1.39670,4.96788549e-04
large_C_reverse,Large C: reverse,15,15,75,1,Field_-0.0015,-1.72 V,-1.718,-1.38670,4.68329100e-04
large_C_reverse,Large C: reverse,15,15,75,1,Field_-0.0015,-1.72 V,-1.718,-1.37670,4.44748684e-04
large_C_reverse,Large C: reverse,15,15,75,1,Field_-0.0015,-1.72 V,-1.718,-1.36670,4.25748576e-04
large_C_reverse,Large C: reverse,15,15,75,1,Field_-0.0015,-1.72 V,-1.718,-1.35670,4.11208230e-04
large_C_reverse,Large C: reverse,15,15,75,1,Field_-0.0015,-1.72 V,-1.718,-1.34670,4.01215307e-04
large_C_reverse,Large C: reverse,15,15,75,1,Field_-0.0015,-1.72 V,-1.718,-1.33670,3.96129622e-04
large_C_reverse,Large C: reverse,15,15,75,1,Field_-0.0015,-1.72 V,-1.718,-1.32670,3.96706794e-04
large_C_reverse,Large C: reverse,15,15,75,1,Field_-0.0015,-1.72 V,-1.718,-1.31670,4.04337009e-04
large_C_reverse,Large C: reverse,15,15,75,1,Field_-0.0015,-1.72 V,-1.718,-1.30670,4.21525995e-04
large_C_reverse,Large C: reverse,15,15,75,1,Field_-0.0015,-1.72 V,-1.718,-1.29670,4.52937445e-04
large_C_reverse,Large C: reverse,15,15,75,1,Field_-0.0015,-1.72 V,-1.718,-1.28670,5.07900328e-04
large_C_reverse,Large C: reverse,15,15,75,1,Field_-0.0015,-1.72 V,-1.718,-1.27670,6.07382080e-04
large_C_reverse,Large C: reverse,15,15,75,1,Field_-0.0015,-1.72 V,-1.718,-1.26670,8.07931765e-04
large_C_reverse,Large C: reverse,15,15,75,1,Field_-0.0015,-1.72 V,-1.718,-1.25670,1.31679329e-03
large_C_reverse,Large C: reverse,15,15,75,1,Field_-0.0015,-1.72 V,-1.718,-1.24670,3.56500263e-03
large_C_reverse,Large C: reverse,15,15,75,1,Field_-0.0015,-1.72 V,-1.718,-1.23670,7.40874789e-02
large_C_reverse,Large C: reverse,15,15,75,1,Field_-0.0015,-1.72 V,-1.718,-1.22670,1.72693193e-03
large_C_reverse,Large C: reverse,15,15,75,1,Field_-0.0015,-1.72 V,-1.718,-1.21670,2.65649410e-04
large_C_reverse,Large C: reverse,15,15,75,1,Field_-0.0015,-1.72 V,-1.718,-1.20670,7.43436541e-05
large_C_reverse,Large C: reverse,15,15,75,1,Field_-0.0015,-1.72 V,-1.718,-1.19670,3.32541644e-05
large_C_reverse,Large C: reverse,15,15,75,1,Field_-0.0015,-1.72 V,-1.718,-1.18670,2.33376802e-05
large_C_reverse,Large C: reverse,15,15,75,1,Field_-0.0015,-1.72 V,-1.718,-1.17670,2.23681904e-05
large_C_reverse,Large C: reverse,15,15,75,1,Field_-0.0015,-1.72 V,-1.718,-1.16670,2.45526694e-05
large_C_reverse,Large C: reverse,15,15,75,1,Field_-0.0015,-1.72 V,-1.718,-1.15670,2.78511802e-05
large_C_reverse,Large C: reverse,15,15,75,1,Field_-0.0015,-1.72 V,-1.718,-1.14670,3.14968313e-05
large_C_reverse,Large C: reverse,15,15,75,1,Field_-0.0015,-1.72 V,-1.718,-1.13670,3.52265382e-05
large_C_reverse,Large C: reverse,15,15,75,1,Field_-0.0015,-1.72 V,-1.718,-1.12670,3.89894948e-05
large_C_reverse,Large C: reverse,15,15,75,1,Field_-0.0015,-1.72 V,-1.718,-1.11670,4.28310740e-05
large_C_reverse,Large C: reverse,15,15,75,1,Field_-0.0015,-1.72 V,-1.718,-1.10670,4.68473665e-05
large_C_reverse,Large C: reverse,15,15,75,1,Field_-0.0015,-1.72 V,-1.718,-1.09670,5.11707398e-05
large_C_reverse,Large C: reverse,15,15,75,1,Field_-0.0015,-1.72 V,-1.718,-1.08670,5.59713961e-05
large_C_reverse,Large C: reverse,15,15,75,1,Field_-0.0015,-1.72 V,-1.718,-1.07670,6.14702713e-05
large_C_reverse,Large C: reverse,15,15,75,1,Field_-0.0015,-1.72 V,-1.718,-1.06670,6.79642185e-05
large_C_reverse,Large C: reverse,15,15,75,1,Field_-0.0015,-1.72 V,-1.718,-1.05670,7.58694002e-05
large_C_reverse,Large C: reverse,15,15,75,1,Field_-0.0015,-1.72 V,-1.718,-1.04670,8.57963028e-05
large_C_reverse,Large C: reverse,15,15,75,1,Field_-0.0015,-1.72 V,-1.718,-1.03670,9.86846072e-05
large_C_reverse,Large C: reverse,15,15,75,1,Field_-0.0015,-1.72 V,-1.718,-1.02670,1.16059620e-04
large_C_reverse,Large C: reverse,15,15,75,1,Field_-0.0015,-1.72 V,-1.718,-1.01670,1.40555090e-04
large_C_reverse,Large C: reverse,15,15,75,1,Field_-0.0015,-1.72 V,-1.718,-1.00670,1.77076302e-04
large_C_reverse,Large C: reverse,15,15,75,1,Field_-0.0015,-1.72 V,-1.718,-0.99670,2.35694069e-04
large_C_reverse,Large C: reverse,15,15,75,1,Field_-0.0015,-1.72 V,-1.718,-0.98670,3.40014080e-04
large_C_reverse,Large C: reverse,15,15,75,1,Field_-0.0015,-1.72 V,-1.718,-0.97670,5.57246824e-04
large_C_reverse,Large C: reverse,15,15,75,1,Field_-0.0015,-1.72 V,-1.718,-0.96670,1.15073821e-03
large_C_reverse,Large C: reverse,15,15,75,1,Field_-0.0015,-1.72 V,-1.718,-0.95670,4.12080251e-03
large_C_reverse,Large C: reverse,15,15,75,1,Field_-0.0015,-1.72 V,-1.718,-0.94670,5.25603232e-01
large_C_reverse,Large C: reverse,15,15,75,1,Field_-0.0015,-1.72 V,-1.718,-0.93670,4.32226063e-03
large_C_reverse,Large C: reverse,15,15,75,1,Field_-0.0015,-1.72 V,-1.718,-0.92670,1.00358548e-03
large_C_reverse,Large C: reverse,15,15,75,1,Field_-0.0015,-1.72 V,-1.718,-0.91670,4.31408922e-04
large_C_reverse,Large C: reverse,15,15,75,1,Field_-0.0015,-1.72 V,-1.718,-0.90670,2.41282088e-04
large_C_reverse,Large C: reverse,15,15,75,1,Field_-0.0015,-1.72 V,-1.718,-0.89670,1.57890916e-04
large_C_reverse,Large C: reverse,15,15,75,1,Field_-0.0015,-1.72 V,-1.718,-0.88670,1.15506966e-04
large_C_reverse,Large C: reverse,15,15,75,1,Field_-0.0015,-1.72 V,-1.718,-0.87670,9.22153910e-05
large_C_reverse,Large C: reverse,15,15,75,1,Field_-0.0015,-1.72 V,-1.718,-0.86670,7.91147471e-05
large_C_reverse,Large C: reverse,15,15,75,1,Field_-0.0015,-1.72 V,-1.718,-0.85670,7.20997359e-05
large_C_reverse,Large C: reverse,15,15,75,1,Field_-0.0015,-1.72 V,-1.718,-0.84670,6.91205301e-05
large_C_reverse,Large C: reverse,15,15,75,1,Field_-0.0015,-1.72 V,-1.718,-0.83670,6.91170765e-05
large_C_reverse,Large C: reverse,15,15,75,1,Field_-0.0015,-1.72 V,-1.718,-0.82670,7.15552419e-05
large_C_reverse,Large C: reverse,15,15,75,1,Field_-0.0015,-1.72 V,-1.718,-0.81670,7.62056419e-05
large_C_reverse,Large C: reverse,15,15,75,1,Field_-0.0015,-1.72 V,-1.718,-0.80670,8.30274211e-05
large_C_reverse,Large C: reverse,15,15,75,1,Field_-0.0015,-1.72 V,-1.718,-0.79670,9.20966598e-05
large_C_reverse,Large C: reverse,15,15,75,1,Field_-0.0015,-1.72 V,-1.718,-0.78670,1.03548308e-04
large_C_reverse,Large C: reverse,15,15,75,1,Field_-0.0015,-1.72 V,-1.718,-0.77670,1.17512547e-04
large_C_reverse,Large C: reverse,15,15,75,1,Field_-0.0015,-1.72 V,-1.718,-0.76670,1.34033831e-04
large_C_reverse,Large C: reverse,15,15,75,1,Field_-0.0015,-1.72 V,-1.718,-0.75670,1.52971112e-04
large_C_reverse,Large C: reverse,15,15,75,1,Field_-0.0015,-1.72 V,-1.718,-0.74670,1.73895805e-04
large_C_reverse,Large C: reverse,15,15,75,1,Field_-0.0015,-1.72 V,-1.718,-0.73670,1.96028394e-04
large_C_reverse,Large C: reverse,15,15,75,1,Field_-0.0015,-1.72 V,-1.718,-0.72670,2.18270108e-04
large_C_reverse,Large C: reverse,15,15,75,1,Field_-0.0015,-1.72 V,-1.718,-0.71670,2.39365871e-04
large_C_reverse,Large C: reverse,15,15,75,1,Field_-0.0015,-1.72 V,-1.718,-0.70670,2.58166137e-04
large_C_reverse,Large C: reverse,15,15,75,1,Field_-0.0015,-1.72 V,-1.718,-0.69670,2.73875614e-04
large_C_reverse,Large C: reverse,15,15,75,1,Field_-0.0015,-1.72 V,-1.718,-0.68670,2.86159720e-04
large_C_reverse,Large C: reverse,15,15,75,1,Field_-0.0015,-1.72 V,-1.718,-0.67670,2.95055867e-04
large_C_reverse,Large C: reverse,15,15,75,1,Field_-0.0015,-1.72 V,-1.718,-0.66670,3.00749359e-04
large_C_reverse,Large C: reverse,15,15,75,1,Field_-0.0015,-1.72 V,-1.718,-0.65670,3.03343347e-04
large_C_reverse,Large C: reverse,15,15,75,1,Field_-0.0015,-1.72 V,-1.718,-0.64670,3.02753800e-04
large_C_reverse,Large C: reverse,15,15,75,1,Field_-0.0015,-1.72 V,-1.718,-0.63670,2.98804511e-04
large_C_reverse,Large C: reverse,15,15,75,1,Field_-0.0015,-1.72 V,-1.718,-0.62670,2.91484332e-04
large_C_reverse,Large C: reverse,15,15,75,1,Field_-0.0015,-1.72 V,-1.718,-0.61670,2.81194475e-04
large_C_reverse,Large C: reverse,15,15,75,1,Field_-0.0015,-1.72 V,-1.718,-0.60670,2.68785315e-04
large_C_reverse,Large C: reverse,15,15,75,1,Field_-0.0015,-1.72 V,-1.718,-0.59670,2.55342367e-04
large_C_reverse,Large C: reverse,15,15,75,1,Field_-0.0015,-1.72 V,-1.718,-0.58670,2.41881500e-04
large_C_reverse,Large C: reverse,15,15,75,1,Field_-0.0015,-1.72 V,-1.718,-0.57670,2.29141101e-04
large_C_reverse,Large C: reverse,15,15,75,1,Field_-0.0015,-1.72 V,-1.718,-0.56670,2.17532481e-04
large_C_reverse,Large C: reverse,15,15,75,1,Field_-0.0015,-1.72 V,-1.718,-0.55670,2.07197688e-04
large_C_reverse,Large C: reverse,15,15,75,1,Field_-0.0015,-1.72 V,-1.718,-0.54670,1.98101327e-04
large_C_reverse,Large C: reverse,15,15,75,1,Field_-0.0015,-1.72 V,-1.718,-0.53670,1.90111671e-04
large_C_reverse,Large C: reverse,15,15,75,1,Field_-0.0015,-1.72 V,-1.718,-0.52670,1.83057097e-04
large_C_reverse,Large C: reverse,15,15,75,1,Field_-0.0015,-1.72 V,-1.718,-0.51670,1.76759989e-04
large_C_reverse,Large C: reverse,15,15,75,1,Field_-0.0015,-1.72 V,-1.718,-0.50670,1.71054808e-04
large_C_reverse,Large C: reverse,15,15,75,1,Field_-0.0015,-1.72 V,-1.718,-0.49670,1.65796491e-04
large_C_reverse,Large C: reverse,15,15,75,1,Field_-0.0015,-1.72 V,-1.718,-0.48670,1.60863444e-04
large_C_reverse,Large C: reverse,15,15,75,1,Field_-0.0015,-1.72 V,-1.718,-0.47670,1.56157733e-04
large_C_reverse,Large C: reverse,15,15,75,1,Field_-0.0015,-1.72 V,-1.718,-0.46670,1.51603853e-04
large_C_reverse,Large C: reverse,15,15,75,1,Field_-0.0015,-1.72 V,-1.718,-0.45670,1.47146822e-04
large_C_reverse,Large C: reverse,15,15,75,1,Field_-0.0015,-1.72 V,-1.718,-0.44670,1.42749872e-04
large_C_reverse,Large C: reverse,15,15,75,1,Field_-0.0015,-1.72 V,-1.718,-0.43670,1.38391936e-04
large_C_reverse,Large C: reverse,15,15,75,1,Field_-0.0015,-1.72 V,-1.718,-0.42670,1.34064967e-04
large_C_reverse,Large C: reverse,15,15,75,1,Field_-0.0015,-1.72 V,-1.718,-0.41670,1.29771221e-04
large_C_reverse,Large C: reverse,15,15,75,1,Field_-0.0015,-1.72 V,-1.718,-0.40670,1.25520581e-04
large_C_reverse,Large C: reverse,15,15,75,1,Field_-0.0015,-1.72 V,-1.718,-0.39670,1.21328051e-04
large_C_reverse,Large C: reverse,15,15,75,1,Field_-0.0015,-1.72 V,-1.718,-0.38670,1.17211518e-04
large_C_reverse,Large C: reverse,15,15,75,1,Field_-0.0015,-1.72 V,-1.718,-0.37670,1.13189862e-04
large_C_reverse,Large C: reverse,15,15,75,1,Field_-0.0015,-1.72 V,-1.718,-0.36670,1.09281471e-04
large_C_reverse,Large C: reverse,15,15,75,1,Field_-0.0015,-1.72 V,-1.718,-0.35670,1.05503147e-04
large_C_reverse,Large C: reverse,15,15,75,1,Field_-0.0015,-1.72 V,-1.718,-0.34670,1.01869397e-04
large_C_reverse,Large C: reverse,15,15,75,1,Field_-0.0015,-1.72 V,-1.718,-0.33670,9.83920468e-05
large_C_reverse,Large C: reverse,15,15,75,1,Field_-0.0015,-1.72 V,-1.718,-0.32670,9.50801221e-05
large_C_reverse,Large C: reverse,15,15,75,1,Field_-0.0015,-1.72 V,-1.718,-0.31670,9.19399239e-05
large_C_reverse,Large C: reverse,15,15,75,1,Field_-0.0015,-1.72 V,-1.718,-0.30670,8.89752428e-05
large_C_reverse,Large C: reverse,15,15,75,1,Field_-0.0015,-1.72 V,-1.718,-0.29670,8.61876556e-05
large_C_reverse,Large C: reverse,15,15,75,1,Field_-0.0015,-1.72 V,-1.718,-0.28670,8.35768605e-05
large_C_reverse,Large C: reverse,15,15,75,1,Field_-0.0015,-1.72 V,-1.718,-0.27670,8.11410214e-05
large_C_reverse,Large C: reverse,15,15,75,1,Field_-0.0015,-1.72 V,-1.718,-0.26670,7.88770974e-05
large_C_reverse,Large C: reverse,15,15,75,1,Field_-0.0015,-1.72 V,-1.718,-0.25670,7.67811457e-05
large_C_reverse,Large C: reverse,15,15,75,1,Field_-0.0015,-1.72 V,-1.718,-0.24670,7.48485882e-05
large_C_reverse,Large C: reverse,15,15,75,1,Field_-0.0015,-1.72 V,-1.718,-0.23670,7.30744414e-05
large_C_reverse,Large C: reverse,15,15,75,1,Field_-0.0015,-1.72 V,-1.718,-0.22670,7.14535093e-05
large_C_reverse,Large C: reverse,15,15,75,1,Field_-0.0015,-1.72 V,-1.718,-0.21670,6.99805419e-05
large_C_reverse,Large C: reverse,15,15,75,1,Field_-0.0015,-1.72 V,-1.718,-0.20670,6.86503629e-05
large_C_reverse,Large C: reverse,15,15,75,1,Field_-0.0015,-1.72 V,-1.718,-0.19670,6.74579710e-05
large_C_reverse,Large C: reverse,15,15,75,1,Field_-0.0015,-1.72 V,-1.718,-0.18670,6.63986194e-05
large_C_reverse,Large C: reverse,15,15,75,1,Field_-0.0015,-1.72 V,-1.718,-0.17670,6.54678761e-05
large_C_reverse,Large C: reverse,15,15,75,1,Field_-0.0015,-1.72 V,-1.718,-0.16670,6.46616705e-05
large_C_reverse,Large C: reverse,15,15,75,1,Field_-0.0015,-1.72 V,-1.718,-0.15670,6.39763276e-05
large_C_reverse,Large C: reverse,15,15,75,1,Field_-0.0015,-1.72 V,-1.718,-0.14670,6.34085946e-05
large_C_reverse,Large C: reverse,15,15,75,1,Field_-0.0015,-1.72 V,-1.718,-0.13670,6.29556603e-05
large_C_reverse,Large C: reverse,15,15,75,1,Field_-0.0015,-1.72 V,-1.718,-0.12670,6.26151706e-05
large_C_reverse,Large C: reverse,15,15,75,1,Field_-0.0015,-1.72 V,-1.718,-0.11670,6.23852413e-05
large_C_reverse,Large C: reverse,15,15,75,1,Field_-0.0015,-1.72 V,-1.718,-0.10670,6.22644695e-05
large_C_reverse,Large C: reverse,15,15,75,1,Field_-0.0015,-1.72 V,-1.718,-0.09670,6.22519457e-05
large_C_reverse,Large C: reverse,15,15,75,1,Field_-0.0015,-1.72 V,-1.718,-0.08670,6.23472657e-05
large_C_reverse,Large C: reverse,15,15,75,1,Field_-0.0015,-1.72 V,-1.718,-0.07670,6.25505452e-05
large_C_reverse,Large C: reverse,15,15,75,1,Field_-0.0015,-1.72 V,-1.718,-0.06670,6.28624371e-05
large_C_reverse,Large C: reverse,15,15,75,1,Field_-0.0015,-1.72 V,-1.718,-0.05670,6.32841514e-05
large_C_reverse,Large C: reverse,15,15,75,1,Field_-0.0015,-1.72 V,-1.718,-0.04670,6.38174796e-05
large_C_reverse,Large C: reverse,15,15,75,1,Field_-0.0015,-1.72 V,-1.718,-0.03670,6.44648228e-05
large_C_reverse,Large C: reverse,15,15,75,1,Field_-0.0015,-1.72 V,-1.718,-0.02670,6.52292253e-05
large_C_reverse,Large C: reverse,15,15,75,1,Field_-0.0015,-1.72 V,-1.718,-0.01670,6.61144128e-05
large_C_reverse,Large C: reverse,15,15,75,1,Field_-0.0015,-1.72 V,-1.718,-0.00670,6.71248358e-05
large_C_reverse,Large C: reverse,15,15,75,1,Field_-0.0015,-1.72 V,-1.718,0.00330,6.82447278e-05
large_C_reverse,Large C: reverse,15,15,75,1,Field_-0.0015,-1.72 V,-1.718,0.01330,6.94562356e-05
large_C_reverse,Large C: reverse,15,15,75,1,Field_-0.0015,-1.72 V,-1.718,0.02330,7.07615478e-05
large_C_reverse,Large C: reverse,15,15,75,1,Field_-0.0015,-1.72 V,-1.718,0.03330,7.21632384e-05
large_C_reverse,Large C: reverse,15,15,75,1,Field_-0.0015,-1.72 V,-1.718,0.04330,7.36642489e-05
large_C_reverse,Large C: reverse,15,15,75,1,Field_-0.0015,-1.72 V,-1.718,0.05330,7.52678613e-05
large_C_reverse,Large C: reverse,15,15,75,1,Field_-0.0015,-1.72 V,-1.718,0.06330,7.69776574e-05
large_C_reverse,Large C: reverse,15,15,75,1,Field_-0.0015,-1.72 V,-1.718,0.07330,7.87974640e-05
large_C_reverse,Large C: reverse,15,15,75,1,Field_-0.0015,-1.72 V,-1.718,0.08330,8.07312785e-05
large_C_reverse,Large C: reverse,15,15,75,1,Field_-0.0015,-1.72 V,-1.718,0.09330,8.27831722e-05
large_C_reverse,Large C: reverse,15,15,75,1,Field_-0.0015,-1.72 V,-1.718,0.10330,8.49571676e-05
large_C_reverse,Large C: reverse,15,15,75,1,Field_-0.0015,-1.72 V,-1.718,0.11330,8.72570867e-05
large_C_reverse,Large C: reverse,15,15,75,1,Field_-0.0015,-1.72 V,-1.718,0.12330,8.96863646e-05
large_C_reverse,Large C: reverse,15,15,75,1,Field_-0.0015,-1.72 V,-1.718,0.13330,9.22478296e-05
large_C_reverse,Large C: reverse,15,15,75,1,Field_-0.0015,-1.72 V,-1.718,0.14330,9.49434462e-05
large_C_reverse,Large C: reverse,15,15,75,1,Field_-0.0015,-1.72 V,-1.718,0.15330,9.77740241e-05
large_C_reverse,Large C: reverse,15,15,75,1,Field_-0.0015,-1.72 V,-1.718,0.16330,1.00738897e-04
large_C_reverse,Large C: reverse,15,15,75,1,Field_-0.0015,-1.72 V,-1.718,0.17330,1.03835582e-04
large_C_reverse,Large C: reverse,15,15,75,1,Field_-0.0015,-1.72 V,-1.718,0.18330,1.07059434e-04
large_C_reverse,Large C: reverse,15,15,75,1,Field_-0.0015,-1.72 V,-1.718,0.19330,1.10403315e-04
large_C_reverse,Large C: reverse,15,15,75,1,Field_-0.0015,-1.72 V,-1.718,0.20330,1.13857303e-04
large_C_reverse,Large C: reverse,15,15,75,1,Field_-0.0015,-1.72 V,-1.718,0.21330,1.17408484e-04
large_C_reverse,Large C: reverse,15,15,75,1,Field_-0.0015,-1.72 V,-1.718,0.22330,1.21040848e-04
large_C_reverse,Large C: reverse,15,15,75,1,Field_-0.0015,-1.72 V,-1.718,0.23330,1.24735337e-04
large_C_reverse,Large C: reverse,15,15,75,1,Field_-0.0015,-1.72 V,-1.718,0.24330,1.28470076e-04
large_C_reverse,Large C: reverse,15,15,75,1,Field_-0.0015,-1.72 V,-1.718,0.25330,1.32220802e-04
large_C_reverse,Large C: reverse,15,15,75,1,Field_-0.0015,-1.72 V,-1.718,0.26330,1.35961511e-04
large_C_reverse,Large C: reverse,15,15,75,1,Field_-0.0015,-1.72 V,-1.718,0.27330,1.39665288e-04
large_C_reverse,Large C: reverse,15,15,75,1,Field_-0.0015,-1.72 V,-1.718,0.28330,1.43305306e-04
large_C_reverse,Large C: reverse,15,15,75,1,Field_-0.0015,-1.72 V,-1.718,0.29330,1.46855904e-04
large_C_reverse,Large C: reverse,15,15,75,1,Field_-0.0015,-1.72 V,-1.718,0.30330,1.50293680e-04
large_C_reverse,Large C: reverse,15,15,75,1,Field_-0.0015,-1.72 V,-1.718,0.31330,1.53598500e-04
large_C_reverse,Large C: reverse,15,15,75,1,Field_-0.0015,-1.72 V,-1.718,0.32330,1.56754347e-04
large_C_reverse,Large C: reverse,15,15,75,1,Field_-0.0015,-1.72 V,-1.718,0.33330,1.59749912e-04
large_C_reverse,Large C: reverse,15,15,75,1,Field_-0.0015,-1.72 V,-1.718,0.34330,1.62578913e-04
large_C_reverse,Large C: reverse,15,15,75,1,Field_-0.0015,-1.72 V,-1.718,0.35330,1.65240097e-04
large_C_reverse,Large C: reverse,15,15,75,1,Field_-0.0015,-1.72 V,-1.718,0.36330,1.67736961e-04
large_C_reverse,Large C: reverse,15,15,75,1,Field_-0.0015,-1.72 V,-1.718,0.37330,1.70077231e-04
large_C_reverse,Large C: reverse,15,15,75,1,Field_-0.0015,-1.72 V,-1.718,0.38330,1.72272158e-04
large_C_reverse,Large C: reverse,15,15,75,1,Field_-0.0015,-1.72 V,-1.718,0.39330,1.74335717e-04
large_C_reverse,Large C: reverse,15,15,75,1,Field_-0.0015,-1.72 V,-1.718,0.40330,1.76283757e-04
large_C_reverse,Large C: reverse,15,15,75,1,Field_-0.0015,-1.72 V,-1.718,0.41330,1.78133189e-04
large_C_reverse,Large C: reverse,15,15,75,1,Field_-0.0015,-1.72 V,-1.718,0.42330,1.79901241e-04
large_C_reverse,Large C: reverse,15,15,75,1,Field_-0.0015,-1.72 V,-1.718,0.43330,1.81604820e-04
large_C_reverse,Large C: reverse,15,15,75,1,Field_-0.0015,-1.72 V,-1.718,0.44330,1.83259989e-04
large_C_reverse,Large C: reverse,15,15,75,1,Field_-0.0015,-1.72 V,-1.718,0.45330,1.84881574e-04
large_C_reverse,Large C: reverse,15,15,75,1,Field_-0.0015,-1.72 V,-1.718,0.46330,1.86482879e-04
large_C_reverse,Large C: reverse,15,15,75,1,Field_-0.0015,-1.72 V,-1.718,0.47330,1.88075505e-04
large_C_reverse,Large C: reverse,15,15,75,1,Field_-0.0015,-1.72 V,-1.718,0.48330,1.89669263e-04
large_C_reverse,Large C: reverse,15,15,75,1,Field_-0.0015,-1.72 V,-1.718,0.49330,1.91272142e-04
large_C_reverse,Large C: reverse,15,15,75,1,Field_-0.0015,-1.72 V,-1.718,0.50330,1.92890347e-04
large_C_reverse,Large C: reverse,15,15,75,1,Field_-0.0015,-1.72 V,-1.718,0.51330,1.94528363e-04
large_C_reverse,Large C: reverse,15,15,75,1,Field_-0.0015,-1.72 V,-1.718,0.52330,1.96189062e-04
large_C_reverse,Large C: reverse,15,15,75,1,Field_-0.0015,-1.72 V,-1.718,0.53330,1.97873824e-04
large_C_reverse,Large C: reverse,15,15,75,1,Field_-0.0015,-1.72 V,-1.718,0.54330,1.99582677e-04
large_C_reverse,Large C: reverse,15,15,75,1,Field_-0.0015,-1.72 V,-1.718,0.55330,2.01314464e-04
large_C_reverse,Large C: reverse,15,15,75,1,Field_-0.0015,-1.72 V,-1.718,0.56330,2.03067014e-04
large_C_reverse,Large C: reverse,15,15,75,1,Field_-0.0015,-1.72 V,-1.718,0.57330,2.04837348e-04
large_C_reverse,Large C: reverse,15,15,75,1,Field_-0.0015,-1.72 V,-1.718,0.58330,2.06621905e-04
large_C_reverse,Large C: reverse,15,15,75,1,Field_-0.0015,-1.72 V,-1.718,0.59330,2.08416813e-04
large_C_reverse,Large C: reverse,15,15,75,1,Field_-0.0015,-1.72 V,-1.718,0.60330,2.10218193e-04
large_C_reverse,Large C: reverse,15,15,75,1,Field_-0.0015,-1.72 V,-1.718,0.61330,2.12022532e-04
large_C_reverse,Large C: reverse,15,15,75,1,Field_-0.0015,-1.72 V,-1.718,0.62330,2.13827120e-04
large_C_reverse,Large C: reverse,15,15,75,1,Field_-0.0015,-1.72 V,-1.718,0.63330,2.15630565e-04
large_C_reverse,Large C: reverse,15,15,75,1,Field_-0.0015,-1.72 V,-1.718,0.64330,2.17433407e-04
large_C_reverse,Large C: reverse,15,15,75,1,Field_-0.0015,-1.72 V,-1.718,0.65330,2.19238837e-04
large_C_reverse,Large C: reverse,15,15,75,1,Field_-0.0015,-1.72 V,-1.718,0.66330,2.21053522e-04
large_C_reverse,Large C: reverse,15,15,75,1,Field_-0.0015,-1.72 V,-1.718,0.67330,2.22888567e-04
large_C_reverse,Large C: reverse,15,15,75,1,Field_-0.0015,-1.72 V,-1.718,0.68330,2.24760587e-04
large_C_reverse,Large C: reverse,15,15,75,1,Field_-0.0015,-1.72 V,-1.718,0.69330,2.26692909e-04
large_C_reverse,Large C: reverse,15,15,75,1,Field_-0.0015,-1.72 V,-1.718,0.70330,2.28716884e-04
large_C_reverse,Large C: reverse,15,15,75,1,Field_-0.0015,-1.72 V,-1.718,0.71330,2.30873287e-04
large_C_reverse,Large C: reverse,15,15,75,1,Field_-0.0015,-1.72 V,-1.718,0.72330,2.33213788e-04
large_C_reverse,Large C: reverse,15,15,75,1,Field_-0.0015,-1.72 V,-1.718,0.73330,2.35802451e-04
large_C_reverse,Large C: reverse,15,15,75,1,Field_-0.0015,-1.72 V,-1.718,0.74330,2.38717224e-04
large_C_reverse,Large C: reverse,15,15,75,1,Field_-0.0015,-1.72 V,-1.718,0.75330,2.42051364e-04
large_C_reverse,Large C: reverse,15,15,75,1,Field_-0.0015,-1.72 V,-1.718,0.76330,2.45914765e-04
large_C_reverse,Large C: reverse,15,15,75,1,Field_-0.0015,-1.72 V,-1.718,0.77330,2.50435133e-04
large_C_reverse,Large C: reverse,15,15,75,1,Field_-0.0015,-1.72 V,-1.718,0.78330,2.55758989e-04
large_C_reverse,Large C: reverse,15,15,75,1,Field_-0.0015,-1.72 V,-1.718,0.79330,2.62052492e-04
large_C_reverse,Large C: reverse,15,15,75,1,Field_-0.0015,-1.72 V,-1.718,0.80330,2.69502093e-04
large_C_reverse,Large C: reverse,15,15,75,1,Field_-0.0015,-1.72 V,-1.718,0.81330,2.78315101e-04
large_C_reverse,Large C: reverse,15,15,75,1,Field_-0.0015,-1.72 V,-1.718,0.82330,2.88720232e-04
large_C_reverse,Large C: reverse,15,15,75,1,Field_-0.0015,-1.72 V,-1.718,0.83330,3.00968303e-04
large_C_reverse,Large C: reverse,15,15,75,1,Field_-0.0015,-1.72 V,-1.718,0.84330,3.15333252e-04
large_C_reverse,Large C: reverse,15,15,75,1,Field_-0.0015,-1.72 V,-1.718,0.85330,3.32113708e-04
large_C_reverse,Large C: reverse,15,15,75,1,Field_-0.0015,-1.72 V,-1.718,0.86330,3.51635382e-04
large_C_reverse,Large C: reverse,15,15,75,1,Field_-0.0015,-1.72 V,-1.718,0.87330,3.74254577e-04
large_C_reverse,Large C: reverse,15,15,75,1,Field_-0.0015,-1.72 V,-1.718,0.88330,4.00363150e-04
large_C_reverse,Large C: reverse,15,15,75,1,Field_-0.0015,-1.72 V,-1.718,0.89330,4.30395298e-04
large_C_reverse,Large C: reverse,15,15,75,1,Field_-0.0015,-1.72 V,-1.718,0.90330,4.64836593e-04
large_C_reverse,Large C: reverse,15,15,75,1,Field_-0.0015,-1.72 V,-1.718,0.91330,5.04235780e-04
large_C_reverse,Large C: reverse,15,15,75,1,Field_-0.0015,-1.72 V,-1.718,0.92330,5.49219938e-04
large_C_reverse,Large C: reverse,15,15,75,1,Field_-0.0015,-1.72 V,-1.718,0.93330,6.00513830e-04
large_C_reverse,Large C: reverse,15,15,75,1,Field_-0.0015,-1.72 V,-1.718,0.94330,6.58964480e-04
large_C_reverse,Large C: reverse,15,15,75,1,Field_-0.0015,-1.72 V,-1.718,0.95330,7.25572416e-04
large_C_reverse,Large C: reverse,15,15,75,1,Field_-0.0015,-1.72 V,-1.718,0.96330,8.01531557e-04
large_C_reverse,Large C: reverse,15,15,75,1,Field_-0.0015,-1.72 V,-1.718,0.97330,8.88280457e-04
large_C_reverse,Large C: reverse,15,15,75,1,Field_-0.0015,-1.72 V,-1.718,0.98330,9.87568752e-04
large_C_reverse,Large C: reverse,15,15,75,1,Field_-0.0015,-1.72 V,-1.718,0.99330,1.10154418e-03
large_C_reverse,Large C: reverse,15,15,75,1,Field_-0.0015,-1.72 V,-1.718,1.00330,1.23369698e-03
large_C_reverse,Large C: reverse,15,15,75,1,Field_-0.0015,-1.72 V,-1.718,1.01330,1.38882062e-03
large_C_reverse,Large C: reverse,15,15,75,1,Field_-0.0015,-1.72 V,-1.718,1.02330,1.57233650e-03
large_C_reverse,Large C: reverse,15,15,75,1,Field_-0.0015,-1.72 V,-1.718,1.03330,1.79129208e-03
large_C_reverse,Large C: reverse,15,15,75,1,Field_-0.0015,-1.72 V,-1.718,1.04330,2.05495480e-03
large_C_reverse,Large C: reverse,15,15,75,1,Field_-0.0015,-1.72 V,-1.718,1.05330,2.37566515e-03
large_C_reverse,Large C: reverse,15,15,75,1,Field_-0.0015,-1.72 V,-1.718,1.06330,2.77008119e-03
large_C_reverse,Large C: reverse,15,15,75,1,Field_-0.0015,-1.72 V,-1.718,1.07330,3.26102334e-03
large_C_reverse,Large C: reverse,15,15,75,1,Field_-0.0015,-1.72 V,-1.718,1.08330,3.88025416e-03
large_C_reverse,Large C: reverse,15,15,75,1,Field_-0.0015,-1.72 V,-1.718,1.09330,4.67273209e-03
large_C_reverse,Large C: reverse,15,15,75,1,Field_-0.0015,-1.72 V,-1.718,1.10330,5.70320887e-03
large_C_reverse,Large C: reverse,15,15,75,1,Field_-0.0015,-1.72 V,-1.718,1.11330,7.06654609e-03
large_C_reverse,Large C: reverse,15,15,75,1,Field_-0.0015,-1.72 V,-1.718,1.12330,8.90379398e-03
large_C_reverse,Large C: reverse,15,15,75,1,Field_-0.0015,-1.72 V,-1.718,1.13330,1.14265155e-02
large_C_reverse,Large C: reverse,15,15,75,1,Field_-0.0015,-1.72 V,-1.718,1.14330,1.49501172e-02
large_C_reverse,Large C: reverse,15,15,75,1,Field_-0.0015,-1.72 V,-1.718,1.15330,1.99256044e-02
large_C_reverse,Large C: reverse,15,15,75,1,Field_-0.0015,-1.72 V,-1.718,1.16330,2.69142880e-02
large_C_reverse,Large C: reverse,15,15,75,1,Field_-0.0015,-1.72 V,-1.718,1.17330,3.63184137e-02
large_C_reverse,Large C: reverse,15,15,75,1,Field_-0.0015,-1.72 V,-1.718,1.18330,4.74817781e-02
large_C_reverse,Large C: reverse,15,15,75,1,Field_-0.0015,-1.72 V,-1.718,1.19330,5.72439919e-02
large_C_reverse,Large C: reverse,15,15,75,1,Field_-0.0015,-1.72 V,-1.718,1.20330,6.06250632e-02
large_C_reverse,Large C: reverse,15,15,75,1,Field_-0.0015,-1.72 V,-1.718,1.21330,5.59396150e-02
large_C_reverse,Large C: reverse,15,15,75,1,Field_-0.0015,-1.72 V,-1.718,1.22330,4.68223077e-02
large_C_reverse,Large C: reverse,15,15,75,1,Field_-0.0015,-1.72 V,-1.718,1.23330,3.74701952e-02
large_C_reverse,Large C: reverse,15,15,75,1,Field_-0.0015,-1.72 V,-1.718,1.24330,2.97383289e-02
large_C_reverse,Large C: reverse,15,15,75,1,Field_-0.0015,-1.72 V,-1.718,1.25330,2.38425515e-02
large_C_reverse,Large C: reverse,15,15,75,1,Field_-0.0015,-1.72 V,-1.718,1.26330,1.94506204e-02
large_C_reverse,Large C: reverse,15,15,75,1,Field_-0.0015,-1.72 V,-1.718,1.27330,1.61738692e-02
large_C_reverse,Large C: reverse,15,15,75,1,Field_-0.0015,-1.72 V,-1.718,1.28330,1.37001929e-02
large_C_reverse,Large C: reverse,15,15,75,1,Field_-0.0015,-1.72 V,-1.718,1.29330,1.18039411e-02
large_C_reverse,Large C: reverse,15,15,75,1,Field_-0.0015,-1.72 V,-1.718,1.30330,1.03270909e-02
large_C_reverse,Large C: reverse,15,15,75,1,Field_-0.0015,-1.72 V,-1.718,1.31330,9.15942102e-03
large_C_reverse,Large C: reverse,15,15,75,1,Field_-0.0015,-1.72 V,-1.718,1.32330,8.22344581e-03
large_C_reverse,Large C: reverse,15,15,75,1,Field_-0.0015,-1.72 V,-1.718,1.33330,7.46398674e-03
large_C_reverse,Large C: reverse,15,15,75,1,Field_-0.0015,-1.72 V,-1.718,1.34330,6.84116711e-03
large_C_reverse,Large C: reverse,15,15,75,1,Field_-0.0015,-1.72 V,-1.718,1.35330,6.32573204e-03
large_C_reverse,Large C: reverse,15,15,75,1,Field_-0.0015,-1.72 V,-1.718,1.36330,5.89590431e-03
large_C_reverse,Large C: reverse,15,15,75,1,Field_-0.0015,-1.72 V,-1.718,1.37330,5.53524927e-03
large_C_reverse,Large C: reverse,15,15,75,1,Field_-0.0015,-1.72 V,-1.718,1.38330,5.23120619e-03
large_C_reverse,Large C: reverse,15,15,75,1,Field_-0.0015,-1.72 V,-1.718,1.39330,4.97406394e-03
large_C_reverse,Large C: reverse,15,15,75,1,Field_-0.0015,-1.72 V,-1.718,1.40330,4.75623674e-03
large_C_reverse,Large C: reverse,15,15,75,1,Field_-0.0015,-1.72 V,-1.718,1.41330,4.57174515e-03
large_C_reverse,Large C: reverse,15,15,75,1,Field_-0.0015,-1.72 V,-1.718,1.42330,4.41583948e-03
large_C_reverse,Large C: reverse,15,15,75,1,Field_-0.0015,-1.72 V,-1.718,1.43330,4.28472326e-03
large_C_reverse,Large C: reverse,15,15,75,1,Field_-0.0015,-1.72 V,-1.718,1.44330,4.17534794e-03
large_C_reverse,Large C: reverse,15,15,75,1,Field_-0.0015,-1.72 V,-1.718,1.45330,4.08525915e-03
large_C_reverse,Large C: reverse,15,15,75,1,Field_-0.0015,-1.72 V,-1.718,1.46330,4.01248033e-03
large_C_reverse,Large C: reverse,15,15,75,1,Field_-0.0015,-1.72 V,-1.718,1.47330,3.95542435e-03
large_C_reverse,Large C: reverse,15,15,75,1,Field_-0.0015,-1.72 V,-1.718,1.48330,3.91282573e-03
large_C_reverse,Large C: reverse,15,15,75,1,Field_-0.0015,-1.72 V,-1.718,1.49330,3.88368882e-03
large_C_reverse,Large C: reverse,15,15,75,1,Field_-0.0015,-1.72 V,-1.718,1.50330,3.86724793e-03
large_C_reverse,Large C: reverse,15,15,75,1,Field_-0.0015,-1.72 V,-1.718,1.51330,3.86293697e-03
large_C_reverse,Large C: reverse,15,15,75,1,Field_-0.0015,-1.72 V,-1.718,1.52330,3.87036651e-03
large_C_reverse,Large C: reverse,15,15,75,1,Field_-0.0015,-1.72 V,-1.718,1.53330,3.88930683e-03
large_C_reverse,Large C: reverse,15,15,75,1,Field_-0.0015,-1.72 V,-1.718,1.54330,3.91967588e-03
large_C_reverse,Large C: reverse,15,15,75,1,Field_-0.0015,-1.72 V,-1.718,1.55330,3.96153131e-03
large_C_reverse,Large C: reverse,15,15,75,1,Field_-0.0015,-1.72 V,-1.718,1.56330,4.01506604e-03
large_C_reverse,Large C: reverse,15,15,75,1,Field_-0.0015,-1.72 V,-1.718,1.57330,4.08060697e-03
large_C_reverse,Large C: reverse,15,15,75,1,Field_-0.0015,-1.72 V,-1.718,1.58330,4.15861648e-03
large_C_reverse,Large C: reverse,15,15,75,1,Field_-0.0015,-1.72 V,-1.718,1.59330,4.24969661e-03
large_C_reverse,Large C: reverse,15,15,75,1,Field_-0.0015,-1.72 V,-1.718,1.60330,4.35459597e-03
large_C_reverse,Large C: reverse,15,15,75,1,Field_-0.0015,-1.72 V,-1.718,1.61330,4.47421918e-03
large_C_reverse,Large C: reverse,15,15,75,1,Field_-0.0015,-1.72 V,-1.718,1.62330,4.60963936e-03
large_C_reverse,Large C: reverse,15,15,75,1,Field_-0.0015,-1.72 V,-1.718,1.63330,4.76211355e-03
large_C_reverse,Large C: reverse,15,15,75,1,Field_-0.0015,-1.72 V,-1.718,1.64330,4.93310181e-03
large_C_reverse,Large C: reverse,15,15,75,1,Field_-0.0015,-1.72 V,-1.718,1.65330,5.12429036e-03
large_C_reverse,Large C: reverse,15,15,75,1,Field_-0.0015,-1.72 V,-1.718,1.66330,5.33761945e-03
large_C_reverse,Large C: reverse,15,15,75,1,Field_-0.0015,-1.72 V,-1.718,1.67330,5.57531715e-03
large_C_reverse,Large C: reverse,15,15,75,1,Field_-0.0015,-1.72 V,-1.718,1.68330,5.83993995e-03
large_C_reverse,Large C: reverse,15,15,75,1,Field_-0.0015,-1.72 V,-1.718,1.69330,6.13442195e-03
large_C_reverse,Large C: reverse,15,15,75,1,Field_-0.0015,-1.72 V,-1.718,1.70330,6.46213440e-03
large_C_reverse,Large C: reverse,15,15,75,1,Field_-0.0015,-1.72 V,-1.718,1.71330,6.82695799e-03
large_C_reverse,Large C: reverse,15,15,75,1,Field_-0.0015,-1.72 V,-1.718,1.72330,7.23337103e-03
large_C_reverse,Large C: reverse,15,15,75,1,Field_-0.0015,-1.72 V,-1.718,1.73330,7.68655708e-03
large_C_reverse,Large C: reverse,15,15,75,1,Field_-0.0015,-1.72 V,-1.718,1.74330,8.19253700e-03
large_C_reverse,Large C: reverse,15,15,75,1,Field_-0.0015,-1.72 V,-1.718,1.75330,8.75833151e-03
large_C_reverse,Large C: reverse,15,15,75,1,Field_-0.0015,-1.72 V,-1.718,1.76330,9.39216198e-03
large_C_reverse,Large C: reverse,15,15,75,1,Field_-0.0015,-1.72 V,-1.718,1.77330,1.01036999e-02
large_C_reverse,Large C: reverse,15,15,75,1,Field_-0.0015,-1.72 V,-1.718,1.78330,1.09043779e-02
large_C_reverse,Large C: reverse,15,15,75,1,Field_-0.0015,-1.72 V,-1.718,1.79330,1.18077808e-02
large_C_reverse,Large C: reverse,15,15,75,1,Field_-0.0015,-1.72 V,-1.718,1.80330,1.28301389e-02
large_C_reverse,Large C: reverse,15,15,75,1,Field_-0.0015,-1.72 V,-1.718,1.81330,1.39909563e-02
large_C_reverse,Large C: reverse,15,15,75,1,Field_-0.0015,-1.72 V,-1.718,1.82330,1.53138166e-02
large_C_reverse,Large C: reverse,15,15,75,1,Field_-0.0015,-1.72 V,-1.718,1.83330,1.68274260e-02
large_C_reverse,Large C: reverse,15,15,75,1,Field_-0.0015,-1.72 V,-1.718,1.84330,1.85669762e-02
large_C_reverse,Large C: reverse,15,15,75,1,Field_-0.0015,-1.72 V,-1.718,1.85330,2.05759472e-02
large_C_reverse,Large C: reverse,15,15,75,1,Field_-0.0015,-1.72 V,-1.718,1.86330,2.29085217e-02
large_C_reverse,Large C: reverse,15,15,75,1,Field_-0.0015,-1.72 V,-1.718,1.87330,2.56328736e-02
large_C_reverse,Large C: reverse,15,15,75,1,Field_-0.0015,-1.72 V,-1.718,1.88330,2.88357428e-02
large_C_reverse,Large C: reverse,15,15,75,1,Field_-0.0015,-1.72 V,-1.718,1.89330,3.26289884e-02
large_C_reverse,Large C: reverse,15,15,75,1,Field_-0.0015,-1.72 V,-1.718,1.90330,3.71594199e-02
large_C_reverse,Large C: reverse,15,15,75,1,Field_-0.0015,-1.72 V,-1.718,1.91330,4.26247343e-02
large_C_reverse,Large C: reverse,15,15,75,1,Field_-0.0015,-1.72 V,-1.718,1.92330,4.93032975e-02
large_C_reverse,Large C: reverse,15,15,75,1,Field_-0.0015,-1.72 V,-1.718,1.93330,5.76267766e-02
large_C_reverse,Large C: reverse,15,15,75,1,Field_-0.0015,-1.72 V,-1.718,1.94330,6.84693005e-02
large_C_reverse,Large C: reverse,15,15,75,1,Field_-0.0015,-1.72 V,-1.718,1.95330,8.64708086e-02
large_C_reverse,Large C: reverse,15,15,75,1,Field_-0.0015,-1.72 V,-1.718,1.96330,8.33382434e-02
large_C_reverse,Large C: reverse,15,15,75,1,Field_-0.0015,-1.72 V,-1.718,1.97330,1.08708133e-01
large_C_reverse,Large C: reverse,15,15,75,1,Field_-0.0015,-1.72 V,-1.718,1.98330,1.34893869e-01
large_C_reverse,Large C: reverse,15,15,75,1,Field_-0.0015,-1.72 V,-1.718,1.99330,1.68092996e-01
large_C_reverse,Large C: reverse,15,15,75,1,Field_-0.0015,-1.72 V,-1.718,2.00330,2.12731715e-01
large_C_reverse,Large C: reverse,15,15,75,1,Field_-0.0015,-1.72 V,-1.718,2.01330,2.68154593e-01
large_C_reverse,Large C: reverse,15,15,75,1,Field_-0.0015,-1.72 V,-1.718,2.02330,3.43663188e-01
large_C_reverse,Large C: reverse,15,15,75,1,Field_-0.0015,-1.72 V,-1.718,2.03330,4.39936212e-01
large_C_reverse,Large C: reverse,15,15,75,1,Field_-0.0015,-1.72 V,-1.718,2.04330,5.54238022e-01
large_C_reverse,Large C: reverse,15,15,75,1,Field_-0.0015,-1.72 V,-1.718,2.05330,6.70721206e-01
large_C_reverse,Large C: reverse,15,15,75,1,Field_-0.0015,-1.72 V,-1.718,2.06330,7.57078271e-01
large_C_reverse,Large C: reverse,15,15,75,1,Field_-0.0015,-1.72 V,-1.718,2.07330,7.79977130e-01
large_C_reverse,Large C: reverse,15,15,75,1,Field_-0.0015,-1.72 V,-1.718,2.08330,7.33834127e-01
large_C_reverse,Large C: reverse,15,15,75,1,Field_-0.0015,-1.72 V,-1.718,2.09330,6.44769978e-01
large_C_reverse,Large C: reverse,15,15,75,1,Field_-0.0015,-1.72 V,-1.718,2.10330,5.44910620e-01
large_C_reverse,Large C: reverse,15,15,75,1,Field_-0.0015,-1.72 V,-1.718,2.11330,4.53734231e-01
large_C_reverse,Large C: reverse,15,15,75,1,Field_-0.0015,-1.72 V,-1.718,2.12330,3.77922338e-01
large_C_reverse,Large C: reverse,15,15,75,1,Field_-0.0015,-1.72 V,-1.718,2.13330,3.17401869e-01
large_C_reverse,Large C: reverse,15,15,75,1,Field_-0.0015,-1.72 V,-1.718,2.14330,2.69764313e-01
large_C_reverse,Large C: reverse,15,15,75,1,Field_-0.0015,-1.72 V,-1.718,2.15330,2.32293487e-01
large_C_reverse,Large C: reverse,15,15,75,1,Field_-0.0015,-1.72 V,-1.718,2.16330,2.02648966e-01
large_C_reverse,Large C: reverse,15,15,75,1,Field_-0.0015,-1.72 V,-1.718,2.17330,1.78993481e-01
large_C_reverse,Large C: reverse,15,15,75,1,Field_-0.0015,-1.72 V,-1.718,2.18330,1.59936820e-01
large_C_reverse,Large C: reverse,15,15,75,1,Field_-0.0015,-1.72 V,-1.718,2.19330,1.44440230e-01
large_C_reverse,Large C: reverse,15,15,75,1,Field_-0.0015,-1.72 V,-1.718,2.20330,1.31728312e-01
large_C_reverse,Large C: reverse,15,15,75,1,Field_-0.0015,-1.72 V,-1.718,2.21330,1.21219400e-01
large_C_reverse,Large C: reverse,15,15,75,1,Field_-0.0015,-1.72 V,-1.718,2.22330,1.12473659e-01
large_C_reverse,Large C: reverse,15,15,75,1,Field_-0.0015,-1.72 V,-1.718,2.23330,1.05155268e-01
large_C_reverse,Large C: reverse,15,15,75,1,Field_-0.0015,-1.72 V,-1.718,2.24330,9.90049113e-02
large_C_reverse,Large C: reverse,15,15,75,1,Field_-0.0015,-1.72 V,-1.718,2.25330,9.38194084e-02
large_C_reverse,Large C: reverse,15,15,75,1,Field_-0.0015,-1.72 V,-1.718,2.26330,8.94354892e-02
large_C_reverse,Large C: reverse,15,15,75,1,Field_-0.0015,-1.72 V,-1.718,2.27330,8.57130327e-02
large_C_reverse,Large C: reverse,15,15,75,1,Field_-0.0015,-1.72 V,-1.718,2.28330,8.24996643e-02
large_C_reverse,Large C: reverse,15,15,75,1,Field_-0.0015,-1.72 V,-1.718,2.29330,7.93882417e-02
large_C_reverse,Large C: reverse,15,15,75,1,Field_-0.0015,-1.72 V,-1.718,2.30330,8.24841359e-02
large_C_reverse,Large C: reverse,15,15,75,1,Field_-0.0015,-1.72 V,-1.718,2.31330,7.73952379e-02
large_C_reverse,Large C: reverse,15,15,75,1,Field_-0.0015,-1.72 V,-1.718,2.32330,7.57825364e-02
large_C_reverse,Large C: reverse,15,15,75,1,Field_-0.0015,-1.72 V,-1.718,2.33330,7.47021587e-02
large_C_reverse,Large C: reverse,15,15,75,1,Field_-0.0015,-1.72 V,-1.718,2.34330,7.39874669e-02
large_C_reverse,Large C: reverse,15,15,75,1,Field_-0.0015,-1.72 V,-1.718,2.35330,7.35820748e-02
large_C_reverse,Large C: reverse,15,15,75,1,Field_-0.0015,-1.72 V,-1.718,2.36330,7.34282680e-02
large_C_reverse,Large C: reverse,15,15,75,1,Field_-0.0015,-1.72 V,-1.718,2.37330,7.39745057e-02
large_C_reverse,Large C: reverse,15,15,75,1,Field_-0.0015,-1.72 V,-1.718,2.38330,7.42072073e-02
large_C_reverse,Large C: reverse,15,15,75,1,Field_-0.0015,-1.72 V,-1.718,2.39330,7.48920067e-02
large_C_reverse,Large C: reverse,15,15,75,1,Field_-0.0015,-1.72 V,-1.718,2.40330,7.58548261e-02
large_C_reverse,Large C: reverse,15,15,75,1,Field_-0.0015,-1.72 V,-1.718,2.41330,7.70864580e-02
large_C_reverse,Large C: reverse,15,15,75,1,Field_-0.0015,-1.72 V,-1.718,2.42330,7.85883752e-02
large_C_reverse,Large C: reverse,15,15,75,1,Field_-0.0015,-1.72 V,-1.718,2.43330,8.03657116e-02
large_C_reverse,Large C: reverse,15,15,75,1,Field_-0.0015,-1.72 V,-1.718,2.44330,8.24257063e-02
large_C_reverse,Large C: reverse,15,15,75,1,Field_-0.0015,-1.72 V,-1.718,2.45330,8.47769268e-02
large_C_reverse,Large C: reverse,15,15,75,1,Field_-0.0015,-1.72 V,-1.718,2.46330,8.74285880e-02
large_C_reverse,Large C: reverse,15,15,75,1,Field_-0.0015,-1.72 V,-1.718,2.47330,9.03897782e-02
large_C_reverse,Large C: reverse,15,15,75,1,Field_-0.0015,-1.72 V,-1.718,2.48330,9.36684942e-02
large_C_reverse,Large C: reverse,15,15,75,1,Field_-0.0015,-1.72 V,-1.718,2.49330,9.72704087e-02
large_C_reverse,Large C: reverse,15,15,75,1,Field_-0.0015,-1.72 V,-1.718,2.50330,1.01197302e-01
large_C_reverse,Large C: reverse,15,15,75,1,Field_-0.0015,-1.72 V,-1.718,2.51330,1.05445098e-01
large_C_reverse,Large C: reverse,15,15,75,1,Field_-0.0015,-1.72 V,-1.718,2.52330,1.10001459e-01
large_C_reverse,Large C: reverse,15,15,75,1,Field_-0.0015,-1.72 V,-1.718,2.53330,1.14842953e-01
large_C_reverse,Large C: reverse,15,15,75,1,Field_-0.0015,-1.72 V,-1.718,2.54330,1.19931858e-01
large_C_reverse,Large C: reverse,15,15,75,1,Field_-0.0015,-1.72 V,-1.718,2.55330,1.25212789e-01
large_C_reverse,Large C: reverse,15,15,75,1,Field_-0.0015,-1.72 V,-1.718,2.56330,1.30609510e-01
large_C_reverse,Large C: reverse,15,15,75,1,Field_-0.0015,-1.72 V,-1.718,2.57330,1.36022436e-01
large_C_reverse,Large C: reverse,15,15,75,1,Field_-0.0015,-1.72 V,-1.718,2.58330,1.41327589e-01
large_C_reverse,Large C: reverse,15,15,75,1,Field_-0.0015,-1.72 V,-1.718,2.59330,1.46377852e-01
large_C_reverse,Large C: reverse,15,15,75,1,Field_-0.0015,-1.72 V,-1.718,2.60330,1.51007398e-01
large_C_reverse,Large C: reverse,15,15,75,1,Field_-0.0015,-1.72 V,-1.718,2.61330,1.55039880e-01
large_C_reverse,Large C: reverse,15,15,75,1,Field_-0.0015,-1.72 V,-1.718,2.62330,1.58300396e-01
large_C_reverse,Large C: reverse,15,15,75,1,Field_-0.0015,-1.72 V,-1.718,2.63330,1.60630361e-01
large_C_reverse,Large C: reverse,15,15,75,1,Field_-0.0015,-1.72 V,-1.718,2.64330,1.61903397e-01
large_C_reverse,Large C: reverse,15,15,75,1,Field_-0.0015,-1.72 V,-1.718,2.65330,1.62039633e-01
large_C_reverse,Large C: reverse,15,15,75,1,Field_-0.0015,-1.72 V,-1.718,2.66330,1.61015588e-01
large_C_reverse,Large C: reverse,15,15,75,1,Field_-0.0015,-1.72 V,-1.718,2.67330,1.58867494e-01
large_C_reverse,Large C: reverse,15,15,75,1,Field_-0.0015,-1.72 V,-1.718,2.68330,1.55687252e-01
large_C_reverse,Large C: reverse,15,15,75,1,Field_-0.0015,-1.72 V,-1.718,2.69330,1.51611877e-01
large_C_reverse,Large C: reverse,15,15,75,1,Field_-0.0015,-1.72 V,-1.718,2.70330,1.46808662e-01
large_C_reverse,Large C: reverse,15,15,75,1,Field_-0.0015,-1.72 V,-1.718,2.71330,1.41458903e-01
large_C_reverse,Large C: reverse,15,15,75,1,Field_-0.0015,-1.72 V,-1.718,2.72330,1.35742865e-01
large_C_reverse,Large C: reverse,15,15,75,1,Field_-0.0015,-1.72 V,-1.718,2.73330,1.29827857e-01
large_C_reverse,Large C: reverse,15,15,75,1,Field_-0.0015,-1.72 V,-1.718,2.74330,1.23860258e-01
large_C_reverse,Large C: reverse,15,15,75,1,Field_-0.0015,-1.72 V,-1.718,2.75330,1.17961446e-01
large_C_reverse,Large C: reverse,15,15,75,1,Field_-0.0015,-1.72 V,-1.718,2.76330,1.12226947e-01
large_C_reverse,Large C: reverse,15,15,75,1,Field_-0.0015,-1.72 V,-1.718,2.77330,1.06727914e-01
large_C_reverse,Large C: reverse,15,15,75,1,Field_-0.0015,-1.72 V,-1.718,2.78330,1.01514000e-01
large_C_reverse,Large C: reverse,15,15,75,1,Field_-0.0015,-1.72 V,-1.718,2.79330,9.66168725e-02
large_C_reverse,Large C: reverse,15,15,75,1,Field_-0.0015,-1.72 V,-1.718,2.80330,9.20538314e-02
large_C_reverse,Large C: reverse,15,15,75,1,Field_-0.0015,-1.72 V,-1.718,2.81330,8.78311724e-02
large_C_reverse,Large C: reverse,15,15,75,1,Field_-0.0015,-1.72 V,-1.718,2.82330,8.39471287e-02
large_C_reverse,Large C: reverse,15,15,75,1,Field_-0.0015,-1.72 V,-1.718,2.83330,8.03943203e-02
large_C_reverse,Large C: reverse,15,15,75,1,Field_-0.0015,-1.72 V,-1.718,2.84330,7.71617218e-02
large_C_reverse,Large C: reverse,15,15,75,1,Field_-0.0015,-1.72 V,-1.718,2.85330,7.42361971e-02
large_C_reverse,Large C: reverse,15,15,75,1,Field_-0.0015,-1.72 V,-1.718,2.86330,7.16036684e-02
large_C_reverse,Large C: reverse,15,15,75,1,Field_-0.0015,-1.72 V,-1.718,2.87330,6.92499869e-02
large_C_reverse,Large C: reverse,15,15,75,1,Field_-0.0015,-1.72 V,-1.718,2.88330,6.71615724e-02
large_C_reverse,Large C: reverse,15,15,75,1,Field_-0.0015,-1.72 V,-1.718,2.89330,6.53258769e-02
large_C_reverse,Large C: reverse,15,15,75,1,Field_-0.0015,-1.72 V,-1.718,2.90330,6.37317220e-02
large_C_reverse,Large C: reverse,15,15,75,1,Field_-0.0015,-1.72 V,-1.718,2.91330,6.23695480e-02
large_C_reverse,Large C: reverse,15,15,75,1,Field_-0.0015,-1.72 V,-1.718,2.92330,6.12316081e-02
large_C_reverse,Large C: reverse,15,15,75,1,Field_-0.0015,-1.72 V,-1.718,2.93330,6.03121344e-02
large_C_reverse,Large C: reverse,15,15,75,1,Field_-0.0015,-1.72 V,-1.718,2.94330,5.96074966e-02
large_C_reverse,Large C: reverse,15,15,75,1,Field_-0.0015,-1.72 V,-1.718,2.95330,5.91163756e-02
large_C_reverse,Large C: reverse,15,15,75,1,Field_-0.0015,-1.72 V,-1.718,2.96330,5.88399684e-02
large_C_reverse,Large C: reverse,15,15,75,1,Field_-0.0015,-1.72 V,-1.718,2.97330,5.87822445e-02
large_C_reverse,Large C: reverse,15,15,75,1,Field_-0.0015,-1.72 V,-1.718,2.98330,5.89502740e-02
large_C_reverse,Large C: reverse,15,15,75,1,Field_-0.0015,-1.72 V,-1.718,2.99330,5.93546533e-02
large_C_reverse,Large C: reverse,15,15,75,1,Field_0.0000,0 V,0.0,-2.00605,1.41935735e-02
large_C_reverse,Large C: reverse,15,15,75,1,Field_0.0000,0 V,0.0,-1.99605,1.51557108e-02
large_C_reverse,Large C: reverse,15,15,75,1,Field_0.0000,0 V,0.0,-1.98605,1.63474102e-02
large_C_reverse,Large C: reverse,15,15,75,1,Field_0.0000,0 V,0.0,-1.97605,1.78297887e-02
large_C_reverse,Large C: reverse,15,15,75,1,Field_0.0000,0 V,0.0,-1.96605,1.96872756e-02
large_C_reverse,Large C: reverse,15,15,75,1,Field_0.0000,0 V,0.0,-1.95605,2.20385213e-02
large_C_reverse,Large C: reverse,15,15,75,1,Field_0.0000,0 V,0.0,-1.94605,2.50535778e-02
large_C_reverse,Large C: reverse,15,15,75,1,Field_0.0000,0 V,0.0,-1.93605,2.89814999e-02
large_C_reverse,Large C: reverse,15,15,75,1,Field_0.0000,0 V,0.0,-1.92605,3.41955008e-02
large_C_reverse,Large C: reverse,15,15,75,1,Field_0.0000,0 V,0.0,-1.91605,4.12676732e-02
large_C_reverse,Large C: reverse,15,15,75,1,Field_0.0000,0 V,0.0,-1.90605,5.10917553e-02
large_C_reverse,Large C: reverse,15,15,75,1,Field_0.0000,0 V,0.0,-1.89605,6.50735460e-02
large_C_reverse,Large C: reverse,15,15,75,1,Field_0.0000,0 V,0.0,-1.88605,8.53645702e-02
large_C_reverse,Large C: reverse,15,15,75,1,Field_0.0000,0 V,0.0,-1.87605,1.14850455e-01
large_C_reverse,Large C: reverse,15,15,75,1,Field_0.0000,0 V,0.0,-1.86605,1.55558291e-01
large_C_reverse,Large C: reverse,15,15,75,1,Field_0.0000,0 V,0.0,-1.85605,2.01998947e-01
large_C_reverse,Large C: reverse,15,15,75,1,Field_0.0000,0 V,0.0,-1.84605,2.30976233e-01
large_C_reverse,Large C: reverse,15,15,75,1,Field_0.0000,0 V,0.0,-1.83605,2.17251722e-01
large_C_reverse,Large C: reverse,15,15,75,1,Field_0.0000,0 V,0.0,-1.82605,1.72801310e-01
large_C_reverse,Large C: reverse,15,15,75,1,Field_0.0000,0 V,0.0,-1.81605,1.27019815e-01
large_C_reverse,Large C: reverse,15,15,75,1,Field_0.0000,0 V,0.0,-1.80605,9.23855437e-02
large_C_reverse,Large C: reverse,15,15,75,1,Field_0.0000,0 V,0.0,-1.79605,6.86076072e-02
large_C_reverse,Large C: reverse,15,15,75,1,Field_0.0000,0 V,0.0,-1.78605,5.25468306e-02
large_C_reverse,Large C: reverse,15,15,75,1,Field_0.0000,0 V,0.0,-1.77605,4.15602906e-02
large_C_reverse,Large C: reverse,15,15,75,1,Field_0.0000,0 V,0.0,-1.76605,3.38872380e-02
large_C_reverse,Large C: reverse,15,15,75,1,Field_0.0000,0 V,0.0,-1.75605,2.84184035e-02
large_C_reverse,Large C: reverse,15,15,75,1,Field_0.0000,0 V,0.0,-1.74605,2.44579070e-02
large_C_reverse,Large C: reverse,15,15,75,1,Field_0.0000,0 V,0.0,-1.73605,2.15638613e-02
large_C_reverse,Large C: reverse,15,15,75,1,Field_0.0000,0 V,0.0,-1.72605,1.94516164e-02
large_C_reverse,Large C: reverse,15,15,75,1,Field_0.0000,0 V,0.0,-1.71605,1.79363873e-02
large_C_reverse,Large C: reverse,15,15,75,1,Field_0.0000,0 V,0.0,-1.70605,1.68993201e-02
large_C_reverse,Large C: reverse,15,15,75,1,Field_0.0000,0 V,0.0,-1.69605,1.62675274e-02
large_C_reverse,Large C: reverse,15,15,75,1,Field_0.0000,0 V,0.0,-1.68605,1.60027213e-02
large_C_reverse,Large C: reverse,15,15,75,1,Field_0.0000,0 V,0.0,-1.67605,1.60954493e-02
large_C_reverse,Large C: reverse,15,15,75,1,Field_0.0000,0 V,0.0,-1.66605,1.65632384e-02
large_C_reverse,Large C: reverse,15,15,75,1,Field_0.0000,0 V,0.0,-1.65605,1.74514661e-02
large_C_reverse,Large C: reverse,15,15,75,1,Field_0.0000,0 V,0.0,-1.64605,1.88353391e-02
large_C_reverse,Large C: reverse,15,15,75,1,Field_0.0000,0 V,0.0,-1.63605,2.08190488e-02
large_C_reverse,Large C: reverse,15,15,75,1,Field_0.0000,0 V,0.0,-1.62605,2.35217571e-02
large_C_reverse,Large C: reverse,15,15,75,1,Field_0.0000,0 V,0.0,-1.61605,2.70261038e-02
large_C_reverse,Large C: reverse,15,15,75,1,Field_0.0000,0 V,0.0,-1.60605,3.12455951e-02
large_C_reverse,Large C: reverse,15,15,75,1,Field_0.0000,0 V,0.0,-1.59605,3.56819775e-02
large_C_reverse,Large C: reverse,15,15,75,1,Field_0.0000,0 V,0.0,-1.58605,3.92184495e-02
large_C_reverse,Large C: reverse,15,15,75,1,Field_0.0000,0 V,0.0,-1.57605,4.04525779e-02
large_C_reverse,Large C: reverse,15,15,75,1,Field_0.0000,0 V,0.0,-1.56605,3.88379570e-02
large_C_reverse,Large C: reverse,15,15,75,1,Field_0.0000,0 V,0.0,-1.55605,3.54704823e-02
large_C_reverse,Large C: reverse,15,15,75,1,Field_0.0000,0 V,0.0,-1.54605,3.24075955e-02
large_C_reverse,Large C: reverse,15,15,75,1,Field_0.0000,0 V,0.0,-1.53605,3.18589311e-02
large_C_reverse,Large C: reverse,15,15,75,1,Field_0.0000,0 V,0.0,-1.52605,3.70390269e-02
large_C_reverse,Large C: reverse,15,15,75,1,Field_0.0000,0 V,0.0,-1.51605,5.63580216e-02
large_C_reverse,Large C: reverse,15,15,75,1,Field_0.0000,0 V,0.0,-1.50605,1.21053877e-01
large_C_reverse,Large C: reverse,15,15,75,1,Field_0.0000,0 V,0.0,-1.49605,3.74844121e-01
large_C_reverse,Large C: reverse,15,15,75,1,Field_0.0000,0 V,0.0,-1.48605,8.15511045e-01
large_C_reverse,Large C: reverse,15,15,75,1,Field_0.0000,0 V,0.0,-1.47605,4.35035117e-01
large_C_reverse,Large C: reverse,15,15,75,1,Field_0.0000,0 V,0.0,-1.46605,2.50123940e-01
large_C_reverse,Large C: reverse,15,15,75,1,Field_0.0000,0 V,0.0,-1.45605,2.18876944e-01
large_C_reverse,Large C: reverse,15,15,75,1,Field_0.0000,0 V,0.0,-1.44605,3.27115911e-01
large_C_reverse,Large C: reverse,15,15,75,1,Field_0.0000,0 V,0.0,-1.43605,6.03153077e-01
large_C_reverse,Large C: reverse,15,15,75,1,Field_0.0000,0 V,0.0,-1.42605,9.58653894e-02
large_C_reverse,Large C: reverse,15,15,75,1,Field_0.0000,0 V,0.0,-1.41605,2.04926696e-02
large_C_reverse,Large C: reverse,15,15,75,1,Field_0.0000,0 V,0.0,-1.40605,8.02140646e-03
large_C_reverse,Large C: reverse,15,15,75,1,Field_0.0000,0 V,0.0,-1.39605,4.88806839e-03
large_C_reverse,Large C: reverse,15,15,75,1,Field_0.0000,0 V,0.0,-1.38605,4.06629982e-03
large_C_reverse,Large C: reverse,15,15,75,1,Field_0.0000,0 V,0.0,-1.37605,4.15132994e-03
large_C_reverse,Large C: reverse,15,15,75,1,Field_0.0000,0 V,0.0,-1.36605,4.91496657e-03
large_C_reverse,Large C: reverse,15,15,75,1,Field_0.0000,0 V,0.0,-1.35605,6.67985667e-03
large_C_reverse,Large C: reverse,15,15,75,1,Field_0.0000,0 V,0.0,-1.34605,1.07124525e-02
large_C_reverse,Large C: reverse,15,15,75,1,Field_0.0000,0 V,0.0,-1.33605,2.12991222e-02
large_C_reverse,Large C: reverse,15,15,75,1,Field_0.0000,0 V,0.0,-1.32605,4.31889395e-02
large_C_reverse,Large C: reverse,15,15,75,1,Field_0.0000,0 V,0.0,-1.31605,2.83286217e-02
large_C_reverse,Large C: reverse,15,15,75,1,Field_0.0000,0 V,0.0,-1.30605,1.02504216e-02
large_C_reverse,Large C: reverse,15,15,75,1,Field_0.0000,0 V,0.0,-1.29605,4.44792692e-03
large_C_reverse,Large C: reverse,15,15,75,1,Field_0.0000,0 V,0.0,-1.28605,2.31203180e-03
large_C_reverse,Large C: reverse,15,15,75,1,Field_0.0000,0 V,0.0,-1.27605,1.35808481e-03
large_C_reverse,Large C: reverse,15,15,75,1,Field_0.0000,0 V,0.0,-1.26605,8.68099905e-04
large_C_reverse,Large C: reverse,15,15,75,1,Field_0.0000,0 V,0.0,-1.25605,5.90051305e-04
large_C_reverse,Large C: reverse,15,15,75,1,Field_0.0000,0 V,0.0,-1.24605,4.20219845e-04
large_C_reverse,Large C: reverse,15,15,75,1,Field_0.0000,0 V,0.0,-1.23605,3.10473243e-04
large_C_reverse,Large C: reverse,15,15,75,1,Field_0.0000,0 V,0.0,-1.22605,2.36325161e-04
large_C_reverse,Large C: reverse,15,15,75,1,Field_0.0000,0 V,0.0,-1.21605,1.84387683e-04
large_C_reverse,Large C: reverse,15,15,75,1,Field_0.0000,0 V,0.0,-1.20605,1.46904638e-04
large_C_reverse,Large C: reverse,15,15,75,1,Field_0.0000,0 V,0.0,-1.19605,1.19163994e-04
large_C_reverse,Large C: reverse,15,15,75,1,Field_0.0000,0 V,0.0,-1.18605,9.81872638e-05
large_C_reverse,Large C: reverse,15,15,75,1,Field_0.0000,0 V,0.0,-1.17605,8.20273330e-05
large_C_reverse,Large C: reverse,15,15,75,1,Field_0.0000,0 V,0.0,-1.16605,6.93739991e-05
large_C_reverse,Large C: reverse,15,15,75,1,Field_0.0000,0 V,0.0,-1.15605,5.93232107e-05
large_C_reverse,Large C: reverse,15,15,75,1,Field_0.0000,0 V,0.0,-1.14605,5.12372634e-05
large_C_reverse,Large C: reverse,15,15,75,1,Field_0.0000,0 V,0.0,-1.13605,4.46574691e-05
large_C_reverse,Large C: reverse,15,15,75,1,Field_0.0000,0 V,0.0,-1.12605,3.92481120e-05
large_C_reverse,Large C: reverse,15,15,75,1,Field_0.0000,0 V,0.0,-1.11605,3.47596135e-05
large_C_reverse,Large C: reverse,15,15,75,1,Field_0.0000,0 V,0.0,-1.10605,3.10037953e-05
large_C_reverse,Large C: reverse,15,15,75,1,Field_0.0000,0 V,0.0,-1.09605,2.78369463e-05
large_C_reverse,Large C: reverse,15,15,75,1,Field_0.0000,0 V,0.0,-1.08605,2.51480258e-05
large_C_reverse,Large C: reverse,15,15,75,1,Field_0.0000,0 V,0.0,-1.07605,2.28503137e-05
large_C_reverse,Large C: reverse,15,15,75,1,Field_0.0000,0 V,0.0,-1.06605,2.08754153e-05
large_C_reverse,Large C: reverse,15,15,75,1,Field_0.0000,0 V,0.0,-1.05605,1.91688971e-05
large_C_reverse,Large C: reverse,15,15,75,1,Field_0.0000,0 V,0.0,-1.04605,1.76870723e-05
large_C_reverse,Large C: reverse,15,15,75,1,Field_0.0000,0 V,0.0,-1.03605,1.63946054e-05
large_C_reverse,Large C: reverse,15,15,75,1,Field_0.0000,0 V,0.0,-1.02605,1.52627083e-05
large_C_reverse,Large C: reverse,15,15,75,1,Field_0.0000,0 V,0.0,-1.01605,1.42677687e-05
large_C_reverse,Large C: reverse,15,15,75,1,Field_0.0000,0 V,0.0,-1.00605,1.33902977e-05
large_C_reverse,Large C: reverse,15,15,75,1,Field_0.0000,0 V,0.0,-0.99605,1.26162067e-05
large_C_reverse,Large C: reverse,15,15,75,1,Field_0.0000,0 V,0.0,-0.98605,1.19326798e-05
large_C_reverse,Large C: reverse,15,15,75,1,Field_0.0000,0 V,0.0,-0.97605,1.13266262e-05
large_C_reverse,Large C: reverse,15,15,75,1,Field_0.0000,0 V,0.0,-0.96605,1.07871015e-05
large_C_reverse,Large C: reverse,15,15,75,1,Field_0.0000,0 V,0.0,-0.95605,1.03049038e-05
large_C_reverse,Large C: reverse,15,15,75,1,Field_0.0000,0 V,0.0,-0.94605,9.87225525e-06
large_C_reverse,Large C: reverse,15,15,75,1,Field_0.0000,0 V,0.0,-0.93605,9.48254883e-06
large_C_reverse,Large C: reverse,15,15,75,1,Field_0.0000,0 V,0.0,-0.92605,9.13014576e-06
large_C_reverse,Large C: reverse,15,15,75,1,Field_0.0000,0 V,0.0,-0.91605,8.81021261e-06
large_C_reverse,Large C: reverse,15,15,75,1,Field_0.0000,0 V,0.0,-0.90605,8.51858963e-06
large_C_reverse,Large C: reverse,15,15,75,1,Field_0.0000,0 V,0.0,-0.89605,8.25168392e-06
large_C_reverse,Large C: reverse,15,15,75,1,Field_0.0000,0 V,0.0,-0.88605,8.00638251e-06
large_C_reverse,Large C: reverse,15,15,75,1,Field_0.0000,0 V,0.0,-0.87605,7.77998173e-06
large_C_reverse,Large C: reverse,15,15,75,1,Field_0.0000,0 V,0.0,-0.86605,7.57013003e-06
large_C_reverse,Large C: reverse,15,15,75,1,Field_0.0000,0 V,0.0,-0.85605,7.37478204e-06
large_C_reverse,Large C: reverse,15,15,75,1,Field_0.0000,0 V,0.0,-0.84605,7.19216240e-06
large_C_reverse,Large C: reverse,15,15,75,1,Field_0.0000,0 V,0.0,-0.83605,7.02073839e-06
large_C_reverse,Large C: reverse,15,15,75,1,Field_0.0000,0 V,0.0,-0.82605,6.85920043e-06
large_C_reverse,Large C: reverse,15,15,75,1,Field_0.0000,0 V,0.0,-0.81605,6.70645045e-06
large_C_reverse,Large C: reverse,15,15,75,1,Field_0.0000,0 V,0.0,-0.80605,6.56159789e-06
large_C_reverse,Large C: reverse,15,15,75,1,Field_0.0000,0 V,0.0,-0.79605,6.42396366e-06
large_C_reverse,Large C: reverse,15,15,75,1,Field_0.0000,0 V,0.0,-0.78605,6.29309248e-06
large_C_reverse,Large C: reverse,15,15,75,1,Field_0.0000,0 V,0.0,-0.77605,6.16877421e-06
large_C_reverse,Large C: reverse,15,15,75,1,Field_0.0000,0 V,0.0,-0.76605,6.05107459e-06
large_C_reverse,Large C: reverse,15,15,75,1,Field_0.0000,0 V,0.0,-0.75605,5.94037580e-06
large_C_reverse,Large C: reverse,15,15,75,1,Field_0.0000,0 V,0.0,-0.74605,5.83742650e-06
large_C_reverse,Large C: reverse,15,15,75,1,Field_0.0000,0 V,0.0,-0.73605,5.74339997e-06
large_C_reverse,Large C: reverse,15,15,75,1,Field_0.0000,0 V,0.0,-0.72605,5.65995767e-06
large_C_reverse,Large C: reverse,15,15,75,1,Field_0.0000,0 V,0.0,-0.71605,5.58931254e-06
large_C_reverse,Large C: reverse,15,15,75,1,Field_0.0000,0 V,0.0,-0.70605,5.53428383e-06
large_C_reverse,Large C: reverse,15,15,75,1,Field_0.0000,0 V,0.0,-0.69605,5.49833093e-06
large_C_reverse,Large C: reverse,15,15,75,1,Field_0.0000,0 V,0.0,-0.68605,5.48555002e-06
large_C_reverse,Large C: reverse,15,15,75,1,Field_0.0000,0 V,0.0,-0.67605,5.50061412e-06
large_C_reverse,Large C: reverse,15,15,75,1,Field_0.0000,0 V,0.0,-0.66605,5.54863691e-06
large_C_reverse,Large C: reverse,15,15,75,1,Field_0.0000,0 V,0.0,-0.65605,5.63494479e-06
large_C_reverse,Large C: reverse,15,15,75,1,Field_0.0000,0 V,0.0,-0.64605,5.76475262e-06
large_C_reverse,Large C: reverse,15,15,75,1,Field_0.0000,0 V,0.0,-0.63605,5.94275684e-06
large_C_reverse,Large C: reverse,15,15,75,1,Field_0.0000,0 V,0.0,-0.62605,6.17268324e-06
large_C_reverse,Large C: reverse,15,15,75,1,Field_0.0000,0 V,0.0,-0.61605,6.45685042e-06
large_C_reverse,Large C: reverse,15,15,75,1,Field_0.0000,0 V,0.0,-0.60605,6.79582480e-06
large_C_reverse,Large C: reverse,15,15,75,1,Field_0.0000,0 V,0.0,-0.59605,7.18824133e-06
large_C_reverse,Large C: reverse,15,15,75,1,Field_0.0000,0 V,0.0,-0.58605,7.63083995e-06
large_C_reverse,Large C: reverse,15,15,75,1,Field_0.0000,0 V,0.0,-0.57605,8.11872702e-06
large_C_reverse,Large C: reverse,15,15,75,1,Field_0.0000,0 V,0.0,-0.56605,8.64582282e-06
large_C_reverse,Large C: reverse,15,15,75,1,Field_0.0000,0 V,0.0,-0.55605,9.20541845e-06
large_C_reverse,Large C: reverse,15,15,75,1,Field_0.0000,0 V,0.0,-0.54605,9.79074921e-06
large_C_reverse,Large C: reverse,15,15,75,1,Field_0.0000,0 V,0.0,-0.53605,1.03954994e-05
large_C_reverse,Large C: reverse,15,15,75,1,Field_0.0000,0 V,0.0,-0.52605,1.10141812e-05
large_C_reverse,Large C: reverse,15,15,75,1,Field_0.0000,0 V,0.0,-0.51605,1.16423645e-05
large_C_reverse,Large C: reverse,15,15,75,1,Field_0.0000,0 V,0.0,-0.50605,1.22767647e-05
large_C_reverse,Large C: reverse,15,15,75,1,Field_0.0000,0 V,0.0,-0.49605,1.29152167e-05
large_C_reverse,Large C: reverse,15,15,75,1,Field_0.0000,0 V,0.0,-0.48605,1.35565705e-05
large_C_reverse,Large C: reverse,15,15,75,1,Field_0.0000,0 V,0.0,-0.47605,1.42005441e-05
large_C_reverse,Large C: reverse,15,15,75,1,Field_0.0000,0 V,0.0,-0.46605,1.48475616e-05
large_C_reverse,Large C: reverse,15,15,75,1,Field_0.0000,0 V,0.0,-0.45605,1.54985970e-05
large_C_reverse,Large C: reverse,15,15,75,1,Field_0.0000,0 V,0.0,-0.44605,1.61550344e-05
large_C_reverse,Large C: reverse,15,15,75,1,Field_0.0000,0 V,0.0,-0.43605,1.68185516e-05
large_C_reverse,Large C: reverse,15,15,75,1,Field_0.0000,0 V,0.0,-0.42605,1.74910265e-05
large_C_reverse,Large C: reverse,15,15,75,1,Field_0.0000,0 V,0.0,-0.41605,1.81744652e-05
large_C_reverse,Large C: reverse,15,15,75,1,Field_0.0000,0 V,0.0,-0.40605,1.88709482e-05
large_C_reverse,Large C: reverse,15,15,75,1,Field_0.0000,0 V,0.0,-0.39605,1.95825929e-05
large_C_reverse,Large C: reverse,15,15,75,1,Field_0.0000,0 V,0.0,-0.38605,2.03115257e-05
large_C_reverse,Large C: reverse,15,15,75,1,Field_0.0000,0 V,0.0,-0.37605,2.10598645e-05
large_C_reverse,Large C: reverse,15,15,75,1,Field_0.0000,0 V,0.0,-0.36605,2.18297060e-05
large_C_reverse,Large C: reverse,15,15,75,1,Field_0.0000,0 V,0.0,-0.35605,2.26231176e-05
large_C_reverse,Large C: reverse,15,15,75,1,Field_0.0000,0 V,0.0,-0.34605,2.34421310e-05
large_C_reverse,Large C: reverse,15,15,75,1,Field_0.0000,0 V,0.0,-0.33605,2.42887377e-05
large_C_reverse,Large C: reverse,15,15,75,1,Field_0.0000,0 V,0.0,-0.32605,2.51648830e-05
large_C_reverse,Large C: reverse,15,15,75,1,Field_0.0000,0 V,0.0,-0.31605,2.60724606e-05
large_C_reverse,Large C: reverse,15,15,75,1,Field_0.0000,0 V,0.0,-0.30605,2.70133043e-05
large_C_reverse,Large C: reverse,15,15,75,1,Field_0.0000,0 V,0.0,-0.29605,2.79891780e-05
large_C_reverse,Large C: reverse,15,15,75,1,Field_0.0000,0 V,0.0,-0.28605,2.90017625e-05
large_C_reverse,Large C: reverse,15,15,75,1,Field_0.0000,0 V,0.0,-0.27605,3.00526401e-05
large_C_reverse,Large C: reverse,15,15,75,1,Field_0.0000,0 V,0.0,-0.26605,3.11432738e-05
large_C_reverse,Large C: reverse,15,15,75,1,Field_0.0000,0 V,0.0,-0.25605,3.22749848e-05
large_C_reverse,Large C: reverse,15,15,75,1,Field_0.0000,0 V,0.0,-0.24605,3.34489244e-05
large_C_reverse,Large C: reverse,15,15,75,1,Field_0.0000,0 V,0.0,-0.23605,3.46660433e-05
large_C_reverse,Large C: reverse,15,15,75,1,Field_0.0000,0 V,0.0,-0.22605,3.59270561e-05
large_C_reverse,Large C: reverse,15,15,75,1,Field_0.0000,0 V,0.0,-0.21605,3.72324036e-05
large_C_reverse,Large C: reverse,15,15,75,1,Field_0.0000,0 V,0.0,-0.20605,3.85822124e-05
large_C_reverse,Large C: reverse,15,15,75,1,Field_0.0000,0 V,0.0,-0.19605,3.99762530e-05
large_C_reverse,Large C: reverse,15,15,75,1,Field_0.0000,0 V,0.0,-0.18605,4.14138977e-05
large_C_reverse,Large C: reverse,15,15,75,1,Field_0.0000,0 V,0.0,-0.17605,4.28940804e-05
large_C_reverse,Large C: reverse,15,15,75,1,Field_0.0000,0 V,0.0,-0.16605,4.44152595e-05
large_C_reverse,Large C: reverse,15,15,75,1,Field_0.0000,0 V,0.0,-0.15605,4.59753870e-05
large_C_reverse,Large C: reverse,15,15,75,1,Field_0.0000,0 V,0.0,-0.14605,4.75718848e-05
large_C_reverse,Large C: reverse,15,15,75,1,Field_0.0000,0 V,0.0,-0.13605,4.92016316e-05
large_C_reverse,Large C: reverse,15,15,75,1,Field_0.0000,0 V,0.0,-0.12605,5.08609627e-05
large_C_reverse,Large C: reverse,15,15,75,1,Field_0.0000,0 V,0.0,-0.11605,5.25456833e-05
large_C_reverse,Large C: reverse,15,15,75,1,Field_0.0000,0 V,0.0,-0.10605,5.42510985e-05
large_C_reverse,Large C: reverse,15,15,75,1,Field_0.0000,0 V,0.0,-0.09605,5.59720599e-05
large_C_reverse,Large C: reverse,15,15,75,1,Field_0.0000,0 V,0.0,-0.08605,5.77030287e-05
large_C_reverse,Large C: reverse,15,15,75,1,Field_0.0000,0 V,0.0,-0.07605,5.94381552e-05
large_C_reverse,Large C: reverse,15,15,75,1,Field_0.0000,0 V,0.0,-0.06605,6.11713720e-05
large_C_reverse,Large C: reverse,15,15,75,1,Field_0.0000,0 V,0.0,-0.05605,6.28964985e-05
large_C_reverse,Large C: reverse,15,15,75,1,Field_0.0000,0 V,0.0,-0.04605,6.46073534e-05
large_C_reverse,Large C: reverse,15,15,75,1,Field_0.0000,0 V,0.0,-0.03605,6.62978699e-05
large_C_reverse,Large C: reverse,15,15,75,1,Field_0.0000,0 V,0.0,-0.02605,6.79622093e-05
large_C_reverse,Large C: reverse,15,15,75,1,Field_0.0000,0 V,0.0,-0.01605,6.95948688e-05
large_C_reverse,Large C: reverse,15,15,75,1,Field_0.0000,0 V,0.0,-0.00605,7.11907774e-05
large_C_reverse,Large C: reverse,15,15,75,1,Field_0.0000,0 V,0.0,0.00395,7.27770868e-05
large_C_reverse,Large C: reverse,15,15,75,1,Field_0.0000,0 V,0.0,0.01395,7.43815828e-05
large_C_reverse,Large C: reverse,15,15,75,1,Field_0.0000,0 V,0.0,0.02395,7.60004907e-05
large_C_reverse,Large C: reverse,15,15,75,1,Field_0.0000,0 V,0.0,0.03395,7.76300494e-05
large_C_reverse,Large C: reverse,15,15,75,1,Field_0.0000,0 V,0.0,0.04395,7.92665793e-05
large_C_reverse,Large C: reverse,15,15,75,1,Field_0.0000,0 V,0.0,0.05395,8.09065476e-05
large_C_reverse,Large C: reverse,15,15,75,1,Field_0.0000,0 V,0.0,0.06395,8.25466299e-05
large_C_reverse,Large C: reverse,15,15,75,1,Field_0.0000,0 V,0.0,0.07395,8.41837641e-05
large_C_reverse,Large C: reverse,15,15,75,1,Field_0.0000,0 V,0.0,0.08395,8.58151965e-05
large_C_reverse,Large C: reverse,15,15,75,1,Field_0.0000,0 V,0.0,0.09395,8.74385173e-05
large_C_reverse,Large C: reverse,15,15,75,1,Field_0.0000,0 V,0.0,0.10395,8.90516844e-05
large_C_reverse,Large C: reverse,15,15,75,1,Field_0.0000,0 V,0.0,0.11395,9.06530368e-05
large_C_reverse,Large C: reverse,15,15,75,1,Field_0.0000,0 V,0.0,0.12395,9.22412951e-05
large_C_reverse,Large C: reverse,15,15,75,1,Field_0.0000,0 V,0.0,0.13395,9.38155524e-05
large_C_reverse,Large C: reverse,15,15,75,1,Field_0.0000,0 V,0.0,0.14395,9.53752554e-05
large_C_reverse,Large C: reverse,15,15,75,1,Field_0.0000,0 V,0.0,0.15395,9.69201778e-05
large_C_reverse,Large C: reverse,15,15,75,1,Field_0.0000,0 V,0.0,0.16395,9.84503882e-05
large_C_reverse,Large C: reverse,15,15,75,1,Field_0.0000,0 V,0.0,0.17395,9.99662142e-05
large_C_reverse,Large C: reverse,15,15,75,1,Field_0.0000,0 V,0.0,0.18395,1.01468205e-04
large_C_reverse,Large C: reverse,15,15,75,1,Field_0.0000,0 V,0.0,0.19395,1.02957095e-04
large_C_reverse,Large C: reverse,15,15,75,1,Field_0.0000,0 V,0.0,0.20395,1.04433769e-04
large_C_reverse,Large C: reverse,15,15,75,1,Field_0.0000,0 V,0.0,0.21395,1.05899233e-04
large_C_reverse,Large C: reverse,15,15,75,1,Field_0.0000,0 V,0.0,0.22395,1.07354587e-04
large_C_reverse,Large C: reverse,15,15,75,1,Field_0.0000,0 V,0.0,0.23395,1.08801011e-04
large_C_reverse,Large C: reverse,15,15,75,1,Field_0.0000,0 V,0.0,0.24395,1.10239744e-04
large_C_reverse,Large C: reverse,15,15,75,1,Field_0.0000,0 V,0.0,0.25395,1.11672087e-04
large_C_reverse,Large C: reverse,15,15,75,1,Field_0.0000,0 V,0.0,0.26395,1.13099397e-04
large_C_reverse,Large C: reverse,15,15,75,1,Field_0.0000,0 V,0.0,0.27395,1.14523094e-04
large_C_reverse,Large C: reverse,15,15,75,1,Field_0.0000,0 V,0.0,0.28395,1.15944672e-04
large_C_reverse,Large C: reverse,15,15,75,1,Field_0.0000,0 V,0.0,0.29395,1.17365714e-04
large_C_reverse,Large C: reverse,15,15,75,1,Field_0.0000,0 V,0.0,0.30395,1.18787904e-04
large_C_reverse,Large C: reverse,15,15,75,1,Field_0.0000,0 V,0.0,0.31395,1.20213046e-04
large_C_reverse,Large C: reverse,15,15,75,1,Field_0.0000,0 V,0.0,0.32395,1.21643082e-04
large_C_reverse,Large C: reverse,15,15,75,1,Field_0.0000,0 V,0.0,0.33395,1.23080105e-04
large_C_reverse,Large C: reverse,15,15,75,1,Field_0.0000,0 V,0.0,0.34395,1.24526371e-04
large_C_reverse,Large C: reverse,15,15,75,1,Field_0.0000,0 V,0.0,0.35395,1.25984311e-04
large_C_reverse,Large C: reverse,15,15,75,1,Field_0.0000,0 V,0.0,0.36395,1.27456533e-04
large_C_reverse,Large C: reverse,15,15,75,1,Field_0.0000,0 V,0.0,0.37395,1.28945825e-04
large_C_reverse,Large C: reverse,15,15,75,1,Field_0.0000,0 V,0.0,0.38395,1.30455151e-04
large_C_reverse,Large C: reverse,15,15,75,1,Field_0.0000,0 V,0.0,0.39395,1.31987642e-04
large_C_reverse,Large C: reverse,15,15,75,1,Field_0.0000,0 V,0.0,0.40395,1.33546585e-04
large_C_reverse,Large C: reverse,15,15,75,1,Field_0.0000,0 V,0.0,0.41395,1.35135407e-04
large_C_reverse,Large C: reverse,15,15,75,1,Field_0.0000,0 V,0.0,0.42395,1.36757660e-04
large_C_reverse,Large C: reverse,15,15,75,1,Field_0.0000,0 V,0.0,0.43395,1.38417001e-04
large_C_reverse,Large C: reverse,15,15,75,1,Field_0.0000,0 V,0.0,0.44395,1.40117174e-04
large_C_reverse,Large C: reverse,15,15,75,1,Field_0.0000,0 V,0.0,0.45395,1.41861992e-04
large_C_reverse,Large C: reverse,15,15,75,1,Field_0.0000,0 V,0.0,0.46395,1.43655325e-04
large_C_reverse,Large C: reverse,15,15,75,1,Field_0.0000,0 V,0.0,0.47395,1.45501091e-04
large_C_reverse,Large C: reverse,15,15,75,1,Field_0.0000,0 V,0.0,0.48395,1.47403252e-04
large_C_reverse,Large C: reverse,15,15,75,1,Field_0.0000,0 V,0.0,0.49395,1.49365822e-04
large_C_reverse,Large C: reverse,15,15,75,1,Field_0.0000,0 V,0.0,0.50395,1.51392891e-04
large_C_reverse,Large C: reverse,15,15,75,1,Field_0.0000,0 V,0.0,0.51395,1.53488650e-04
large_C_reverse,Large C: reverse,15,15,75,1,Field_0.0000,0 V,0.0,0.52395,1.55657455e-04
large_C_reverse,Large C: reverse,15,15,75,1,Field_0.0000,0 V,0.0,0.53395,1.57903892e-04
large_C_reverse,Large C: reverse,15,15,75,1,Field_0.0000,0 V,0.0,0.54395,1.60232890e-04
large_C_reverse,Large C: reverse,15,15,75,1,Field_0.0000,0 V,0.0,0.55395,1.62649857e-04
large_C_reverse,Large C: reverse,15,15,75,1,Field_0.0000,0 V,0.0,0.56395,1.65160858e-04
large_C_reverse,Large C: reverse,15,15,75,1,Field_0.0000,0 V,0.0,0.57395,1.67772850e-04
large_C_reverse,Large C: reverse,15,15,75,1,Field_0.0000,0 V,0.0,0.58395,1.70493971e-04
large_C_reverse,Large C: reverse,15,15,75,1,Field_0.0000,0 V,0.0,0.59395,1.73333908e-04
large_C_reverse,Large C: reverse,15,15,75,1,Field_0.0000,0 V,0.0,0.60395,1.76304343e-04
large_C_reverse,Large C: reverse,15,15,75,1,Field_0.0000,0 V,0.0,0.61395,1.79419512e-04
large_C_reverse,Large C: reverse,15,15,75,1,Field_0.0000,0 V,0.0,0.62395,1.82696871e-04
large_C_reverse,Large C: reverse,15,15,75,1,Field_0.0000,0 V,0.0,0.63395,1.86157910e-04
large_C_reverse,Large C: reverse,15,15,75,1,Field_0.0000,0 V,0.0,0.64395,1.89829115e-04
large_C_reverse,Large C: reverse,15,15,75,1,Field_0.0000,0 V,0.0,0.65395,1.93743108e-04
large_C_reverse,Large C: reverse,15,15,75,1,Field_0.0000,0 V,0.0,0.66395,1.97939974e-04
large_C_reverse,Large C: reverse,15,15,75,1,Field_0.0000,0 V,0.0,0.67395,2.02468794e-04
large_C_reverse,Large C: reverse,15,15,75,1,Field_0.0000,0 V,0.0,0.68395,2.07389379e-04
large_C_reverse,Large C: reverse,15,15,75,1,Field_0.0000,0 V,0.0,0.69395,2.12774197e-04
large_C_reverse,Large C: reverse,15,15,75,1,Field_0.0000,0 V,0.0,0.70395,2.18710488e-04
large_C_reverse,Large C: reverse,15,15,75,1,Field_0.0000,0 V,0.0,0.71395,2.25302486e-04
large_C_reverse,Large C: reverse,15,15,75,1,Field_0.0000,0 V,0.0,0.72395,2.32673717e-04
large_C_reverse,Large C: reverse,15,15,75,1,Field_0.0000,0 V,0.0,0.73395,2.40969242e-04
large_C_reverse,Large C: reverse,15,15,75,1,Field_0.0000,0 V,0.0,0.74395,2.50357729e-04
large_C_reverse,Large C: reverse,15,15,75,1,Field_0.0000,0 V,0.0,0.75395,2.61033181e-04
large_C_reverse,Large C: reverse,15,15,75,1,Field_0.0000,0 V,0.0,0.76395,2.73216144e-04
large_C_reverse,Large C: reverse,15,15,75,1,Field_0.0000,0 V,0.0,0.77395,2.87154197e-04
large_C_reverse,Large C: reverse,15,15,75,1,Field_0.0000,0 V,0.0,0.78395,3.03121556e-04
large_C_reverse,Large C: reverse,15,15,75,1,Field_0.0000,0 V,0.0,0.79395,3.21417649e-04
large_C_reverse,Large C: reverse,15,15,75,1,Field_0.0000,0 V,0.0,0.80395,3.42364630e-04
large_C_reverse,Large C: reverse,15,15,75,1,Field_0.0000,0 V,0.0,0.81395,3.66303877e-04
large_C_reverse,Large C: reverse,15,15,75,1,Field_0.0000,0 V,0.0,0.82395,3.93591710e-04
large_C_reverse,Large C: reverse,15,15,75,1,Field_0.0000,0 V,0.0,0.83395,4.24594655e-04
large_C_reverse,Large C: reverse,15,15,75,1,Field_0.0000,0 V,0.0,0.84395,4.59684771e-04
large_C_reverse,Large C: reverse,15,15,75,1,Field_0.0000,0 V,0.0,0.85395,4.99235616e-04
large_C_reverse,Large C: reverse,15,15,75,1,Field_0.0000,0 V,0.0,0.86395,5.43619469e-04
large_C_reverse,Large C: reverse,15,15,75,1,Field_0.0000,0 V,0.0,0.87395,5.93206369e-04
large_C_reverse,Large C: reverse,15,15,75,1,Field_0.0000,0 V,0.0,0.88395,6.48365402e-04
large_C_reverse,Large C: reverse,15,15,75,1,Field_0.0000,0 V,0.0,0.89395,7.09468483e-04
large_C_reverse,Large C: reverse,15,15,75,1,Field_0.0000,0 V,0.0,0.90395,7.76896639e-04
large_C_reverse,Large C: reverse,15,15,75,1,Field_0.0000,0 V,0.0,0.91395,8.51048613e-04
large_C_reverse,Large C: reverse,15,15,75,1,Field_0.0000,0 V,0.0,0.92395,9.32351442e-04
large_C_reverse,Large C: reverse,15,15,75,1,Field_0.0000,0 V,0.0,0.93395,1.02127255e-03
large_C_reverse,Large C: reverse,15,15,75,1,Field_0.0000,0 V,0.0,0.94395,1.11833289e-03
large_C_reverse,Large C: reverse,15,15,75,1,Field_0.0000,0 V,0.0,0.95395,1.22412078e-03
large_C_reverse,Large C: reverse,15,15,75,1,Field_0.0000,0 V,0.0,0.96395,1.33930605e-03
large_C_reverse,Large C: reverse,15,15,75,1,Field_0.0000,0 V,0.0,0.97395,1.46465445e-03
large_C_reverse,Large C: reverse,15,15,75,1,Field_0.0000,0 V,0.0,0.98395,1.60104229e-03
large_C_reverse,Large C: reverse,15,15,75,1,Field_0.0000,0 V,0.0,0.99395,1.74947155e-03
large_C_reverse,Large C: reverse,15,15,75,1,Field_0.0000,0 V,0.0,1.00395,1.91295682e-03
large_C_reverse,Large C: reverse,15,15,75,1,Field_0.0000,0 V,0.0,1.01395,2.09541409e-03
large_C_reverse,Large C: reverse,15,15,75,1,Field_0.0000,0 V,0.0,1.02395,2.29962479e-03
large_C_reverse,Large C: reverse,15,15,75,1,Field_0.0000,0 V,0.0,1.03395,2.52887470e-03
large_C_reverse,Large C: reverse,15,15,75,1,Field_0.0000,0 V,0.0,1.04395,2.78706360e-03
large_C_reverse,Large C: reverse,15,15,75,1,Field_0.0000,0 V,0.0,1.05395,3.07884285e-03
large_C_reverse,Large C: reverse,15,15,75,1,Field_0.0000,0 V,0.0,1.06395,3.40978939e-03
large_C_reverse,Large C: reverse,15,15,75,1,Field_0.0000,0 V,0.0,1.07395,3.78662690e-03
large_C_reverse,Large C: reverse,15,15,75,1,Field_0.0000,0 V,0.0,1.08395,4.21750940e-03
large_C_reverse,Large C: reverse,15,15,75,1,Field_0.0000,0 V,0.0,1.09395,4.71238747e-03
large_C_reverse,Large C: reverse,15,15,75,1,Field_0.0000,0 V,0.0,1.10395,5.28348516e-03
large_C_reverse,Large C: reverse,15,15,75,1,Field_0.0000,0 V,0.0,1.11395,5.94592663e-03
large_C_reverse,Large C: reverse,15,15,75,1,Field_0.0000,0 V,0.0,1.12395,6.71856710e-03
large_C_reverse,Large C: reverse,15,15,75,1,Field_0.0000,0 V,0.0,1.13395,7.62510579e-03
large_C_reverse,Large C: reverse,15,15,75,1,Field_0.0000,0 V,0.0,1.14395,8.69559255e-03
large_C_reverse,Large C: reverse,15,15,75,1,Field_0.0000,0 V,0.0,1.15395,9.96849036e-03
large_C_reverse,Large C: reverse,15,15,75,1,Field_0.0000,0 V,0.0,1.16395,1.14935331e-02
large_C_reverse,Large C: reverse,15,15,75,1,Field_0.0000,0 V,0.0,1.17395,1.33357361e-02
large_C_reverse,Large C: reverse,15,15,75,1,Field_0.0000,0 V,0.0,1.18395,1.55810993e-02
large_C_reverse,Large C: reverse,15,15,75,1,Field_0.0000,0 V,0.0,1.19395,1.83448358e-02
large_C_reverse,Large C: reverse,15,15,75,1,Field_0.0000,0 V,0.0,1.20395,2.17834128e-02
large_C_reverse,Large C: reverse,15,15,75,1,Field_0.0000,0 V,0.0,1.21395,2.61124375e-02
large_C_reverse,Large C: reverse,15,15,75,1,Field_0.0000,0 V,0.0,1.22395,3.16335999e-02
large_C_reverse,Large C: reverse,15,15,75,1,Field_0.0000,0 V,0.0,1.23395,3.87757690e-02
large_C_reverse,Large C: reverse,15,15,75,1,Field_0.0000,0 V,0.0,1.24395,4.81582003e-02
large_C_reverse,Large C: reverse,15,15,75,1,Field_0.0000,0 V,0.0,1.25395,6.06877072e-02
large_C_reverse,Large C: reverse,15,15,75,1,Field_0.0000,0 V,0.0,1.26395,7.77051380e-02
large_C_reverse,Large C: reverse,15,15,75,1,Field_0.0000,0 V,0.0,1.27395,1.01192189e-01
large_C_reverse,Large C: reverse,15,15,75,1,Field_0.0000,0 V,0.0,1.28395,1.34009258e-01
large_C_reverse,Large C: reverse,15,15,75,1,Field_0.0000,0 V,0.0,1.29395,1.79967560e-01
large_C_reverse,Large C: reverse,15,15,75,1,Field_0.0000,0 V,0.0,1.30395,2.43013130e-01
large_C_reverse,Large C: reverse,15,15,75,1,Field_0.0000,0 V,0.0,1.31395,3.23677443e-01
large_C_reverse,Large C: reverse,15,15,75,1,Field_0.0000,0 V,0.0,1.32395,4.10769615e-01
large_C_reverse,Large C: reverse,15,15,75,1,Field_0.0000,0 V,0.0,1.33395,4.74638345e-01
large_C_reverse,Large C: reverse,15,15,75,1,Field_0.0000,0 V,0.0,1.34395,4.83933167e-01
large_C_reverse,Large C: reverse,15,15,75,1,Field_0.0000,0 V,0.0,1.35395,4.39461948e-01
large_C_reverse,Large C: reverse,15,15,75,1,Field_0.0000,0 V,0.0,1.36395,3.70437259e-01
large_C_reverse,Large C: reverse,15,15,75,1,Field_0.0000,0 V,0.0,1.37395,3.02422343e-01
large_C_reverse,Large C: reverse,15,15,75,1,Field_0.0000,0 V,0.0,1.38395,2.45820932e-01
large_C_reverse,Large C: reverse,15,15,75,1,Field_0.0000,0 V,0.0,1.39395,2.01710955e-01
large_C_reverse,Large C: reverse,15,15,75,1,Field_0.0000,0 V,0.0,1.40395,1.68007877e-01
large_C_reverse,Large C: reverse,15,15,75,1,Field_0.0000,0 V,0.0,1.41395,1.42231032e-01
large_C_reverse,Large C: reverse,15,15,75,1,Field_0.0000,0 V,0.0,1.42395,1.22318872e-01
large_C_reverse,Large C: reverse,15,15,75,1,Field_0.0000,0 V,0.0,1.43395,1.06729917e-01
large_C_reverse,Large C: reverse,15,15,75,1,Field_0.0000,0 V,0.0,1.44395,9.43517874e-02
large_C_reverse,Large C: reverse,15,15,75,1,Field_0.0000,0 V,0.0,1.45395,8.43881999e-02
large_C_reverse,Large C: reverse,15,15,75,1,Field_0.0000,0 V,0.0,1.46395,7.62668151e-02
large_C_reverse,Large C: reverse,15,15,75,1,Field_0.0000,0 V,0.0,1.47395,6.95723072e-02
large_C_reverse,Large C: reverse,15,15,75,1,Field_0.0000,0 V,0.0,1.48395,6.39996879e-02
large_C_reverse,Large C: reverse,15,15,75,1,Field_0.0000,0 V,0.0,1.49395,5.93221481e-02
large_C_reverse,Large C: reverse,15,15,75,1,Field_0.0000,0 V,0.0,1.50395,5.53688865e-02
large_C_reverse,Large C: reverse,15,15,75,1,Field_0.0000,0 V,0.0,1.51395,5.20097183e-02
large_C_reverse,Large C: reverse,15,15,75,1,Field_0.0000,0 V,0.0,1.52395,4.91442883e-02
large_C_reverse,Large C: reverse,15,15,75,1,Field_0.0000,0 V,0.0,1.53395,4.66944279e-02
large_C_reverse,Large C: reverse,15,15,75,1,Field_0.0000,0 V,0.0,1.54395,4.45986822e-02
large_C_reverse,Large C: reverse,15,15,75,1,Field_0.0000,0 V,0.0,1.55395,4.28083480e-02
large_C_reverse,Large C: reverse,15,15,75,1,Field_0.0000,0 V,0.0,1.56395,4.12845784e-02
large_C_reverse,Large C: reverse,15,15,75,1,Field_0.0000,0 V,0.0,1.57395,3.99962480e-02
large_C_reverse,Large C: reverse,15,15,75,1,Field_0.0000,0 V,0.0,1.58395,3.89183652e-02
large_C_reverse,Large C: reverse,15,15,75,1,Field_0.0000,0 V,0.0,1.59395,3.80308855e-02
large_C_reverse,Large C: reverse,15,15,75,1,Field_0.0000,0 V,0.0,1.60395,3.73178185e-02
large_C_reverse,Large C: reverse,15,15,75,1,Field_0.0000,0 V,0.0,1.61395,3.67665567e-02
large_C_reverse,Large C: reverse,15,15,75,1,Field_0.0000,0 V,0.0,1.62395,3.63673693e-02
large_C_reverse,Large C: reverse,15,15,75,1,Field_0.0000,0 V,0.0,1.63395,3.61130259e-02
large_C_reverse,Large C: reverse,15,15,75,1,Field_0.0000,0 V,0.0,1.64395,3.59985197e-02
large_C_reverse,Large C: reverse,15,15,75,1,Field_0.0000,0 V,0.0,1.65395,3.60208717e-02
large_C_reverse,Large C: reverse,15,15,75,1,Field_0.0000,0 V,0.0,1.66395,3.61790014e-02
large_C_reverse,Large C: reverse,15,15,75,1,Field_0.0000,0 V,0.0,1.67395,3.64736544e-02
large_C_reverse,Large C: reverse,15,15,75,1,Field_0.0000,0 V,0.0,1.68395,3.69073798e-02
large_C_reverse,Large C: reverse,15,15,75,1,Field_0.0000,0 V,0.0,1.69395,3.74845544e-02
large_C_reverse,Large C: reverse,15,15,75,1,Field_0.0000,0 V,0.0,1.70395,3.82114513e-02
large_C_reverse,Large C: reverse,15,15,75,1,Field_0.0000,0 V,0.0,1.71395,3.90963524e-02
large_C_reverse,Large C: reverse,15,15,75,1,Field_0.0000,0 V,0.0,1.72395,4.01497078e-02
large_C_reverse,Large C: reverse,15,15,75,1,Field_0.0000,0 V,0.0,1.73395,4.13843431e-02
large_C_reverse,Large C: reverse,15,15,75,1,Field_0.0000,0 V,0.0,1.74395,4.28157195e-02
large_C_reverse,Large C: reverse,15,15,75,1,Field_0.0000,0 V,0.0,1.75395,4.44622527e-02
large_C_reverse,Large C: reverse,15,15,75,1,Field_0.0000,0 V,0.0,1.76395,4.63456946e-02
large_C_reverse,Large C: reverse,15,15,75,1,Field_0.0000,0 V,0.0,1.77395,4.84915874e-02
large_C_reverse,Large C: reverse,15,15,75,1,Field_0.0000,0 V,0.0,1.78395,5.09297996e-02
large_C_reverse,Large C: reverse,15,15,75,1,Field_0.0000,0 V,0.0,1.79395,5.36951646e-02
large_C_reverse,Large C: reverse,15,15,75,1,Field_0.0000,0 V,0.0,1.80395,5.68283060e-02
large_C_reverse,Large C: reverse,15,15,75,1,Field_0.0000,0 V,0.0,1.81395,6.03773525e-02
large_C_reverse,Large C: reverse,15,15,75,1,Field_0.0000,0 V,0.0,1.82395,6.42264144e-02
large_C_reverse,Large C: reverse,15,15,75,1,Field_0.0000,0 V,0.0,1.83395,6.89220183e-02
large_C_reverse,Large C: reverse,15,15,75,1,Field_0.0000,0 V,0.0,1.84395,7.40688895e-02
large_C_reverse,Large C: reverse,15,15,75,1,Field_0.0000,0 V,0.0,1.85395,7.98943931e-02
large_C_reverse,Large C: reverse,15,15,75,1,Field_0.0000,0 V,0.0,1.86395,8.64966059e-02
large_C_reverse,Large C: reverse,15,15,75,1,Field_0.0000,0 V,0.0,1.87395,9.40500036e-02
large_C_reverse,Large C: reverse,15,15,75,1,Field_0.0000,0 V,0.0,1.88395,1.02413983e-01
large_C_reverse,Large C: reverse,15,15,75,1,Field_0.0000,0 V,0.0,1.89395,1.11951190e-01
large_C_reverse,Large C: reverse,15,15,75,1,Field_0.0000,0 V,0.0,1.90395,1.22706305e-01
large_C_reverse,Large C: reverse,15,15,75,1,Field_0.0000,0 V,0.0,1.91395,1.34790946e-01
large_C_reverse,Large C: reverse,15,15,75,1,Field_0.0000,0 V,0.0,1.92395,1.48303848e-01
large_C_reverse,Large C: reverse,15,15,75,1,Field_0.0000,0 V,0.0,1.93395,1.63313831e-01
large_C_reverse,Large C: reverse,15,15,75,1,Field_0.0000,0 V,0.0,1.94395,1.79839135e-01
large_C_reverse,Large C: reverse,15,15,75,1,Field_0.0000,0 V,0.0,1.95395,1.97822187e-01
large_C_reverse,Large C: reverse,15,15,75,1,Field_0.0000,0 V,0.0,1.96395,2.17101755e-01
large_C_reverse,Large C: reverse,15,15,75,1,Field_0.0000,0 V,0.0,1.97395,2.37387099e-01
large_C_reverse,Large C: reverse,15,15,75,1,Field_0.0000,0 V,0.0,1.98395,2.58241661e-01
large_C_reverse,Large C: reverse,15,15,75,1,Field_0.0000,0 V,0.0,1.99395,2.79086026e-01
large_C_reverse,Large C: reverse,15,15,75,1,Field_0.0000,0 V,0.0,2.00395,2.99270124e-01
large_C_reverse,Large C: reverse,15,15,75,1,Field_0.0000,0 V,0.0,2.01395,3.18116348e-01
large_C_reverse,Large C: reverse,15,15,75,1,Field_0.0000,0 V,0.0,2.02395,3.34953833e-01
large_C_reverse,Large C: reverse,15,15,75,1,Field_0.0000,0 V,0.0,2.03395,3.49241720e-01
large_C_reverse,Large C: reverse,15,15,75,1,Field_0.0000,0 V,0.0,2.04395,3.60647909e-01
large_C_reverse,Large C: reverse,15,15,75,1,Field_0.0000,0 V,0.0,2.05395,3.69092772e-01
large_C_reverse,Large C: reverse,15,15,75,1,Field_0.0000,0 V,0.0,2.06395,3.74747714e-01
large_C_reverse,Large C: reverse,15,15,75,1,Field_0.0000,0 V,0.0,2.07395,3.77993313e-01
large_C_reverse,Large C: reverse,15,15,75,1,Field_0.0000,0 V,0.0,2.08395,3.79353080e-01
large_C_reverse,Large C: reverse,15,15,75,1,Field_0.0000,0 V,0.0,2.09395,3.79422411e-01
large_C_reverse,Large C: reverse,15,15,75,1,Field_0.0000,0 V,0.0,2.10395,3.78808409e-01
large_C_reverse,Large C: reverse,15,15,75,1,Field_0.0000,0 V,0.0,2.11395,3.78088733e-01
large_C_reverse,Large C: reverse,15,15,75,1,Field_0.0000,0 V,0.0,2.12395,3.77790693e-01
large_C_reverse,Large C: reverse,15,15,75,1,Field_0.0000,0 V,0.0,2.13395,3.78387346e-01
large_C_reverse,Large C: reverse,15,15,75,1,Field_0.0000,0 V,0.0,2.14395,3.80305774e-01
large_C_reverse,Large C: reverse,15,15,75,1,Field_0.0000,0 V,0.0,2.15395,3.83943014e-01
large_C_reverse,Large C: reverse,15,15,75,1,Field_0.0000,0 V,0.0,2.16395,3.89686273e-01
large_C_reverse,Large C: reverse,15,15,75,1,Field_0.0000,0 V,0.0,2.17395,3.97935385e-01
large_C_reverse,Large C: reverse,15,15,75,1,Field_0.0000,0 V,0.0,2.18395,4.09126415e-01
large_C_reverse,Large C: reverse,15,15,75,1,Field_0.0000,0 V,0.0,2.19395,4.23755806e-01
large_C_reverse,Large C: reverse,15,15,75,1,Field_0.0000,0 V,0.0,2.20395,4.42404208e-01
large_C_reverse,Large C: reverse,15,15,75,1,Field_0.0000,0 V,0.0,2.21395,4.65757774e-01
large_C_reverse,Large C: reverse,15,15,75,1,Field_0.0000,0 V,0.0,2.22395,4.94621474e-01
large_C_reverse,Large C: reverse,15,15,75,1,Field_0.0000,0 V,0.0,2.23395,5.29912337e-01
large_C_reverse,Large C: reverse,15,15,75,1,Field_0.0000,0 V,0.0,2.24395,5.72607686e-01
large_C_reverse,Large C: reverse,15,15,75,1,Field_0.0000,0 V,0.0,2.25395,6.23600557e-01
large_C_reverse,Large C: reverse,15,15,75,1,Field_0.0000,0 V,0.0,2.26395,6.83378305e-01
large_C_reverse,Large C: reverse,15,15,75,1,Field_0.0000,0 V,0.0,2.27395,7.51397830e-01
large_C_reverse,Large C: reverse,15,15,75,1,Field_0.0000,0 V,0.0,2.28395,8.25026681e-01
large_C_reverse,Large C: reverse,15,15,75,1,Field_0.0000,0 V,0.0,2.29395,8.98090748e-01
large_C_reverse,Large C: reverse,15,15,75,1,Field_0.0000,0 V,0.0,2.30395,9.59661426e-01
large_C_reverse,Large C: reverse,15,15,75,1,Field_0.0000,0 V,0.0,2.31395,9.94760569e-01
large_C_reverse,Large C: reverse,15,15,75,1,Field_0.0000,0 V,0.0,2.32395,9.89004000e-01
large_C_reverse,Large C: reverse,15,15,75,1,Field_0.0000,0 V,0.0,2.33395,9.36395868e-01
large_C_reverse,Large C: reverse,15,15,75,1,Field_0.0000,0 V,0.0,2.34395,8.44341303e-01
large_C_reverse,Large C: reverse,15,15,75,1,Field_0.0000,0 V,0.0,2.35395,7.30270214e-01
large_C_reverse,Large C: reverse,15,15,75,1,Field_0.0000,0 V,0.0,2.36395,6.12709284e-01
large_C_reverse,Large C: reverse,15,15,75,1,Field_0.0000,0 V,0.0,2.37395,5.04560003e-01
large_C_reverse,Large C: reverse,15,15,75,1,Field_0.0000,0 V,0.0,2.38395,4.11796581e-01
large_C_reverse,Large C: reverse,15,15,75,1,Field_0.0000,0 V,0.0,2.39395,3.35420493e-01
large_C_reverse,Large C: reverse,15,15,75,1,Field_0.0000,0 V,0.0,2.40395,2.73853008e-01
large_C_reverse,Large C: reverse,15,15,75,1,Field_0.0000,0 V,0.0,2.41395,2.24497422e-01
large_C_reverse,Large C: reverse,15,15,75,1,Field_0.0000,0 V,0.0,2.42395,1.83565485e-01
large_C_reverse,Large C: reverse,15,15,75,1,Field_0.0000,0 V,0.0,2.43395,1.59698884e-01
large_C_reverse,Large C: reverse,15,15,75,1,Field_0.0000,0 V,0.0,2.44395,1.32480430e-01
large_C_reverse,Large C: reverse,15,15,75,1,Field_0.0000,0 V,0.0,2.45395,1.12050178e-01
large_C_reverse,Large C: reverse,15,15,75,1,Field_0.0000,0 V,0.0,2.46395,9.56727786e-02
large_C_reverse,Large C: reverse,15,15,75,1,Field_0.0000,0 V,0.0,2.47395,8.23498090e-02
large_C_reverse,Large C: reverse,15,15,75,1,Field_0.0000,0 V,0.0,2.48395,7.14138258e-02
large_C_reverse,Large C: reverse,15,15,75,1,Field_0.0000,0 V,0.0,2.49395,6.23910433e-02
large_C_reverse,Large C: reverse,15,15,75,1,Field_0.0000,0 V,0.0,2.50395,5.53738874e-02
large_C_reverse,Large C: reverse,15,15,75,1,Field_0.0000,0 V,0.0,2.51395,4.81524509e-02
large_C_reverse,Large C: reverse,15,15,75,1,Field_0.0000,0 V,0.0,2.52395,4.28651064e-02
large_C_reverse,Large C: reverse,15,15,75,1,Field_0.0000,0 V,0.0,2.53395,3.83094299e-02
large_C_reverse,Large C: reverse,15,15,75,1,Field_0.0000,0 V,0.0,2.54395,3.43990961e-02
large_C_reverse,Large C: reverse,15,15,75,1,Field_0.0000,0 V,0.0,2.55395,3.10302135e-02
large_C_reverse,Large C: reverse,15,15,75,1,Field_0.0000,0 V,0.0,2.56395,2.81147140e-02
large_C_reverse,Large C: reverse,15,15,75,1,Field_0.0000,0 V,0.0,2.57395,2.55802022e-02
large_C_reverse,Large C: reverse,15,15,75,1,Field_0.0000,0 V,0.0,2.58395,2.33673458e-02
large_C_reverse,Large C: reverse,15,15,75,1,Field_0.0000,0 V,0.0,2.59395,2.14273839e-02
large_C_reverse,Large C: reverse,15,15,75,1,Field_0.0000,0 V,0.0,2.60395,1.97200690e-02
large_C_reverse,Large C: reverse,15,15,75,1,Field_0.0000,0 V,0.0,2.61395,1.82120216e-02
large_C_reverse,Large C: reverse,15,15,75,1,Field_0.0000,0 V,0.0,2.62395,1.68754234e-02
large_C_reverse,Large C: reverse,15,15,75,1,Field_0.0000,0 V,0.0,2.63395,1.56869812e-02
large_C_reverse,Large C: reverse,15,15,75,1,Field_0.0000,0 V,0.0,2.64395,1.46271007e-02
large_C_reverse,Large C: reverse,15,15,75,1,Field_0.0000,0 V,0.0,2.65395,1.36792273e-02
large_C_reverse,Large C: reverse,15,15,75,1,Field_0.0000,0 V,0.0,2.66395,1.28293155e-02
large_C_reverse,Large C: reverse,15,15,75,1,Field_0.0000,0 V,0.0,2.67395,1.20654011e-02
large_C_reverse,Large C: reverse,15,15,75,1,Field_0.0000,0 V,0.0,2.68395,1.13772540e-02
large_C_reverse,Large C: reverse,15,15,75,1,Field_0.0000,0 V,0.0,2.69395,1.07560960e-02
large_C_reverse,Large C: reverse,15,15,75,1,Field_0.0000,0 V,0.0,2.70395,1.01943686e-02
large_C_reverse,Large C: reverse,15,15,75,1,Field_0.0000,0 V,0.0,2.71395,9.68554310e-03
large_C_reverse,Large C: reverse,15,15,75,1,Field_0.0000,0 V,0.0,2.72395,9.22396368e-03
large_C_reverse,Large C: reverse,15,15,75,1,Field_0.0000,0 V,0.0,2.73395,8.80471677e-03
large_C_reverse,Large C: reverse,15,15,75,1,Field_0.0000,0 V,0.0,2.74395,8.42352296e-03
large_C_reverse,Large C: reverse,15,15,75,1,Field_0.0000,0 V,0.0,2.75395,8.07664643e-03
large_C_reverse,Large C: reverse,15,15,75,1,Field_0.0000,0 V,0.0,2.76395,7.76081914e-03
large_C_reverse,Large C: reverse,15,15,75,1,Field_0.0000,0 V,0.0,2.77395,7.47317713e-03
large_C_reverse,Large C: reverse,15,15,75,1,Field_0.0000,0 V,0.0,2.78395,7.21120675e-03
large_C_reverse,Large C: reverse,15,15,75,1,Field_0.0000,0 V,0.0,2.79395,6.97269931e-03
large_C_reverse,Large C: reverse,15,15,75,1,Field_0.0000,0 V,0.0,2.80395,6.75571255e-03
large_C_reverse,Large C: reverse,15,15,75,1,Field_0.0000,0 V,0.0,2.81395,6.55853807e-03
large_C_reverse,Large C: reverse,15,15,75,1,Field_0.0000,0 V,0.0,2.82395,6.37967354e-03
large_C_reverse,Large C: reverse,15,15,75,1,Field_0.0000,0 V,0.0,2.83395,6.21779913e-03
large_C_reverse,Large C: reverse,15,15,75,1,Field_0.0000,0 V,0.0,2.84395,6.07175748e-03
large_C_reverse,Large C: reverse,15,15,75,1,Field_0.0000,0 V,0.0,2.85395,5.94053663e-03
large_C_reverse,Large C: reverse,15,15,75,1,Field_0.0000,0 V,0.0,2.86395,5.82325565e-03
large_C_reverse,Large C: reverse,15,15,75,1,Field_0.0000,0 V,0.0,2.87395,5.71915242e-03
large_C_reverse,Large C: reverse,15,15,75,1,Field_0.0000,0 V,0.0,2.88395,5.62757349e-03
large_C_reverse,Large C: reverse,15,15,75,1,Field_0.0000,0 V,0.0,2.89395,5.54796563e-03
large_C_reverse,Large C: reverse,15,15,75,1,Field_0.0000,0 V,0.0,2.90395,5.47986899e-03
large_C_reverse,Large C: reverse,15,15,75,1,Field_0.0000,0 V,0.0,2.91395,5.42291168e-03
large_C_reverse,Large C: reverse,15,15,75,1,Field_0.0000,0 V,0.0,2.92395,5.37680569e-03
large_C_reverse,Large C: reverse,15,15,75,1,Field_0.0000,0 V,0.0,2.93395,5.34134402e-03
large_C_reverse,Large C: reverse,15,15,75,1,Field_0.0000,0 V,0.0,2.94395,5.31639908e-03
large_C_reverse,Large C: reverse,15,15,75,1,Field_0.0000,0 V,0.0,2.95395,5.30192227e-03
large_C_reverse,Large C: reverse,15,15,75,1,Field_0.0000,0 V,0.0,2.96395,5.29794475e-03
large_C_reverse,Large C: reverse,15,15,75,1,Field_0.0000,0 V,0.0,2.97395,5.30457954e-03
large_C_reverse,Large C: reverse,15,15,75,1,Field_0.0000,0 V,0.0,2.98395,5.32202491e-03
large_C_reverse,Large C: reverse,15,15,75,1,Field_0.0000,0 V,0.0,2.99395,5.35056931e-03
large_C_reverse,Large C: reverse,15,15,75,1,Field_0.0015,+1.72 V,1.718,-2.00507,8.00280950e-02
large_C_reverse,Large C: reverse,15,15,75,1,Field_0.0015,+1.72 V,1.718,-1.99507,2.29278203e-01
large_C_reverse,Large C: reverse,15,15,75,1,Field_0.0015,+1.72 V,1.718,-1.98507,7.16545561e-02
large_C_reverse,Large C: reverse,15,15,75,1,Field_0.0015,+1.72 V,1.718,-1.97507,2.66947578e-02
large_C_reverse,Large C: reverse,15,15,75,1,Field_0.0015,+1.72 V,1.718,-1.96507,1.42973681e-02
large_C_reverse,Large C: reverse,15,15,75,1,Field_0.0015,+1.72 V,1.718,-1.95507,9.40097524e-03
large_C_reverse,Large C: reverse,15,15,75,1,Field_0.0015,+1.72 V,1.718,-1.94507,7.02703194e-03
large_C_reverse,Large C: reverse,15,15,75,1,Field_0.0015,+1.72 V,1.718,-1.93507,5.73744542e-03
large_C_reverse,Large C: reverse,15,15,75,1,Field_0.0015,+1.72 V,1.718,-1.92507,4.99990909e-03
large_C_reverse,Large C: reverse,15,15,75,1,Field_0.0015,+1.72 V,1.718,-1.91507,4.58325997e-03
large_C_reverse,Large C: reverse,15,15,75,1,Field_0.0015,+1.72 V,1.718,-1.90507,4.37791147e-03
large_C_reverse,Large C: reverse,15,15,75,1,Field_0.0015,+1.72 V,1.718,-1.89507,4.32411703e-03
large_C_reverse,Large C: reverse,15,15,75,1,Field_0.0015,+1.72 V,1.718,-1.88507,4.40994290e-03
large_C_reverse,Large C: reverse,15,15,75,1,Field_0.0015,+1.72 V,1.718,-1.87507,4.63333303e-03
large_C_reverse,Large C: reverse,15,15,75,1,Field_0.0015,+1.72 V,1.718,-1.86507,5.01509400e-03
large_C_reverse,Large C: reverse,15,15,75,1,Field_0.0015,+1.72 V,1.718,-1.85507,5.59041273e-03
large_C_reverse,Large C: reverse,15,15,75,1,Field_0.0015,+1.72 V,1.718,-1.84507,6.39207274e-03
large_C_reverse,Large C: reverse,15,15,75,1,Field_0.0015,+1.72 V,1.718,-1.83507,7.40915807e-03
large_C_reverse,Large C: reverse,15,15,75,1,Field_0.0015,+1.72 V,1.718,-1.82507,8.51680345e-03
large_C_reverse,Large C: reverse,15,15,75,1,Field_0.0015,+1.72 V,1.718,-1.81507,9.43340260e-03
large_C_reverse,Large C: reverse,15,15,75,1,Field_0.0015,+1.72 V,1.718,-1.80507,9.83546611e-03
large_C_reverse,Large C: reverse,15,15,75,1,Field_0.0015,+1.72 V,1.718,-1.79507,9.61289661e-03
large_C_reverse,Large C: reverse,15,15,75,1,Field_0.0015,+1.72 V,1.718,-1.78507,8.95224826e-03
large_C_reverse,Large C: reverse,15,15,75,1,Field_0.0015,+1.72 V,1.718,-1.77507,8.14303066e-03
large_C_reverse,Large C: reverse,15,15,75,1,Field_0.0015,+1.72 V,1.718,-1.76507,7.39273924e-03
large_C_reverse,Large C: reverse,15,15,75,1,Field_0.0015,+1.72 V,1.718,-1.75507,6.79710992e-03
large_C_reverse,Large C: reverse,15,15,75,1,Field_0.0015,+1.72 V,1.718,-1.74507,6.38487495e-03
large_C_reverse,Large C: reverse,15,15,75,1,Field_0.0015,+1.72 V,1.718,-1.73507,6.16099909e-03
large_C_reverse,Large C: reverse,15,15,75,1,Field_0.0015,+1.72 V,1.718,-1.72507,6.13287122e-03
large_C_reverse,Large C: reverse,15,15,75,1,Field_0.0015,+1.72 V,1.718,-1.71507,6.32767657e-03
large_C_reverse,Large C: reverse,15,15,75,1,Field_0.0015,+1.72 V,1.718,-1.70507,6.81323392e-03
large_C_reverse,Large C: reverse,15,15,75,1,Field_0.0015,+1.72 V,1.718,-1.69507,7.74117015e-03
large_C_reverse,Large C: reverse,15,15,75,1,Field_0.0015,+1.72 V,1.718,-1.68507,9.46242798e-03
large_C_reverse,Large C: reverse,15,15,75,1,Field_0.0015,+1.72 V,1.718,-1.67507,1.29038204e-02
large_C_reverse,Large C: reverse,15,15,75,1,Field_0.0015,+1.72 V,1.718,-1.66507,2.11746510e-02
large_C_reverse,Large C: reverse,15,15,75,1,Field_0.0015,+1.72 V,1.718,-1.65507,5.02484095e-02
large_C_reverse,Large C: reverse,15,15,75,1,Field_0.0015,+1.72 V,1.718,-1.64507,3.00585375e-01
large_C_reverse,Large C: reverse,15,15,75,1,Field_0.0015,+1.72 V,1.718,-1.63507,3.11657788e-01
large_C_reverse,Large C: reverse,15,15,75,1,Field_0.0015,+1.72 V,1.718,-1.62507,4.09637521e-02
large_C_reverse,Large C: reverse,15,15,75,1,Field_0.0015,+1.72 V,1.718,-1.61507,9.92652133e-03
large_C_reverse,Large C: reverse,15,15,75,1,Field_0.0015,+1.72 V,1.718,-1.60507,3.06249675e-03
large_C_reverse,Large C: reverse,15,15,75,1,Field_0.0015,+1.72 V,1.718,-1.59507,1.02912493e-03
large_C_reverse,Large C: reverse,15,15,75,1,Field_0.0015,+1.72 V,1.718,-1.58507,3.50613582e-04
large_C_reverse,Large C: reverse,15,15,75,1,Field_0.0015,+1.72 V,1.718,-1.57507,1.48366217e-04
large_C_reverse,Large C: reverse,15,15,75,1,Field_0.0015,+1.72 V,1.718,-1.56507,1.45507817e-04
large_C_reverse,Large C: reverse,15,15,75,1,Field_0.0015,+1.72 V,1.718,-1.55507,2.40774513e-04
large_C_reverse,Large C: reverse,15,15,75,1,Field_0.0015,+1.72 V,1.718,-1.54507,3.93527167e-04
large_C_reverse,Large C: reverse,15,15,75,1,Field_0.0015,+1.72 V,1.718,-1.53507,5.87423761e-04
large_C_reverse,Large C: reverse,15,15,75,1,Field_0.0015,+1.72 V,1.718,-1.52507,8.17771273e-04
large_C_reverse,Large C: reverse,15,15,75,1,Field_0.0015,+1.72 V,1.718,-1.51507,1.08726732e-03
large_C_reverse,Large C: reverse,15,15,75,1,Field_0.0015,+1.72 V,1.718,-1.50507,1.40535961e-03
large_C_reverse,Large C: reverse,15,15,75,1,Field_0.0015,+1.72 V,1.718,-1.49507,1.78965177e-03
large_C_reverse,Large C: reverse,15,15,75,1,Field_0.0015,+1.72 V,1.718,-1.48507,2.26903744e-03
large_C_reverse,Large C: reverse,15,15,75,1,Field_0.0015,+1.72 V,1.718,-1.47507,2.88898391e-03
large_C_reverse,Large C: reverse,15,15,75,1,Field_0.0015,+1.72 V,1.718,-1.46507,3.71969389e-03
large_C_reverse,Large C: reverse,15,15,75,1,Field_0.0015,+1.72 V,1.718,-1.45507,4.86649194e-03
large_C_reverse,Large C: reverse,15,15,75,1,Field_0.0015,+1.72 V,1.718,-1.44507,6.47333199e-03
large_C_reverse,Large C: reverse,15,15,75,1,Field_0.0015,+1.72 V,1.718,-1.43507,8.67711096e-03
large_C_reverse,Large C: reverse,15,15,75,1,Field_0.0015,+1.72 V,1.718,-1.42507,1.13856163e-02
large_C_reverse,Large C: reverse,15,15,75,1,Field_0.0015,+1.72 V,1.718,-1.41507,1.37662356e-02
large_C_reverse,Large C: reverse,15,15,75,1,Field_0.0015,+1.72 V,1.718,-1.40507,1.42267903e-02
large_C_reverse,Large C: reverse,15,15,75,1,Field_0.0015,+1.72 V,1.718,-1.39507,1.22719938e-02
large_C_reverse,Large C: reverse,15,15,75,1,Field_0.0015,+1.72 V,1.718,-1.38507,9.34749988e-03
large_C_reverse,Large C: reverse,15,15,75,1,Field_0.0015,+1.72 V,1.718,-1.37507,6.77857054e-03
large_C_reverse,Large C: reverse,15,15,75,1,Field_0.0015,+1.72 V,1.718,-1.36507,4.90558381e-03
large_C_reverse,Large C: reverse,15,15,75,1,Field_0.0015,+1.72 V,1.718,-1.35507,3.61448239e-03
large_C_reverse,Large C: reverse,15,15,75,1,Field_0.0015,+1.72 V,1.718,-1.34507,2.72736305e-03
large_C_reverse,Large C: reverse,15,15,75,1,Field_0.0015,+1.72 V,1.718,-1.33507,2.10751321e-03
large_C_reverse,Large C: reverse,15,15,75,1,Field_0.0015,+1.72 V,1.718,-1.32507,1.66425505e-03
large_C_reverse,Large C: reverse,15,15,75,1,Field_0.0015,+1.72 V,1.718,-1.31507,1.33952724e-03
large_C_reverse,Large C: reverse,15,15,75,1,Field_0.0015,+1.72 V,1.718,-1.30507,1.09606296e-03
large_C_reverse,Large C: reverse,15,15,75,1,Field_0.0015,+1.72 V,1.718,-1.29507,9.09539665e-04
large_C_reverse,Large C: reverse,15,15,75,1,Field_0.0015,+1.72 V,1.718,-1.28507,7.63730237e-04
large_C_reverse,Large C: reverse,15,15,75,1,Field_0.0015,+1.72 V,1.718,-1.27507,6.47558040e-04
large_C_reverse,Large C: reverse,15,15,75,1,Field_0.0015,+1.72 V,1.718,-1.26507,5.53328275e-04
large_C_reverse,Large C: reverse,15,15,75,1,Field_0.0015,+1.72 V,1.718,-1.25507,4.75775586e-04
large_C_reverse,Large C: reverse,15,15,75,1,Field_0.0015,+1.72 V,1.718,-1.24507,4.12017440e-04
large_C_reverse,Large C: reverse,15,15,75,1,Field_0.0015,+1.72 V,1.718,-1.23507,3.63338292e-04
large_C_reverse,Large C: reverse,15,15,75,1,Field_0.0015,+1.72 V,1.718,-1.22507,3.38596645e-04
large_C_reverse,Large C: reverse,15,15,75,1,Field_0.0015,+1.72 V,1.718,-1.21507,3.39384525e-04
large_C_reverse,Large C: reverse,15,15,75,1,Field_0.0015,+1.72 V,1.718,-1.20507,3.32987609e-04
large_C_reverse,Large C: reverse,15,15,75,1,Field_0.0015,+1.72 V,1.718,-1.19507,3.09346741e-04
large_C_reverse,Large C: reverse,15,15,75,1,Field_0.0015,+1.72 V,1.718,-1.18507,2.81926034e-04
large_C_reverse,Large C: reverse,15,15,75,1,Field_0.0015,+1.72 V,1.718,-1.17507,2.56900063e-04
large_C_reverse,Large C: reverse,15,15,75,1,Field_0.0015,+1.72 V,1.718,-1.16507,2.35280840e-04
large_C_reverse,Large C: reverse,15,15,75,1,Field_0.0015,+1.72 V,1.718,-1.15507,2.16757481e-04
large_C_reverse,Large C: reverse,15,15,75,1,Field_0.0015,+1.72 V,1.718,-1.14507,2.00828542e-04
large_C_reverse,Large C: reverse,15,15,75,1,Field_0.0015,+1.72 V,1.718,-1.13507,1.87046672e-04
large_C_reverse,Large C: reverse,15,15,75,1,Field_0.0015,+1.72 V,1.718,-1.12507,1.75051271e-04
large_C_reverse,Large C: reverse,15,15,75,1,Field_0.0015,+1.72 V,1.718,-1.11507,1.64557276e-04
large_C_reverse,Large C: reverse,15,15,75,1,Field_0.0015,+1.72 V,1.718,-1.10507,1.55338674e-04
large_C_reverse,Large C: reverse,15,15,75,1,Field_0.0015,+1.72 V,1.718,-1.09507,1.47214611e-04
large_C_reverse,Large C: reverse,15,15,75,1,Field_0.0015,+1.72 V,1.718,-1.08507,1.40038894e-04
large_C_reverse,Large C: reverse,15,15,75,1,Field_0.0015,+1.72 V,1.718,-1.07507,1.33692244e-04
large_C_reverse,Large C: reverse,15,15,75,1,Field_0.0015,+1.72 V,1.718,-1.06507,1.28076594e-04
large_C_reverse,Large C: reverse,15,15,75,1,Field_0.0015,+1.72 V,1.718,-1.05507,1.23110839e-04
large_C_reverse,Large C: reverse,15,15,75,1,Field_0.0015,+1.72 V,1.718,-1.04507,1.18727639e-04
large_C_reverse,Large C: reverse,15,15,75,1,Field_0.0015,+1.72 V,1.718,-1.03507,1.14870992e-04
large_C_reverse,Large C: reverse,15,15,75,1,Field_0.0015,+1.72 V,1.718,-1.02507,1.11494368e-04
large_C_reverse,Large C: reverse,15,15,75,1,Field_0.0015,+1.72 V,1.718,-1.01507,1.08559267e-04
large_C_reverse,Large C: reverse,15,15,75,1,Field_0.0015,+1.72 V,1.718,-1.00507,1.06034118e-04
large_C_reverse,Large C: reverse,15,15,75,1,Field_0.0015,+1.72 V,1.718,-0.99507,1.03875288e-04
large_C_reverse,Large C: reverse,15,15,75,1,Field_0.0015,+1.72 V,1.718,-0.98507,1.02049254e-04
large_C_reverse,Large C: reverse,15,15,75,1,Field_0.0015,+1.72 V,1.718,-0.97507,1.00546630e-04
large_C_reverse,Large C: reverse,15,15,75,1,Field_0.0015,+1.72 V,1.718,-0.96507,9.93611457e-05
large_C_reverse,Large C: reverse,15,15,75,1,Field_0.0015,+1.72 V,1.718,-0.95507,9.84896481e-05
large_C_reverse,Large C: reverse,15,15,75,1,Field_0.0015,+1.72 V,1.718,-0.94507,9.79321808e-05
large_C_reverse,Large C: reverse,15,15,75,1,Field_0.0015,+1.72 V,1.718,-0.93507,9.76921332e-05
large_C_reverse,Large C: reverse,15,15,75,1,Field_0.0015,+1.72 V,1.718,-0.92507,9.77764746e-05
large_C_reverse,Large C: reverse,15,15,75,1,Field_0.0015,+1.72 V,1.718,-0.91507,9.81960838e-05
large_C_reverse,Large C: reverse,15,15,75,1,Field_0.0015,+1.72 V,1.718,-0.90507,9.89661922e-05
large_C_reverse,Large C: reverse,15,15,75,1,Field_0.0015,+1.72 V,1.718,-0.89507,1.00106964e-04
large_C_reverse,Large C: reverse,15,15,75,1,Field_0.0015,+1.72 V,1.718,-0.88507,1.01644250e-04
large_C_reverse,Large C: reverse,15,15,75,1,Field_0.0015,+1.72 V,1.718,-0.87507,1.03610555e-04
large_C_reverse,Large C: reverse,15,15,75,1,Field_0.0015,+1.72 V,1.718,-0.86507,1.06046290e-04
large_C_reverse,Large C: reverse,15,15,75,1,Field_0.0015,+1.72 V,1.718,-0.85507,1.09001388e-04
large_C_reverse,Large C: reverse,15,15,75,1,Field_0.0015,+1.72 V,1.718,-0.84507,1.12537423e-04
large_C_reverse,Large C: reverse,15,15,75,1,Field_0.0015,+1.72 V,1.718,-0.83507,1.16730430e-04
large_C_reverse,Large C: reverse,15,15,75,1,Field_0.0015,+1.72 V,1.718,-0.82507,1.21674747e-04
large_C_reverse,Large C: reverse,15,15,75,1,Field_0.0015,+1.72 V,1.718,-0.81507,1.27488476e-04
large_C_reverse,Large C: reverse,15,15,75,1,Field_0.0015,+1.72 V,1.718,-0.80507,1.34321721e-04
large_C_reverse,Large C: reverse,15,15,75,1,Field_0.0015,+1.72 V,1.718,-0.79507,1.42370103e-04
large_C_reverse,Large C: reverse,15,15,75,1,Field_0.0015,+1.72 V,1.718,-0.78507,1.51899338e-04
large_C_reverse,Large C: reverse,15,15,75,1,Field_0.0015,+1.72 V,1.718,-0.77507,1.63294575e-04
large_C_reverse,Large C: reverse,15,15,75,1,Field_0.0015,+1.72 V,1.718,-0.76507,1.77165252e-04
large_C_reverse,Large C: reverse,15,15,75,1,Field_0.0015,+1.72 V,1.718,-0.75507,1.94558995e-04
large_C_reverse,Large C: reverse,15,15,75,1,Field_0.0015,+1.72 V,1.718,-0.74507,2.17297459e-04
large_C_reverse,Large C: reverse,15,15,75,1,Field_0.0015,+1.72 V,1.718,-0.73507,2.48116738e-04
large_C_reverse,Large C: reverse,15,15,75,1,Field_0.0015,+1.72 V,1.718,-0.72507,2.89893263e-04
large_C_reverse,Large C: reverse,15,15,75,1,Field_0.0015,+1.72 V,1.718,-0.71507,3.44736117e-04
large_C_reverse,Large C: reverse,15,15,75,1,Field_0.0015,+1.72 V,1.718,-0.70507,4.15433412e-04
large_C_reverse,Large C: reverse,15,15,75,1,Field_0.0015,+1.72 V,1.718,-0.69507,5.07782549e-04
large_C_reverse,Large C: reverse,15,15,75,1,Field_0.0015,+1.72 V,1.718,-0.68507,6.30731107e-04
large_C_reverse,Large C: reverse,15,15,75,1,Field_0.0015,+1.72 V,1.718,-0.67507,7.93146787e-04
large_C_reverse,Large C: reverse,15,15,75,1,Field_0.0015,+1.72 V,1.718,-0.66507,9.91755185e-04
large_C_reverse,Large C: reverse,15,15,75,1,Field_0.0015,+1.72 V,1.718,-0.65507,1.18112590e-03
large_C_reverse,Large C: reverse,15,15,75,1,Field_0.0015,+1.72 V,1.718,-0.64507,1.25270850e-03
large_C_reverse,Large C: reverse,15,15,75,1,Field_0.0015,+1.72 V,1.718,-0.63507,1.12679355e-03
large_C_reverse,Large C: reverse,15,15,75,1,Field_0.0015,+1.72 V,1.718,-0.62507,8.78686308e-04
large_C_reverse,Large C: reverse,15,15,75,1,Field_0.0015,+1.72 V,1.718,-0.61507,6.36651027e-04
large_C_reverse,Large C: reverse,15,15,75,1,Field_0.0015,+1.72 V,1.718,-0.60507,4.54432129e-04
large_C_reverse,Large C: reverse,15,15,75,1,Field_0.0015,+1.72 V,1.718,-0.59507,3.29447340e-04
large_C_reverse,Large C: reverse,15,15,75,1,Field_0.0015,+1.72 V,1.718,-0.58507,2.45377514e-04
large_C_reverse,Large C: reverse,15,15,75,1,Field_0.0015,+1.72 V,1.718,-0.57507,1.88191219e-04
large_C_reverse,Large C: reverse,15,15,75,1,Field_0.0015,+1.72 V,1.718,-0.56507,1.48391692e-04
large_C_reverse,Large C: reverse,15,15,75,1,Field_0.0015,+1.72 V,1.718,-0.55507,1.19952902e-04
large_C_reverse,Large C: reverse,15,15,75,1,Field_0.0015,+1.72 V,1.718,-0.54507,9.90886231e-05
large_C_reverse,Large C: reverse,15,15,75,1,Field_0.0015,+1.72 V,1.718,-0.53507,8.33944189e-05
large_C_reverse,Large C: reverse,15,15,75,1,Field_0.0015,+1.72 V,1.718,-0.52507,7.13148383e-05
large_C_reverse,Large C: reverse,15,15,75,1,Field_0.0015,+1.72 V,1.718,-0.51507,6.18221353e-05
large_C_reverse,Large C: reverse,15,15,75,1,Field_0.0015,+1.72 V,1.718,-0.50507,5.42224052e-05
large_C_reverse,Large C: reverse,15,15,75,1,Field_0.0015,+1.72 V,1.718,-0.49507,4.80371199e-05
large_C_reverse,Large C: reverse,15,15,75,1,Field_0.0015,+1.72 V,1.718,-0.48507,4.29294850e-05
large_C_reverse,Large C: reverse,15,15,75,1,Field_0.0015,+1.72 V,1.718,-0.47507,3.86578014e-05
large_C_reverse,Large C: reverse,15,15,75,1,Field_0.0015,+1.72 V,1.718,-0.46507,3.50453741e-05
large_C_reverse,Large C: reverse,15,15,75,1,Field_0.0015,+1.72 V,1.718,-0.45507,3.19607455e-05
large_C_reverse,Large C: reverse,15,15,75,1,Field_0.0015,+1.72 V,1.718,-0.44507,2.93044841e-05
large_C_reverse,Large C: reverse,15,15,75,1,Field_0.0015,+1.72 V,1.718,-0.43507,2.70002076e-05
large_C_reverse,Large C: reverse,15,15,75,1,Field_0.0015,+1.72 V,1.718,-0.42507,2.49883859e-05
large_C_reverse,Large C: reverse,15,15,75,1,Field_0.0015,+1.72 V,1.718,-0.41507,2.32219977e-05
large_C_reverse,Large C: reverse,15,15,75,1,Field_0.0015,+1.72 V,1.718,-0.40507,2.16634406e-05
large_C_reverse,Large C: reverse,15,15,75,1,Field_0.0015,+1.72 V,1.718,-0.39507,2.02823022e-05
large_C_reverse,Large C: reverse,15,15,75,1,Field_0.0015,+1.72 V,1.718,-0.38507,1.90537300e-05
large_C_reverse,Large C: reverse,15,15,75,1,Field_0.0015,+1.72 V,1.718,-0.37507,1.79572232e-05
large_C_reverse,Large C: reverse,15,15,75,1,Field_0.0015,+1.72 V,1.718,-0.36507,1.69757261e-05
large_C_reverse,Large C: reverse,15,15,75,1,Field_0.0015,+1.72 V,1.718,-0.35507,1.60949388e-05
large_C_reverse,Large C: reverse,15,15,75,1,Field_0.0015,+1.72 V,1.718,-0.34507,1.53027883e-05
large_C_reverse,Large C: reverse,15,15,75,1,Field_0.0015,+1.72 V,1.718,-0.33507,1.45890169e-05
large_C_reverse,Large C: reverse,15,15,75,1,Field_0.0015,+1.72 V,1.718,-0.32507,1.39448590e-05
large_C_reverse,Large C: reverse,15,15,75,1,Field_0.0015,+1.72 V,1.718,-0.31507,1.33627857e-05
large_C_reverse,Large C: reverse,15,15,75,1,Field_0.0015,+1.72 V,1.718,-0.30507,1.28362996e-05
large_C_reverse,Large C: reverse,15,15,75,1,Field_0.0015,+1.72 V,1.718,-0.29507,1.23597694e-05
large_C_reverse,Large C: reverse,15,15,75,1,Field_0.0015,+1.72 V,1.718,-0.28507,1.19282959e-05
large_C_reverse,Large C: reverse,15,15,75,1,Field_0.0015,+1.72 V,1.718,-0.27507,1.15376014e-05
large_C_reverse,Large C: reverse,15,15,75,1,Field_0.0015,+1.72 V,1.718,-0.26507,1.11839391e-05
large_C_reverse,Large C: reverse,15,15,75,1,Field_0.0015,+1.72 V,1.718,-0.25507,1.08640179e-05
large_C_reverse,Large C: reverse,15,15,75,1,Field_0.0015,+1.72 V,1.718,-0.24507,1.05749388e-05
large_C_reverse,Large C: reverse,15,15,75,1,Field_0.0015,+1.72 V,1.718,-0.23507,1.03141424e-05
large_C_reverse,Large C: reverse,15,15,75,1,Field_0.0015,+1.72 V,1.718,-0.22507,1.00793643e-05
large_C_reverse,Large C: reverse,15,15,75,1,Field_0.0015,+1.72 V,1.718,-0.21507,9.86859679e-06
large_C_reverse,Large C: reverse,15,15,75,1,Field_0.0015,+1.72 V,1.718,-0.20507,9.68005710e-06
large_C_reverse,Large C: reverse,15,15,75,1,Field_0.0015,+1.72 V,1.718,-0.19507,9.51215936e-06
large_C_reverse,Large C: reverse,15,15,75,1,Field_0.0015,+1.72 V,1.718,-0.18507,9.36349106e-06
large_C_reverse,Large C: reverse,15,15,75,1,Field_0.0015,+1.72 V,1.718,-0.17507,9.23279259e-06
large_C_reverse,Large C: reverse,15,15,75,1,Field_0.0015,+1.72 V,1.718,-0.16507,9.11893944e-06
large_C_reverse,Large C: reverse,15,15,75,1,Field_0.0015,+1.72 V,1.718,-0.15507,9.02092692e-06
large_C_reverse,Large C: reverse,15,15,75,1,Field_0.0015,+1.72 V,1.718,-0.14507,8.93785666e-06
large_C_reverse,Large C: reverse,15,15,75,1,Field_0.0015,+1.72 V,1.718,-0.13507,8.86892490e-06
large_C_reverse,Large C: reverse,15,15,75,1,Field_0.0015,+1.72 V,1.718,-0.12507,8.81341219e-06
large_C_reverse,Large C: reverse,15,15,75,1,Field_0.0015,+1.72 V,1.718,-0.11507,8.77067430e-06
large_C_reverse,Large C: reverse,15,15,75,1,Field_0.0015,+1.72 V,1.718,-0.10507,8.74013414e-06
large_C_reverse,Large C: reverse,15,15,75,1,Field_0.0015,+1.72 V,1.718,-0.09507,8.72127466e-06
large_C_reverse,Large C: reverse,15,15,75,1,Field_0.0015,+1.72 V,1.718,-0.08507,8.71363236e-06
large_C_reverse,Large C: reverse,15,15,75,1,Field_0.0015,+1.72 V,1.718,-0.07507,8.71679160e-06
large_C_reverse,Large C: reverse,15,15,75,1,Field_0.0015,+1.72 V,1.718,-0.06507,8.73037936e-06
large_C_reverse,Large C: reverse,15,15,75,1,Field_0.0015,+1.72 V,1.718,-0.05507,8.75406043e-06
large_C_reverse,Large C: reverse,15,15,75,1,Field_0.0015,+1.72 V,1.718,-0.04507,8.78753306e-06
large_C_reverse,Large C: reverse,15,15,75,1,Field_0.0015,+1.72 V,1.718,-0.03507,8.83052484e-06
large_C_reverse,Large C: reverse,15,15,75,1,Field_0.0015,+1.72 V,1.718,-0.02507,8.88278882e-06
large_C_reverse,Large C: reverse,15,15,75,1,Field_0.0015,+1.72 V,1.718,-0.01507,8.94409984e-06
large_C_reverse,Large C: reverse,15,15,75,1,Field_0.0015,+1.72 V,1.718,-0.00507,9.01425091e-06
large_C_reverse,Large C: reverse,15,15,75,1,Field_0.0015,+1.72 V,1.718,0.00493,9.09608333e-06
large_C_reverse,Large C: reverse,15,15,75,1,Field_0.0015,+1.72 V,1.718,0.01493,9.19275611e-06
large_C_reverse,Large C: reverse,15,15,75,1,Field_0.0015,+1.72 V,1.718,0.02493,9.30460101e-06
large_C_reverse,Large C: reverse,15,15,75,1,Field_0.0015,+1.72 V,1.718,0.03493,9.43201811e-06
large_C_reverse,Large C: reverse,15,15,75,1,Field_0.0015,+1.72 V,1.718,0.04493,9.57547709e-06
large_C_reverse,Large C: reverse,15,15,75,1,Field_0.0015,+1.72 V,1.718,0.05493,9.73551911e-06
large_C_reverse,Large C: reverse,15,15,75,1,Field_0.0015,+1.72 V,1.718,0.06493,9.91275914e-06
large_C_reverse,Large C: reverse,15,15,75,1,Field_0.0015,+1.72 V,1.718,0.07493,1.01078889e-05
large_C_reverse,Large C: reverse,15,15,75,1,Field_0.0015,+1.72 V,1.718,0.08493,1.03216802e-05
large_C_reverse,Large C: reverse,15,15,75,1,Field_0.0015,+1.72 V,1.718,0.09493,1.05549891e-05
large_C_reverse,Large C: reverse,15,15,75,1,Field_0.0015,+1.72 V,1.718,0.10493,1.08087599e-05
large_C_reverse,Large C: reverse,15,15,75,1,Field_0.0015,+1.72 V,1.718,0.11493,1.10840308e-05
large_C_reverse,Large C: reverse,15,15,75,1,Field_0.0015,+1.72 V,1.718,0.12493,1.13819396e-05
large_C_reverse,Large C: reverse,15,15,75,1,Field_0.0015,+1.72 V,1.718,0.13493,1.17037295e-05
large_C_reverse,Large C: reverse,15,15,75,1,Field_0.0015,+1.72 V,1.718,0.14493,1.20507567e-05
large_C_reverse,Large C: reverse,15,15,75,1,Field_0.0015,+1.72 V,1.718,0.15493,1.24244983e-05
large_C_reverse,Large C: reverse,15,15,75,1,Field_0.0015,+1.72 V,1.718,0.16493,1.28265606e-05
large_C_reverse,Large C: reverse,15,15,75,1,Field_0.0015,+1.72 V,1.718,0.17493,1.32586885e-05
large_C_reverse,Large C: reverse,15,15,75,1,Field_0.0015,+1.72 V,1.718,0.18493,1.37227764e-05
large_C_reverse,Large C: reverse,15,15,75,1,Field_0.0015,+1.72 V,1.718,0.19493,1.42208795e-05
large_C_reverse,Large C: reverse,15,15,75,1,Field_0.0015,+1.72 V,1.718,0.20493,1.47552261e-05
large_C_reverse,Large C: reverse,15,15,75,1,Field_0.0015,+1.72 V,1.718,0.21493,1.53282315e-05
large_C_reverse,Large C: reverse,15,15,75,1,Field_0.0015,+1.72 V,1.718,0.22493,1.59425132e-05
large_C_reverse,Large C: reverse,15,15,75,1,Field_0.0015,+1.72 V,1.718,0.23493,1.66009072e-05
large_C_reverse,Large C: reverse,15,15,75,1,Field_0.0015,+1.72 V,1.718,0.24493,1.73064862e-05
large_C_reverse,Large C: reverse,15,15,75,1,Field_0.0015,+1.72 V,1.718,0.25493,1.80625792e-05
large_C_reverse,Large C: reverse,15,15,75,1,Field_0.0015,+1.72 V,1.718,0.26493,1.88727932e-05
large_C_reverse,Large C: reverse,15,15,75,1,Field_0.0015,+1.72 V,1.718,0.27493,1.97410367e-05
large_C_reverse,Large C: reverse,15,15,75,1,Field_0.0015,+1.72 V,1.718,0.28493,2.06715461e-05
large_C_reverse,Large C: reverse,15,15,75,1,Field_0.0015,+1.72 V,1.718,0.29493,2.16689137e-05
large_C_reverse,Large C: reverse,15,15,75,1,Field_0.0015,+1.72 V,1.718,0.30493,2.27381190e-05
large_C_reverse,Large C: reverse,15,15,75,1,Field_0.0015,+1.72 V,1.718,0.31493,2.38845631e-05
large_C_reverse,Large C: reverse,15,15,75,1,Field_0.0015,+1.72 V,1.718,0.32493,2.51141062e-05
large_C_reverse,Large C: reverse,15,15,75,1,Field_0.0015,+1.72 V,1.718,0.33493,2.64331092e-05
large_C_reverse,Large C: reverse,15,15,75,1,Field_0.0015,+1.72 V,1.718,0.34493,2.78484792e-05
large_C_reverse,Large C: reverse,15,15,75,1,Field_0.0015,+1.72 V,1.718,0.35493,2.93677200e-05
large_C_reverse,Large C: reverse,15,15,75,1,Field_0.0015,+1.72 V,1.718,0.36493,3.09989880e-05
large_C_reverse,Large C: reverse,15,15,75,1,Field_0.0015,+1.72 V,1.718,0.37493,3.27511538e-05
large_C_reverse,Large C: reverse,15,15,75,1,Field_0.0015,+1.72 V,1.718,0.38493,3.46338711e-05
large_C_reverse,Large C: reverse,15,15,75,1,Field_0.0015,+1.72 V,1.718,0.39493,3.66576533e-05
large_C_reverse,Large C: reverse,15,15,75,1,Field_0.0015,+1.72 V,1.718,0.40493,3.88339590e-05
large_C_reverse,Large C: reverse,15,15,75,1,Field_0.0015,+1.72 V,1.718,0.41493,4.11752885e-05
large_C_reverse,Large C: reverse,15,15,75,1,Field_0.0015,+1.72 V,1.718,0.42493,4.36952914e-05
large_C_reverse,Large C: reverse,15,15,75,1,Field_0.0015,+1.72 V,1.718,0.43493,4.64088901e-05
large_C_reverse,Large C: reverse,15,15,75,1,Field_0.0015,+1.72 V,1.718,0.44493,4.93324180e-05
large_C_reverse,Large C: reverse,15,15,75,1,Field_0.0015,+1.72 V,1.718,0.45493,5.24837795e-05
large_C_reverse,Large C: reverse,15,15,75,1,Field_0.0015,+1.72 V,1.718,0.46493,5.58826323e-05
large_C_reverse,Large C: reverse,15,15,75,1,Field_0.0015,+1.72 V,1.718,0.47493,5.95505981e-05
large_C_reverse,Large C: reverse,15,15,75,1,Field_0.0015,+1.72 V,1.718,0.48493,6.35115081e-05
large_C_reverse,Large C: reverse,15,15,75,1,Field_0.0015,+1.72 V,1.718,0.49493,6.77916879e-05
large_C_reverse,Large C: reverse,15,15,75,1,Field_0.0015,+1.72 V,1.718,0.50493,7.24202935e-05
large_C_reverse,Large C: reverse,15,15,75,1,Field_0.0015,+1.72 V,1.718,0.51493,7.74297066e-05
large_C_reverse,Large C: reverse,15,15,75,1,Field_0.0015,+1.72 V,1.718,0.52493,8.28560038e-05
large_C_reverse,Large C: reverse,15,15,75,1,Field_0.0015,+1.72 V,1.718,0.53493,8.87395147e-05
large_C_reverse,Large C: reverse,15,15,75,1,Field_0.0015,+1.72 V,1.718,0.54493,9.51254903e-05
large_C_reverse,Large C: reverse,15,15,75,1,Field_0.0015,+1.72 V,1.718,0.55493,1.02064904e-04
large_C_reverse,Large C: reverse,15,15,75,1,Field_0.0015,+1.72 V,1.718,0.56493,1.09615414e-04
large_C_reverse,Large C: reverse,15,15,75,1,Field_0.0015,+1.72 V,1.718,0.57493,1.17842530e-04
large_C_reverse,Large C: reverse,15,15,75,1,Field_0.0015,+1.72 V,1.718,0.58493,1.26821013e-04
large_C_reverse,Large C: reverse,15,15,75,1,Field_0.0015,+1.72 V,1.718,0.59493,1.36636570e-04
large_C_reverse,Large C: reverse,15,15,75,1,Field_0.0015,+1.72 V,1.718,0.60493,1.47387902e-04
large_C_reverse,Large C: reverse,15,15,75,1,Field_0.0015,+1.72 V,1.718,0.61493,1.59189172e-04
large_C_reverse,Large C: reverse,15,15,75,1,Field_0.0015,+1.72 V,1.718,0.62493,1.72172969e-04
large_C_reverse,Large C: reverse,15,15,75,1,Field_0.0015,+1.72 V,1.718,0.63493,1.86493860e-04
large_C_reverse,Large C: reverse,15,15,75,1,Field_0.0015,+1.72 V,1.718,0.64493,2.02332625e-04
large_C_reverse,Large C: reverse,15,15,75,1,Field_0.0015,+1.72 V,1.718,0.65493,2.19901267e-04
large_C_reverse,Large C: reverse,15,15,75,1,Field_0.0015,+1.72 V,1.718,0.66493,2.39448894e-04
large_C_reverse,Large C: reverse,15,15,75,1,Field_0.0015,+1.72 V,1.718,0.67493,2.61268543e-04
large_C_reverse,Large C: reverse,15,15,75,1,Field_0.0015,+1.72 V,1.718,0.68493,2.85705011e-04
large_C_reverse,Large C: reverse,15,15,75,1,Field_0.0015,+1.72 V,1.718,0.69493,3.13163662e-04
large_C_reverse,Large C: reverse,15,15,75,1,Field_0.0015,+1.72 V,1.718,0.70493,3.44120171e-04
large_C_reverse,Large C: reverse,15,15,75,1,Field_0.0015,+1.72 V,1.718,0.71493,3.79130991e-04
large_C_reverse,Large C: reverse,15,15,75,1,Field_0.0015,+1.72 V,1.718,0.72493,4.18844250e-04
large_C_reverse,Large C: reverse,15,15,75,1,Field_0.0015,+1.72 V,1.718,0.73493,4.64010596e-04
large_C_reverse,Large C: reverse,15,15,75,1,Field_0.0015,+1.72 V,1.718,0.74493,5.15493346e-04
large_C_reverse,Large C: reverse,15,15,75,1,Field_0.0015,+1.72 V,1.718,0.75493,5.74277144e-04
large_C_reverse,Large C: reverse,15,15,75,1,Field_0.0015,+1.72 V,1.718,0.76493,6.41474211e-04
large_C_reverse,Large C: reverse,15,15,75,1,Field_0.0015,+1.72 V,1.718,0.77493,7.18327314e-04
large_C_reverse,Large C: reverse,15,15,75,1,Field_0.0015,+1.72 V,1.718,0.78493,8.06208712e-04
large_C_reverse,Large C: reverse,15,15,75,1,Field_0.0015,+1.72 V,1.718,0.79493,9.06614785e-04
large_C_reverse,Large C: reverse,15,15,75,1,Field_0.0015,+1.72 V,1.718,0.80493,1.02115666e-03
large_C_reverse,Large C: reverse,15,15,75,1,Field_0.0015,+1.72 V,1.718,0.81493,1.15154807e-03
large_C_reverse,Large C: reverse,15,15,75,1,Field_0.0015,+1.72 V,1.718,0.82493,1.29959251e-03
large_C_reverse,Large C: reverse,15,15,75,1,Field_0.0015,+1.72 V,1.718,0.83493,1.46717305e-03
large_C_reverse,Large C: reverse,15,15,75,1,Field_0.0015,+1.72 V,1.718,0.84493,1.65624824e-03
large_C_reverse,Large C: reverse,15,15,75,1,Field_0.0015,+1.72 V,1.718,0.85493,1.86885840e-03
large_C_reverse,Large C: reverse,15,15,75,1,Field_0.0015,+1.72 V,1.718,0.86493,2.10714571e-03
large_C_reverse,Large C: reverse,15,15,75,1,Field_0.0015,+1.72 V,1.718,0.87493,2.37339076e-03
large_C_reverse,Large C: reverse,15,15,75,1,Field_0.0015,+1.72 V,1.718,0.88493,2.67006718e-03
large_C_reverse,Large C: reverse,15,15,75,1,Field_0.0015,+1.72 V,1.718,0.89493,2.99991424e-03
large_C_reverse,Large C: reverse,15,15,75,1,Field_0.0015,+1.72 V,1.718,0.90493,3.36602678e-03
large_C_reverse,Large C: reverse,15,15,75,1,Field_0.0015,+1.72 V,1.718,0.91493,3.77196110e-03
large_C_reverse,Large C: reverse,15,15,75,1,Field_0.0015,+1.72 V,1.718,0.92493,4.22185597e-03
large_C_reverse,Large C: reverse,15,15,75,1,Field_0.0015,+1.72 V,1.718,0.93493,4.72056870e-03
large_C_reverse,Large C: reverse,15,15,75,1,Field_0.0015,+1.72 V,1.718,0.94493,5.27382777e-03
large_C_reverse,Large C: reverse,15,15,75,1,Field_0.0015,+1.72 V,1.718,0.95493,5.88840545e-03
large_C_reverse,Large C: reverse,15,15,75,1,Field_0.0015,+1.72 V,1.718,0.96493,6.57231548e-03
large_C_reverse,Large C: reverse,15,15,75,1,Field_0.0015,+1.72 V,1.718,0.97493,7.33504345e-03
large_C_reverse,Large C: reverse,15,15,75,1,Field_0.0015,+1.72 V,1.718,0.98493,8.18781939e-03
large_C_reverse,Large C: reverse,15,15,75,1,Field_0.0015,+1.72 V,1.718,0.99493,9.14394457e-03
large_C_reverse,Large C: reverse,15,15,75,1,Field_0.0015,+1.72 V,1.718,1.00493,1.02225999e-02
large_C_reverse,Large C: reverse,15,15,75,1,Field_0.0015,+1.72 V,1.718,1.01493,1.14457949e-02
large_C_reverse,Large C: reverse,15,15,75,1,Field_0.0015,+1.72 V,1.718,1.02493,1.28353003e-02
large_C_reverse,Large C: reverse,15,15,75,1,Field_0.0015,+1.72 V,1.718,1.03493,1.44166626e-02
large_C_reverse,Large C: reverse,15,15,75,1,Field_0.0015,+1.72 V,1.718,1.04493,1.62199776e-02
large_C_reverse,Large C: reverse,15,15,75,1,Field_0.0015,+1.72 V,1.718,1.05493,1.82808488e-02
large_C_reverse,Large C: reverse,15,15,75,1,Field_0.0015,+1.72 V,1.718,1.06493,2.06415810e-02
large_C_reverse,Large C: reverse,15,15,75,1,Field_0.0015,+1.72 V,1.718,1.07493,2.33526747e-02
large_C_reverse,Large C: reverse,15,15,75,1,Field_0.0015,+1.72 V,1.718,1.08493,2.64747029e-02
large_C_reverse,Large C: reverse,15,15,75,1,Field_0.0015,+1.72 V,1.718,1.09493,3.00806797e-02
large_C_reverse,Large C: reverse,15,15,75,1,Field_0.0015,+1.72 V,1.718,1.10493,3.42590599e-02
large_C_reverse,Large C: reverse,15,15,75,1,Field_0.0015,+1.72 V,1.718,1.11493,3.91175481e-02
large_C_reverse,Large C: reverse,15,15,75,1,Field_0.0015,+1.72 V,1.718,1.12493,4.47879488e-02
large_C_reverse,Large C: reverse,15,15,75,1,Field_0.0015,+1.72 V,1.718,1.13493,5.14323437e-02
large_C_reverse,Large C: reverse,15,15,75,1,Field_0.0015,+1.72 V,1.718,1.14493,5.92509524e-02
large_C_reverse,Large C: reverse,15,15,75,1,Field_0.0015,+1.72 V,1.718,1.15493,6.84920906e-02
large_C_reverse,Large C: reverse,15,15,75,1,Field_0.0015,+1.72 V,1.718,1.16493,7.94646731e-02
large_C_reverse,Large C: reverse,15,15,75,1,Field_0.0015,+1.72 V,1.718,1.17493,9.25536511e-02
large_C_reverse,Large C: reverse,15,15,75,1,Field_0.0015,+1.72 V,1.718,1.18493,1.08238512e-01
large_C_reverse,Large C: reverse,15,15,75,1,Field_0.0015,+1.72 V,1.718,1.19493,1.27114263e-01
large_C_reverse,Large C: reverse,15,15,75,1,Field_0.0015,+1.72 V,1.718,1.20493,1.49912744e-01
large_C_reverse,Large C: reverse,15,15,75,1,Field_0.0015,+1.72 V,1.718,1.21493,1.77518849e-01
large_C_reverse,Large C: reverse,15,15,75,1,Field_0.0015,+1.72 V,1.718,1.22493,2.10970016e-01
large_C_reverse,Large C: reverse,15,15,75,1,Field_0.0015,+1.72 V,1.718,1.23493,2.51416439e-01
large_C_reverse,Large C: reverse,15,15,75,1,Field_0.0015,+1.72 V,1.718,1.24493,3.00002340e-01
large_C_reverse,Large C: reverse,15,15,75,1,Field_0.0015,+1.72 V,1.718,1.25493,3.57607609e-01
large_C_reverse,Large C: reverse,15,15,75,1,Field_0.0015,+1.72 V,1.718,1.26493,4.24377885e-01
large_C_reverse,Large C: reverse,15,15,75,1,Field_0.0015,+1.72 V,1.718,1.27493,4.99009324e-01
large_C_reverse,Large C: reverse,15,15,75,1,Field_0.0015,+1.72 V,1.718,1.28493,5.77911738e-01
large_C_reverse,Large C: reverse,15,15,75,1,Field_0.0015,+1.72 V,1.718,1.29493,6.54692110e-01
large_C_reverse,Large C: reverse,15,15,75,1,Field_0.0015,+1.72 V,1.718,1.30493,7.20708529e-01
large_C_reverse,Large C: reverse,15,15,75,1,Field_0.0015,+1.72 V,1.718,1.31493,7.67211660e-01
large_C_reverse,Large C: reverse,15,15,75,1,Field_0.0015,+1.72 V,1.718,1.32493,7.88398159e-01
large_C_reverse,Large C: reverse,15,15,75,1,Field_0.0015,+1.72 V,1.718,1.33493,7.83053792e-01
large_C_reverse,Large C: reverse,15,15,75,1,Field_0.0015,+1.72 V,1.718,1.34493,7.68176657e-01
large_C_reverse,Large C: reverse,15,15,75,1,Field_0.0015,+1.72 V,1.718,1.35493,7.22461215e-01
large_C_reverse,Large C: reverse,15,15,75,1,Field_0.0015,+1.72 V,1.718,1.36493,6.75562385e-01
large_C_reverse,Large C: reverse,15,15,75,1,Field_0.0015,+1.72 V,1.718,1.37493,6.27635834e-01
large_C_reverse,Large C: reverse,15,15,75,1,Field_0.0015,+1.72 V,1.718,1.38493,5.82004972e-01
large_C_reverse,Large C: reverse,15,15,75,1,Field_0.0015,+1.72 V,1.718,1.39493,5.40588372e-01
large_C_reverse,Large C: reverse,15,15,75,1,Field_0.0015,+1.72 V,1.718,1.40493,5.04216323e-01
large_C_reverse,Large C: reverse,15,15,75,1,Field_0.0015,+1.72 V,1.718,1.41493,4.73046640e-01
large_C_reverse,Large C: reverse,15,15,75,1,Field_0.0015,+1.72 V,1.718,1.42493,4.46875601e-01
large_C_reverse,Large C: reverse,15,15,75,1,Field_0.0015,+1.72 V,1.718,1.43493,4.25335521e-01
large_C_reverse,Large C: reverse,15,15,75,1,Field_0.0015,+1.72 V,1.718,1.44493,4.08007584e-01
large_C_reverse,Large C: reverse,15,15,75,1,Field_0.0015,+1.72 V,1.718,1.45493,3.94479274e-01
large_C_reverse,Large C: reverse,15,15,75,1,Field_0.0015,+1.72 V,1.718,1.46493,3.84367842e-01
large_C_reverse,Large C: reverse,15,15,75,1,Field_0.0015,+1.72 V,1.718,1.47493,3.77323196e-01
large_C_reverse,Large C: reverse,15,15,75,1,Field_0.0015,+1.72 V,1.718,1.48493,3.73017769e-01
large_C_reverse,Large C: reverse,15,15,75,1,Field_0.0015,+1.72 V,1.718,1.49493,3.71127047e-01
large_C_reverse,Large C: reverse,15,15,75,1,Field_0.0015,+1.72 V,1.718,1.50493,3.71302310e-01
large_C_reverse,Large C: reverse,15,15,75,1,Field_0.0015,+1.72 V,1.718,1.51493,3.73136482e-01
large_C_reverse,Large C: reverse,15,15,75,1,Field_0.0015,+1.72 V,1.718,1.52493,3.76124919e-01
large_C_reverse,Large C: reverse,15,15,75,1,Field_0.0015,+1.72 V,1.718,1.53493,3.79625930e-01
large_C_reverse,Large C: reverse,15,15,75,1,Field_0.0015,+1.72 V,1.718,1.54493,3.82831199e-01
large_C_reverse,Large C: reverse,15,15,75,1,Field_0.0015,+1.72 V,1.718,1.55493,3.84763297e-01
large_C_reverse,Large C: reverse,15,15,75,1,Field_0.0015,+1.72 V,1.718,1.56493,3.84322950e-01
large_C_reverse,Large C: reverse,15,15,75,1,Field_0.0015,+1.72 V,1.718,1.57493,3.80405899e-01
large_C_reverse,Large C: reverse,15,15,75,1,Field_0.0015,+1.72 V,1.718,1.58493,3.72089616e-01
large_C_reverse,Large C: reverse,15,15,75,1,Field_0.0015,+1.72 V,1.718,1.59493,3.58852432e-01
large_C_reverse,Large C: reverse,15,15,75,1,Field_0.0015,+1.72 V,1.718,1.60493,3.40748227e-01
large_C_reverse,Large C: reverse,15,15,75,1,Field_0.0015,+1.72 V,1.718,1.61493,3.18451619e-01
large_C_reverse,Large C: reverse,15,15,75,1,Field_0.0015,+1.72 V,1.718,1.62493,2.93134390e-01
large_C_reverse,Large C: reverse,15,15,75,1,Field_0.0015,+1.72 V,1.718,1.63493,2.66213057e-01
large_C_reverse,Large C: reverse,15,15,75,1,Field_0.0015,+1.72 V,1.718,1.64493,2.39063348e-01
large_C_reverse,Large C: reverse,15,15,75,1,Field_0.0015,+1.72 V,1.718,1.65493,2.12783148e-01
large_C_reverse,Large C: reverse,15,15,75,1,Field_0.0015,+1.72 V,1.718,1.66493,1.87932634e-01
large_C_reverse,Large C: reverse,15,15,75,1,Field_0.0015,+1.72 V,1.718,1.67493,1.55287297e-01
large_C_reverse,Large C: reverse,15,15,75,1,Field_0.0015,+1.72 V,1.718,1.68493,1.48627446e-01
large_C_reverse,Large C: reverse,15,15,75,1,Field_0.0015,+1.72 V,1.718,1.69493,1.30613912e-01
large_C_reverse,Large C: reverse,15,15,75,1,Field_0.0015,+1.72 V,1.718,1.70493,1.15339145e-01
large_C_reverse,Large C: reverse,15,15,75,1,Field_0.0015,+1.72 V,1.718,1.71493,1.02207705e-01
large_C_reverse,Large C: reverse,15,15,75,1,Field_0.0015,+1.72 V,1.718,1.72493,9.09134290e-02
large_C_reverse,Large C: reverse,15,15,75,1,Field_0.0015,+1.72 V,1.718,1.73493,8.11996991e-02
large_C_reverse,Large C: reverse,15,15,75,1,Field_0.0015,+1.72 V,1.718,1.74493,7.28391667e-02
large_C_reverse,Large C: reverse,15,15,75,1,Field_0.0015,+1.72 V,1.718,1.75493,6.56320322e-02
large_C_reverse,Large C: reverse,15,15,75,1,Field_0.0015,+1.72 V,1.718,1.76493,5.94052409e-02
large_C_reverse,Large C: reverse,15,15,75,1,Field_0.0015,+1.72 V,1.718,1.77493,5.40106895e-02
large_C_reverse,Large C: reverse,15,15,75,1,Field_0.0015,+1.72 V,1.718,1.78493,4.93227035e-02
large_C_reverse,Large C: reverse,15,15,75,1,Field_0.0015,+1.72 V,1.718,1.79493,4.52352358e-02
large_C_reverse,Large C: reverse,15,15,75,1,Field_0.0015,+1.72 V,1.718,1.80493,4.16590982e-02
large_C_reverse,Large C: reverse,15,15,75,1,Field_0.0015,+1.72 V,1.718,1.81493,3.85194054e-02
large_C_reverse,Large C: reverse,15,15,75,1,Field_0.0015,+1.72 V,1.718,1.82493,3.57533082e-02
large_C_reverse,Large C: reverse,15,15,75,1,Field_0.0015,+1.72 V,1.718,1.83493,3.33080356e-02
large_C_reverse,Large C: reverse,15,15,75,1,Field_0.0015,+1.72 V,1.718,1.84493,3.11392309e-02
large_C_reverse,Large C: reverse,15,15,75,1,Field_0.0015,+1.72 V,1.718,1.85493,2.92095555e-02
large_C_reverse,Large C: reverse,15,15,75,1,Field_0.0015,+1.72 V,1.718,1.86493,2.74875229e-02
large_C_reverse,Large C: reverse,15,15,75,1,Field_0.0015,+1.72 V,1.718,1.87493,2.59465313e-02
large_C_reverse,Large C: reverse,15,15,75,1,Field_0.0015,+1.72 V,1.718,1.88493,2.45640615e-02
large_C_reverse,Large C: reverse,15,15,75,1,Field_0.0015,+1.72 V,1.718,1.89493,2.33210128e-02
large_C_reverse,Large C: reverse,15,15,75,1,Field_0.0015,+1.72 V,1.718,1.90493,2.22011534e-02
large_C_reverse,Large C: reverse,15,15,75,1,Field_0.0015,+1.72 V,1.718,1.91493,2.11906644e-02
large_C_reverse,Large C: reverse,15,15,75,1,Field_0.0015,+1.72 V,1.718,1.92493,2.02777623e-02
large_C_reverse,Large C: reverse,15,15,75,1,Field_0.0015,+1.72 V,1.718,1.93493,1.94523846e-02
large_C_reverse,Large C: reverse,15,15,75,1,Field_0.0015,+1.72 V,1.718,1.94493,1.87059287e-02
large_C_reverse,Large C: reverse,15,15,75,1,Field_0.0015,+1.72 V,1.718,1.95493,1.80310349e-02
large_C_reverse,Large C: reverse,15,15,75,1,Field_0.0015,+1.72 V,1.718,1.96493,1.74214050e-02
large_C_reverse,Large C: reverse,15,15,75,1,Field_0.0015,+1.72 V,1.718,1.97493,1.68716518e-02
large_C_reverse,Large C: reverse,15,15,75,1,Field_0.0015,+1.72 V,1.718,1.98493,1.63771739e-02
large_C_reverse,Large C: reverse,15,15,75,1,Field_0.0015,+1.72 V,1.718,1.99493,1.59340522e-02
large_C_reverse,Large C: reverse,15,15,75,1,Field_0.0015,+1.72 V,1.718,2.00493,1.55385392e-02
large_C_reverse,Large C: reverse,15,15,75,1,Field_0.0015,+1.72 V,1.718,2.01493,1.51874592e-02
large_C_reverse,Large C: reverse,15,15,75,1,Field_0.0015,+1.72 V,1.718,2.02493,1.48785559e-02
large_C_reverse,Large C: reverse,15,15,75,1,Field_0.0015,+1.72 V,1.718,2.03493,1.46100031e-02
large_C_reverse,Large C: reverse,15,15,75,1,Field_0.0015,+1.72 V,1.718,2.04493,1.43803701e-02
large_C_reverse,Large C: reverse,15,15,75,1,Field_0.0015,+1.72 V,1.718,2.05493,1.41885967e-02
large_C_reverse,Large C: reverse,15,15,75,1,Field_0.0015,+1.72 V,1.718,2.06493,1.40339772e-02
large_C_reverse,Large C: reverse,15,15,75,1,Field_0.0015,+1.72 V,1.718,2.07493,1.39161517e-02
large_C_reverse,Large C: reverse,15,15,75,1,Field_0.0015,+1.72 V,1.718,2.08493,1.38351064e-02
large_C_reverse,Large C: reverse,15,15,75,1,Field_0.0015,+1.72 V,1.718,2.09493,1.37911812e-02
large_C_reverse,Large C: reverse,15,15,75,1,Field_0.0015,+1.72 V,1.718,2.10493,1.37850863e-02
large_C_reverse,Large C: reverse,15,15,75,1,Field_0.0015,+1.72 V,1.718,2.11493,1.38179281e-02
large_C_reverse,Large C: reverse,15,15,75,1,Field_0.0015,+1.72 V,1.718,2.12493,1.38912453e-02
large_C_reverse,Large C: reverse,15,15,75,1,Field_0.0015,+1.72 V,1.718,2.13493,1.40070575e-02
large_C_reverse,Large C: reverse,15,15,75,1,Field_0.0015,+1.72 V,1.718,2.14493,1.41679278e-02
large_C_reverse,Large C: reverse,15,15,75,1,Field_0.0015,+1.72 V,1.718,2.15493,1.43770424e-02
large_C_reverse,Large C: reverse,15,15,75,1,Field_0.0015,+1.72 V,1.718,2.16493,1.46383120e-02
large_C_reverse,Large C: reverse,15,15,75,1,Field_0.0015,+1.72 V,1.718,2.17493,1.49564987e-02
large_C_reverse,Large C: reverse,15,15,75,1,Field_0.0015,+1.72 V,1.718,2.18493,1.53373770e-02
large_C_reverse,Large C: reverse,15,15,75,1,Field_0.0015,+1.72 V,1.718,2.19493,1.57879357e-02
large_C_reverse,Large C: reverse,15,15,75,1,Field_0.0015,+1.72 V,1.718,2.20493,1.63166350e-02
large_C_reverse,Large C: reverse,15,15,75,1,Field_0.0015,+1.72 V,1.718,2.21493,1.69337332e-02
large_C_reverse,Large C: reverse,15,15,75,1,Field_0.0015,+1.72 V,1.718,2.22493,1.76517059e-02
large_C_reverse,Large C: reverse,15,15,75,1,Field_0.0015,+1.72 V,1.718,2.23493,1.84857857e-02
large_C_reverse,Large C: reverse,15,15,75,1,Field_0.0015,+1.72 V,1.718,2.24493,1.94546644e-02
large_C_reverse,Large C: reverse,15,15,75,1,Field_0.0015,+1.72 V,1.718,2.25493,2.05814111e-02
large_C_reverse,Large C: reverse,15,15,75,1,Field_0.0015,+1.72 V,1.718,2.26493,2.18946852e-02
large_C_reverse,Large C: reverse,15,15,75,1,Field_0.0015,+1.72 V,1.718,2.27493,2.34303493e-02
large_C_reverse,Large C: reverse,15,15,75,1,Field_0.0015,+1.72 V,1.718,2.28493,2.52336346e-02
large_C_reverse,Large C: reverse,15,15,75,1,Field_0.0015,+1.72 V,1.718,2.29493,2.73620702e-02
large_C_reverse,Large C: reverse,15,15,75,1,Field_0.0015,+1.72 V,1.718,2.30493,2.98894746e-02
large_C_reverse,Large C: reverse,15,15,75,1,Field_0.0015,+1.72 V,1.718,2.31493,3.29114276e-02
large_C_reverse,Large C: reverse,15,15,75,1,Field_0.0015,+1.72 V,1.718,2.32493,3.65527933e-02
large_C_reverse,Large C: reverse,15,15,75,1,Field_0.0015,+1.72 V,1.718,2.33493,4.09780441e-02
large_C_reverse,Large C: reverse,15,15,75,1,Field_0.0015,+1.72 V,1.718,2.34493,4.64052727e-02
large_C_reverse,Large C: reverse,15,15,75,1,Field_0.0015,+1.72 V,1.718,2.35493,5.31246616e-02
large_C_reverse,Large C: reverse,15,15,75,1,Field_0.0015,+1.72 V,1.718,2.36493,6.15212226e-02
large_C_reverse,Large C: reverse,15,15,75,1,Field_0.0015,+1.72 V,1.718,2.37493,7.20982342e-02
large_C_reverse,Large C: reverse,15,15,75,1,Field_0.0015,+1.72 V,1.718,2.38493,8.54881405e-02
large_C_reverse,Large C: reverse,15,15,75,1,Field_0.0015,+1.72 V,1.718,2.39493,1.02413192e-01
large_C_reverse,Large C: reverse,15,15,75,1,Field_0.0015,+1.72 V,1.718,2.40493,1.23504134e-01
large_C_reverse,Large C: reverse,15,15,75,1,Field_0.0015,+1.72 V,1.718,2.41493,1.48795311e-01
large_C_reverse,Large C: reverse,15,15,75,1,Field_0.0015,+1.72 V,1.718,2.42493,1.76676019e-01
large_C_reverse,Large C: reverse,15,15,75,1,Field_0.0015,+1.72 V,1.718,2.43493,2.02492770e-01
large_C_reverse,Large C: reverse,15,15,75,1,Field_0.0015,+1.72 V,1.718,2.44493,2.18454258e-01
large_C_reverse,Large C: reverse,15,15,75,1,Field_0.0015,+1.72 V,1.718,2.45493,2.17489464e-01
large_C_reverse,Large C: reverse,15,15,75,1,Field_0.0015,+1.72 V,1.718,2.46493,1.99280869e-01
large_C_reverse,Large C: reverse,15,15,75,1,Field_0.0015,+1.72 V,1.718,2.47493,1.70798133e-01
large_C_reverse,Large C: reverse,15,15,75,1,Field_0.0015,+1.72 V,1.718,2.48493,1.40382745e-01
large_C_reverse,Large C: reverse,15,15,75,1,Field_0.0015,+1.72 V,1.718,2.49493,1.13165746e-01
large_C_reverse,Large C: reverse,15,15,75,1,Field_0.0015,+1.72 V,1.718,2.50493,9.08642217e-02
large_C_reverse,Large C: reverse,15,15,75,1,Field_0.0015,+1.72 V,1.718,2.51493,7.33208927e-02
large_C_reverse,Large C: reverse,15,15,75,1,Field_0.0015,+1.72 V,1.718,2.52493,5.97266666e-02
large_C_reverse,Large C: reverse,15,15,75,1,Field_0.0015,+1.72 V,1.718,2.53493,4.92062260e-02
large_C_reverse,Large C: reverse,15,15,75,1,Field_0.0015,+1.72 V,1.718,2.54493,4.10172408e-02
large_C_reverse,Large C: reverse,15,15,75,1,Field_0.0015,+1.72 V,1.718,2.55493,3.45839089e-02
large_C_reverse,Large C: reverse,15,15,75,1,Field_0.0015,+1.72 V,1.718,2.56493,2.94754837e-02
large_C_reverse,Large C: reverse,15,15,75,1,Field_0.0015,+1.72 V,1.718,2.57493,2.53736913e-02
large_C_reverse,Large C: reverse,15,15,75,1,Field_0.0015,+1.72 V,1.718,2.58493,2.20432914e-02
large_C_reverse,Large C: reverse,15,15,75,1,Field_0.0015,+1.72 V,1.718,2.59493,1.93086161e-02
large_C_reverse,Large C: reverse,15,15,75,1,Field_0.0015,+1.72 V,1.718,2.60493,1.70339668e-02
large_C_reverse,Large C: reverse,15,15,75,1,Field_0.0015,+1.72 V,1.718,2.61493,1.50913963e-02
large_C_reverse,Large C: reverse,15,15,75,1,Field_0.0015,+1.72 V,1.718,2.62493,2.26617411e-02
large_C_reverse,Large C: reverse,15,15,75,1,Field_0.0015,+1.72 V,1.718,2.63493,1.23980256e-02
large_C_reverse,Large C: reverse,15,15,75,1,Field_0.0015,+1.72 V,1.718,2.64493,1.11912717e-02
large_C_reverse,Large C: reverse,15,15,75,1,Field_0.0015,+1.72 V,1.718,2.65493,1.01841033e-02
large_C_reverse,Large C: reverse,15,15,75,1,Field_0.0015,+1.72 V,1.718,2.66493,9.32000206e-03
large_C_reverse,Large C: reverse,15,15,75,1,Field_0.0015,+1.72 V,1.718,2.67493,8.57107659e-03
large_C_reverse,Large C: reverse,15,15,75,1,Field_0.0015,+1.72 V,1.718,2.68493,7.91761478e-03
large_C_reverse,Large C: reverse,15,15,75,1,Field_0.0015,+1.72 V,1.718,2.69493,7.34436985e-03
large_C_reverse,Large C: reverse,15,15,75,1,Field_0.0015,+1.72 V,1.718,2.70493,6.83914851e-03
large_C_reverse,Large C: reverse,15,15,75,1,Field_0.0015,+1.72 V,1.718,2.71493,6.39203150e-03
large_C_reverse,Large C: reverse,15,15,75,1,Field_0.0015,+1.72 V,1.718,2.72493,5.99485946e-03
large_C_reverse,Large C: reverse,15,15,75,1,Field_0.0015,+1.72 V,1.718,2.73493,5.64086404e-03
large_C_reverse,Large C: reverse,15,15,75,1,Field_0.0015,+1.72 V,1.718,2.74493,5.32439155e-03
large_C_reverse,Large C: reverse,15,15,75,1,Field_0.0015,+1.72 V,1.718,2.75493,5.04069063e-03
large_C_reverse,Large C: reverse,15,15,75,1,Field_0.0015,+1.72 V,1.718,2.76493,4.78574657e-03
large_C_reverse,Large C: reverse,15,15,75,1,Field_0.0015,+1.72 V,1.718,2.77493,4.55615032e-03
large_C_reverse,Large C: reverse,15,15,75,1,Field_0.0015,+1.72 V,1.718,2.78493,4.34899414e-03
large_C_reverse,Large C: reverse,15,15,75,1,Field_0.0015,+1.72 V,1.718,2.79493,4.16178761e-03
large_C_reverse,Large C: reverse,15,15,75,1,Field_0.0015,+1.72 V,1.718,2.80493,3.99238975e-03
large_C_reverse,Large C: reverse,15,15,75,1,Field_0.0015,+1.72 V,1.718,2.81493,3.83895373e-03
large_C_reverse,Large C: reverse,15,15,75,1,Field_0.0015,+1.72 V,1.718,2.82493,3.69988159e-03
large_C_reverse,Large C: reverse,15,15,75,1,Field_0.0015,+1.72 V,1.718,2.83493,3.57378704e-03
large_C_reverse,Large C: reverse,15,15,75,1,Field_0.0015,+1.72 V,1.718,2.84493,3.45946473e-03
large_C_reverse,Large C: reverse,15,15,75,1,Field_0.0015,+1.72 V,1.718,2.85493,3.35586484e-03
large_C_reverse,Large C: reverse,15,15,75,1,Field_0.0015,+1.72 V,1.718,2.86493,3.26207195e-03
large_C_reverse,Large C: reverse,15,15,75,1,Field_0.0015,+1.72 V,1.718,2.87493,3.17728771e-03
large_C_reverse,Large C: reverse,15,15,75,1,Field_0.0015,+1.72 V,1.718,2.88493,3.10081644e-03
large_C_reverse,Large C: reverse,15,15,75,1,Field_0.0015,+1.72 V,1.718,2.89493,3.03205377e-03
large_C_reverse,Large C: reverse,15,15,75,1,Field_0.0015,+1.72 V,1.718,2.90493,2.97047801e-03
large_C_reverse,Large C: reverse,15,15,75,1,Field_0.0015,+1.72 V,1.718,2.91493,2.91564479e-03
large_C_reverse,Large C: reverse,15,15,75,1,Field_0.0015,+1.72 V,1.718,2.92493,2.86718655e-03
large_C_reverse,Large C: reverse,15,15,75,1,Field_0.0015,+1.72 V,1.718,2.93493,2.82482072e-03
large_C_reverse,Large C: reverse,15,15,75,1,Field_0.0015,+1.72 V,1.718,2.94493,2.78837822e-03
large_C_reverse,Large C: reverse,15,15,75,1,Field_0.0015,+1.72 V,1.718,2.95493,2.75788947e-03
large_C_reverse,Large C: reverse,15,15,75,1,Field_0.0015,+1.72 V,1.718,2.96493,2.73388115e-03
large_C_reverse,Large C: reverse,15,15,75,1,Field_0.0015,+1.72 V,1.718,2.97493,2.71880716e-03
large_C_reverse,Large C: reverse,15,15,75,1,Field_0.0015,+1.72 V,1.718,2.98493,2.73289486e-03
large_C_reverse,Large C: reverse,15,15,75,1,Field_0.0015,+1.72 V,1.718,2.99493,2.59911814e-03
