system,series,anchor_hybridization,n,energy_eV,transmission
OPA2,OPA,sp,2,-15.14726,1.38418585e-06
OPA2,OPA,sp,2,-15.13726,1.96756488e-06
OPA2,OPA,sp,2,-15.12726,2.70034906e-06
OPA2,OPA,sp,2,-15.11726,3.61160829e-06
OPA2,OPA,sp,2,-15.10726,4.73816113e-06
OPA2,OPA,sp,2,-15.09726,6.12671245e-06
OPA2,OPA,sp,2,-15.08726,7.83674159e-06
OPA2,OPA,sp,2,-15.07726,9.94445084e-06
OPA2,OPA,sp,2,-15.06726,1.25482607e-05
OPA2,OPA,sp,2,-15.05726,1.57766779e-05
OPA2,OPA,sp,2,-15.04726,1.98001410e-05
OPA2,OPA,sp,2,-15.03726,2.48507776e-05
OPA2,OPA,sp,2,-15.02726,3.12637608e-05
OPA2,OPA,sp,2,-15.01726,3.96183459e-05
OPA2,OPA,sp,2,-15.00726,5.19837165e-05
OPA2,OPA,sp,2,-14.99726,1.74098013e-01
OPA2,OPA,sp,2,-14.98726,8.23096306e-05
OPA2,OPA,sp,2,-14.97726,1.02689957e-04
OPA2,OPA,sp,2,-14.96726,1.32726918e-04
OPA2,OPA,sp,2,-14.95726,1.74291916e-04
OPA2,OPA,sp,2,-14.94726,2.32623890e-04
OPA2,OPA,sp,2,-14.93726,3.16562135e-04
OPA2,OPA,sp,2,-14.92726,4.41311252e-04
OPA2,OPA,sp,2,-14.91726,6.34365143e-04
OPA2,OPA,sp,2,-14.90726,9.43227272e-04
OPA2,OPA,sp,2,-14.89726,1.51294088e-03
OPA2,OPA,sp,2,-14.88726,2.60074407e-03
OPA2,OPA,sp,2,-14.87726,5.09450710e-03
OPA2,OPA,sp,2,-14.86726,1.26381630e-02
OPA2,OPA,sp,2,-14.85726,5.49836627e-02
OPA2,OPA,sp,2,-14.84726,9.82520567e-01
OPA2,OPA,sp,2,-14.83726,5.81360153e-02
OPA2,OPA,sp,2,-14.82726,1.72237149e-02
OPA2,OPA,sp,2,-14.81726,8.59139514e-03
OPA2,OPA,sp,2,-14.80726,5.36846703e-03
OPA2,OPA,sp,2,-14.79726,3.80471068e-03
OPA2,OPA,sp,2,-14.78726,2.92281489e-03
OPA2,OPA,sp,2,-14.77726,2.37719127e-03
OPA2,OPA,sp,2,-14.76726,2.01224794e-03
OPA2,OPA,sp,2,-14.75726,1.76019458e-03
OPA2,OPA,sp,2,-14.74726,1.57970973e-03
OPA2,OPA,sp,2,-14.73726,1.44787333e-03
OPA2,OPA,sp,2,-14.72726,1.35067586e-03
OPA2,OPA,sp,2,-14.71726,1.27917577e-03
OPA2,OPA,sp,2,-14.70726,1.22747729e-03
OPA2,OPA,sp,2,-14.69726,1.19160468e-03
OPA2,OPA,sp,2,-14.68726,1.16885193e-03
OPA2,OPA,sp,2,-14.67726,1.15742213e-03
OPA2,OPA,sp,2,-14.66726,1.15648466e-03
OPA2,OPA,sp,2,-14.65726,1.18010511e-03
OPA2,OPA,sp,2,-14.64726,1.18392142e-03
OPA2,OPA,sp,2,-14.63726,1.20481968e-03
OPA2,OPA,sp,2,-14.62726,1.23773312e-03
OPA2,OPA,sp,2,-14.61726,1.27989066e-03
OPA2,OPA,sp,2,-14.60726,1.33158583e-03
OPA2,OPA,sp,2,-14.59726,1.39353175e-03
OPA2,OPA,sp,2,-14.58726,1.46672710e-03
OPA2,OPA,sp,2,-14.57726,1.55246323e-03
OPA2,OPA,sp,2,-14.56726,1.65236479e-03
OPA2,OPA,sp,2,-14.55726,1.76845348e-03
OPA2,OPA,sp,2,-14.54726,1.90324109e-03
OPA2,OPA,sp,2,-14.53726,2.05987335e-03
OPA2,OPA,sp,2,-14.52726,2.24239785e-03
OPA2,OPA,sp,2,-14.51726,2.45649606e-03
OPA2,OPA,sp,2,-14.50726,2.71318522e-03
OPA2,OPA,sp,2,-14.49726,3.08184731e-03
OPA2,OPA,sp,2,-14.48726,5.53607413e-03
OPA2,OPA,sp,2,-14.47726,3.82193121e-03
OPA2,OPA,sp,2,-14.46726,4.25930475e-03
OPA2,OPA,sp,2,-14.45726,4.83080895e-03
OPA2,OPA,sp,2,-14.44726,5.53289287e-03
OPA2,OPA,sp,2,-14.43726,6.39510291e-03
OPA2,OPA,sp,2,-14.42726,7.46380536e-03
OPA2,OPA,sp,2,-14.41726,8.81066458e-03
OPA2,OPA,sp,2,-14.40726,1.05798742e-02
OPA2,OPA,sp,2,-14.39726,1.37687061e-02
OPA2,OPA,sp,2,-14.38726,1.88750571e-02
OPA2,OPA,sp,2,-14.37726,1.90715328e-02
OPA2,OPA,sp,2,-14.36726,2.36989054e-02
OPA2,OPA,sp,2,-14.35726,3.02367056e-02
OPA2,OPA,sp,2,-14.34726,3.94666713e-02
OPA2,OPA,sp,2,-14.33726,5.28359344e-02
OPA2,OPA,sp,2,-14.32726,7.28572214e-02
OPA2,OPA,sp,2,-14.31726,1.04041416e-01
OPA2,OPA,sp,2,-14.30726,1.54795605e-01
OPA2,OPA,sp,2,-14.29726,2.41048688e-01
OPA2,OPA,sp,2,-14.28726,3.90922230e-01
OPA2,OPA,sp,2,-14.27726,6.34806650e-01
OPA2,OPA,sp,2,-14.26726,9.14694830e-01
OPA2,OPA,sp,2,-14.25726,9.87842005e-01
OPA2,OPA,sp,2,-14.24726,8.05997429e-01
OPA2,OPA,sp,2,-14.23726,5.89915204e-01
OPA2,OPA,sp,2,-14.22726,4.34557084e-01
OPA2,OPA,sp,2,-14.21726,3.34082844e-01
OPA2,OPA,sp,2,-14.20726,2.69189640e-01
OPA2,OPA,sp,2,-14.19726,2.26330335e-01
OPA2,OPA,sp,2,-14.18726,1.97443192e-01
OPA2,OPA,sp,2,-14.17726,1.77822213e-01
OPA2,OPA,sp,2,-14.16726,1.64682477e-01
OPA2,OPA,sp,2,-14.15726,1.56353875e-01
OPA2,OPA,sp,2,-14.14726,1.51842175e-01
OPA2,OPA,sp,2,-14.13726,1.50590757e-01
OPA2,OPA,sp,2,-14.12726,1.52353983e-01
OPA2,OPA,sp,2,-14.11726,1.57137034e-01
OPA2,OPA,sp,2,-14.10726,1.65180720e-01
OPA2,OPA,sp,2,-14.09726,1.76983368e-01
OPA2,OPA,sp,2,-14.08726,1.93360909e-01
OPA2,OPA,sp,2,-14.07726,2.15553537e-01
OPA2,OPA,sp,2,-14.06726,2.45392819e-01
OPA2,OPA,sp,2,-14.05726,2.85541643e-01
OPA2,OPA,sp,2,-14.04726,3.39789778e-01
OPA2,OPA,sp,2,-14.03726,4.13260296e-01
OPA2,OPA,sp,2,-14.02726,5.11959949e-01
OPA2,OPA,sp,2,-14.01726,6.39983680e-01
OPA2,OPA,sp,2,-14.00726,7.90866215e-01
OPA2,OPA,sp,2,-13.99726,9.31737104e-01
OPA2,OPA,sp,2,-13.98726,9.99565919e-01
OPA2,OPA,sp,2,-13.97726,9.48562673e-01
OPA2,OPA,sp,2,-13.96726,8.06702788e-01
OPA2,OPA,sp,2,-13.95726,6.41783763e-01
OPA2,OPA,sp,2,-13.94726,4.98015089e-01
OPA2,OPA,sp,2,-13.93726,3.87032895e-01
OPA2,OPA,sp,2,-13.92726,3.05164852e-01
OPA2,OPA,sp,2,-13.91726,2.45356747e-01
OPA2,OPA,sp,2,-13.90726,2.01391878e-01
OPA2,OPA,sp,2,-13.89726,1.68666166e-01
OPA2,OPA,sp,2,-13.88726,1.43959152e-01
OPA2,OPA,sp,2,-13.87726,1.25052942e-01
OPA2,OPA,sp,2,-13.86726,1.10417413e-01
OPA2,OPA,sp,2,-13.85726,9.89874886e-02
OPA2,OPA,sp,2,-13.84726,9.00135594e-02
OPA2,OPA,sp,2,-13.83726,8.29626409e-02
OPA2,OPA,sp,2,-13.82726,7.74531617e-02
OPA2,OPA,sp,2,-13.81726,7.32118170e-02
OPA2,OPA,sp,2,-13.80726,7.00449965e-02
OPA2,OPA,sp,2,-13.79726,6.78200506e-02
OPA2,OPA,sp,2,-13.78726,6.64534583e-02
OPA2,OPA,sp,2,-13.77726,6.59041648e-02
OPA2,OPA,sp,2,-13.76726,6.61712212e-02
OPA2,OPA,sp,2,-13.75726,6.72955728e-02
OPA2,OPA,sp,2,-13.74726,6.93665710e-02
OPA2,OPA,sp,2,-13.73726,7.25347361e-02
OPA2,OPA,sp,2,-13.72726,7.70337603e-02
OPA2,OPA,sp,2,-13.71726,8.32172662e-02
OPA2,OPA,sp,2,-13.70726,9.16204867e-02
OPA2,OPA,sp,2,-13.69726,1.03066052e-01
OPA2,OPA,sp,2,-13.68726,1.18851270e-01
OPA2,OPA,sp,2,-13.67726,1.41092348e-01
OPA2,OPA,sp,2,-13.66726,1.73382402e-01
OPA2,OPA,sp,2,-13.65726,2.22090247e-01
OPA2,OPA,sp,2,-13.64726,2.98921517e-01
OPA2,OPA,sp,2,-13.63726,4.25318410e-01
OPA2,OPA,sp,2,-13.62726,6.34053894e-01
OPA2,OPA,sp,2,-13.61726,9.28171686e-01
OPA2,OPA,sp,2,-13.60726,1.14588324e+00
OPA2,OPA,sp,2,-13.59726,1.34512231e+00
OPA2,OPA,sp,2,-13.58726,1.31522759e+00
OPA2,OPA,sp,2,-13.57726,5.76304431e-01
OPA2,OPA,sp,2,-13.56726,3.17916159e-01
OPA2,OPA,sp,2,-13.55726,2.05350328e-01
OPA2,OPA,sp,2,-13.54726,1.46123834e-01
OPA2,OPA,sp,2,-13.53726,1.11962459e-01
OPA2,OPA,sp,2,-13.52726,9.19023869e-02
OPA2,OPA,sp,2,-13.51726,8.17327616e-02
OPA2,OPA,sp,2,-13.50726,8.19367296e-02
OPA2,OPA,sp,2,-13.49726,1.02320194e-01
OPA2,OPA,sp,2,-13.48726,1.97444944e-01
OPA2,OPA,sp,2,-13.47726,7.35592334e-01
OPA2,OPA,sp,2,-13.46726,6.74315385e-01
OPA2,OPA,sp,2,-13.45726,2.56102912e-01
OPA2,OPA,sp,2,-13.44726,1.56013456e-01
OPA2,OPA,sp,2,-13.43726,1.22975819e-01
OPA2,OPA,sp,2,-13.42726,1.11404801e-01
OPA2,OPA,sp,2,-13.41726,1.10063792e-01
OPA2,OPA,sp,2,-13.40726,1.15667357e-01
OPA2,OPA,sp,2,-13.39726,1.27691598e-01
OPA2,OPA,sp,2,-13.38726,1.47155332e-01
OPA2,OPA,sp,2,-13.37726,1.76545216e-01
OPA2,OPA,sp,2,-13.36726,2.20352751e-01
OPA2,OPA,sp,2,-13.35726,2.86226424e-01
OPA2,OPA,sp,2,-13.34726,3.86757160e-01
OPA2,OPA,sp,2,-13.33726,5.40724339e-01
OPA2,OPA,sp,2,-13.32726,7.66812535e-01
OPA2,OPA,sp,2,-13.31726,1.04964288e+00
OPA2,OPA,sp,2,-13.30726,1.28755809e+00
OPA2,OPA,sp,2,-13.29726,1.38073375e+00
OPA2,OPA,sp,2,-13.28726,1.39778409e+00
OPA2,OPA,sp,2,-13.27726,1.43039503e+00
OPA2,OPA,sp,2,-13.26726,1.44155032e+00
OPA2,OPA,sp,2,-13.25726,1.36742262e+00
OPA2,OPA,sp,2,-13.24726,1.23266694e+00
OPA2,OPA,sp,2,-13.23726,1.09776415e+00
OPA2,OPA,sp,2,-13.22726,9.95001527e-01
OPA2,OPA,sp,2,-13.21726,9.31231413e-01
OPA2,OPA,sp,2,-13.20726,9.04363242e-01
OPA2,OPA,sp,2,-13.19726,9.11236769e-01
OPA2,OPA,sp,2,-13.18726,9.49030075e-01
OPA2,OPA,sp,2,-13.17726,1.01295495e+00
OPA2,OPA,sp,2,-13.16726,1.09074894e+00
OPA2,OPA,sp,2,-13.15726,1.15641384e+00
OPA2,OPA,sp,2,-13.14726,1.17430237e+00
OPA2,OPA,sp,2,-13.13726,1.12477053e+00
OPA2,OPA,sp,2,-13.12726,1.02720835e+00
OPA2,OPA,sp,2,-13.11726,9.23187182e-01
OPA2,OPA,sp,2,-13.10726,8.44670613e-01
OPA2,OPA,sp,2,-13.09726,8.05946639e-01
OPA2,OPA,sp,2,-13.08726,8.13257271e-01
OPA2,OPA,sp,2,-13.07726,8.81988761e-01
OPA2,OPA,sp,2,-13.06726,1.14870317e+00
OPA2,OPA,sp,2,-13.05726,1.66810804e+00
OPA2,OPA,sp,2,-13.04726,1.15935604e+00
OPA2,OPA,sp,2,-13.03726,1.13736232e+00
OPA2,OPA,sp,2,-13.02726,1.06726577e+00
OPA2,OPA,sp,2,-13.01726,9.21993370e-01
OPA2,OPA,sp,2,-13.00726,7.49509420e-01
OPA2,OPA,sp,2,-12.99726,5.95873358e-01
OPA2,OPA,sp,2,-12.98726,4.79479139e-01
OPA2,OPA,sp,2,-12.97726,4.00740912e-01
OPA2,OPA,sp,2,-12.96726,3.54985034e-01
OPA2,OPA,sp,2,-12.95726,3.38755702e-01
OPA2,OPA,sp,2,-12.94726,3.51868015e-01
OPA2,OPA,sp,2,-12.93726,3.97730450e-01
OPA2,OPA,sp,2,-12.92726,4.83305242e-01
OPA2,OPA,sp,2,-12.91726,6.24471912e-01
OPA2,OPA,sp,2,-12.90726,8.53768095e-01
OPA2,OPA,sp,2,-12.89726,1.01751332e+00
OPA2,OPA,sp,2,-12.88726,9.44467975e-01
OPA2,OPA,sp,2,-12.87726,8.20814806e-01
OPA2,OPA,sp,2,-12.86726,7.11213165e-01
OPA2,OPA,sp,2,-12.85726,6.24494799e-01
OPA2,OPA,sp,2,-12.84726,5.59908754e-01
OPA2,OPA,sp,2,-12.83726,5.14150866e-01
OPA2,OPA,sp,2,-12.82726,4.83851083e-01
OPA2,OPA,sp,2,-12.81726,4.66426812e-01
OPA2,OPA,sp,2,-12.80726,4.60227280e-01
OPA2,OPA,sp,2,-12.79726,4.64463329e-01
OPA2,OPA,sp,2,-12.78726,4.79114743e-01
OPA2,OPA,sp,2,-12.77726,5.04860717e-01
OPA2,OPA,sp,2,-12.76726,5.43004018e-01
OPA2,OPA,sp,2,-12.75726,5.95280461e-01
OPA2,OPA,sp,2,-12.74726,6.63297532e-01
OPA2,OPA,sp,2,-12.73726,7.47077120e-01
OPA2,OPA,sp,2,-12.72726,8.41899407e-01
OPA2,OPA,sp,2,-12.71726,9.33223393e-01
OPA2,OPA,sp,2,-12.70726,9.93196215e-01
OPA2,OPA,sp,2,-12.69726,9.88958707e-01
OPA2,OPA,sp,2,-12.68726,9.07320438e-01
OPA2,OPA,sp,2,-12.67726,7.70839962e-01
OPA2,OPA,sp,2,-12.66726,6.19734083e-01
OPA2,OPA,sp,2,-12.65726,4.83724336e-01
OPA2,OPA,sp,2,-12.64726,3.74041268e-01
OPA2,OPA,sp,2,-12.63726,2.90195331e-01
OPA2,OPA,sp,2,-12.62726,2.27442142e-01
OPA2,OPA,sp,2,-12.61726,1.80637217e-01
OPA2,OPA,sp,2,-12.60726,1.45525157e-01
OPA2,OPA,sp,2,-12.59726,1.18913260e-01
OPA2,OPA,sp,2,-12.58726,9.84973642e-02
OPA2,OPA,sp,2,-12.57726,8.26357800e-02
OPA2,OPA,sp,2,-12.56726,7.01589526e-02
OPA2,OPA,sp,2,-12.55726,6.02283844e-02
OPA2,OPA,sp,2,-12.54726,5.22371587e-02
OPA2,OPA,sp,2,-12.53726,4.57411194e-02
OPA2,OPA,sp,2,-12.52726,4.04114685e-02
OPA2,OPA,sp,2,-12.51726,3.60020131e-02
OPA2,OPA,sp,2,-12.50726,3.23263741e-02
OPA2,OPA,sp,2,-12.49726,2.92419827e-02
OPA2,OPA,sp,2,-12.48726,2.66387291e-02
OPA2,OPA,sp,2,-12.47726,2.44308305e-02
OPA2,OPA,sp,2,-12.46726,2.25509480e-02
OPA2,OPA,sp,2,-12.45726,2.09458929e-02
OPA2,OPA,sp,2,-12.44726,1.95734730e-02
OPA2,OPA,sp,2,-12.43726,1.84001651e-02
OPA2,OPA,sp,2,-12.42726,1.73994033e-02
OPA2,OPA,sp,2,-12.41726,1.65503381e-02
OPA2,OPA,sp,2,-12.40726,1.58369802e-02
OPA2,OPA,sp,2,-12.39726,1.52477253e-02
OPA2,OPA,sp,2,-12.38726,1.47756862e-02
OPA2,OPA,sp,2,-12.37726,1.44450095e-02
OPA2,OPA,sp,2,-12.36726,1.41582990e-02
OPA2,OPA,sp,2,-12.35726,1.40286995e-02
OPA2,OPA,sp,2,-12.34726,1.40298982e-02
OPA2,OPA,sp,2,-12.33726,1.41841934e-02
OPA2,OPA,sp,2,-12.32726,1.45278908e-02
OPA2,OPA,sp,2,-12.31726,1.51187934e-02
OPA2,OPA,sp,2,-12.30726,1.60492253e-02
OPA2,OPA,sp,2,-12.29726,1.74686453e-02
OPA2,OPA,sp,2,-12.28726,1.96237403e-02
OPA2,OPA,sp,2,-12.27726,2.29303491e-02
OPA2,OPA,sp,2,-12.26726,2.81016641e-02
OPA2,OPA,sp,2,-12.25726,3.63655767e-02
OPA2,OPA,sp,2,-12.24726,4.97735844e-02
OPA2,OPA,sp,2,-12.23726,7.13778292e-02
OPA2,OPA,sp,2,-12.22726,1.04219426e-01
OPA2,OPA,sp,2,-12.21726,1.46653909e-01
OPA2,OPA,sp,2,-12.20726,1.84249562e-01
OPA2,OPA,sp,2,-12.19726,1.92715142e-01
OPA2,OPA,sp,2,-12.18726,1.63685861e-01
OPA2,OPA,sp,2,-12.17726,1.17571118e-01
OPA2,OPA,sp,2,-12.16726,7.80810253e-02
OPA2,OPA,sp,2,-12.15726,5.26393056e-02
OPA2,OPA,sp,2,-12.14726,3.83849771e-02
OPA2,OPA,sp,2,-12.13726,3.10275931e-02
OPA2,OPA,sp,2,-12.12726,2.76319997e-02
OPA2,OPA,sp,2,-12.11726,2.65593914e-02
OPA2,OPA,sp,2,-12.10726,2.69679079e-02
OPA2,OPA,sp,2,-12.09726,2.84591631e-02
OPA2,OPA,sp,2,-12.08726,3.08869935e-02
OPA2,OPA,sp,2,-12.07726,3.42668519e-02
OPA2,OPA,sp,2,-12.06726,3.87431880e-02
OPA2,OPA,sp,2,-12.05726,4.45949313e-02
OPA2,OPA,sp,2,-12.04726,5.22753712e-02
OPA2,OPA,sp,2,-12.03726,6.24966157e-02
OPA2,OPA,sp,2,-12.02726,7.63870724e-02
OPA2,OPA,sp,2,-12.01726,9.57830407e-02
OPA2,OPA,sp,2,-12.00726,1.23781139e-01
OPA2,OPA,sp,2,-11.99726,1.65810114e-01
OPA2,OPA,sp,2,-11.98726,2.31699667e-01
OPA2,OPA,sp,2,-11.97726,3.39201766e-01
OPA2,OPA,sp,2,-11.96726,5.16024374e-01
OPA2,OPA,sp,2,-11.95726,7.74110259e-01
OPA2,OPA,sp,2,-11.94726,9.87639737e-01
OPA2,OPA,sp,2,-11.93726,9.09963007e-01
OPA2,OPA,sp,2,-11.92726,6.46702673e-01
OPA2,OPA,sp,2,-11.91726,4.26235871e-01
OPA2,OPA,sp,2,-11.90726,2.86839962e-01
OPA2,OPA,sp,2,-11.89726,2.01978513e-01
OPA2,OPA,sp,2,-11.88726,1.48784789e-01
OPA2,OPA,sp,2,-11.87726,1.13976007e-01
OPA2,OPA,sp,2,-11.86726,9.02301116e-02
OPA2,OPA,sp,2,-11.85726,7.34295366e-02
OPA2,OPA,sp,2,-11.84726,6.11694185e-02
OPA2,OPA,sp,2,-11.83726,5.19875339e-02
OPA2,OPA,sp,2,-11.82726,4.49604342e-02
OPA2,OPA,sp,2,-11.81726,3.94844068e-02
OPA2,OPA,sp,2,-11.80726,3.51521465e-02
OPA2,OPA,sp,2,-11.79726,3.16807821e-02
OPA2,OPA,sp,2,-11.78726,2.88685656e-02
OPA2,OPA,sp,2,-11.77726,2.65682435e-02
OPA2,OPA,sp,2,-11.76726,2.46705172e-02
OPA2,OPA,sp,2,-11.75726,2.30937082e-02
OPA2,OPA,sp,2,-11.74726,2.17771144e-02
OPA2,OPA,sp,2,-11.73726,2.06763588e-02
OPA2,OPA,sp,2,-11.72726,1.97596943e-02
OPA2,OPA,sp,2,-11.71726,1.90048340e-02
OPA2,OPA,sp,2,-11.70726,1.83962997e-02
OPA2,OPA,sp,2,-11.69726,1.79234187e-02
OPA2,OPA,sp,2,-11.68726,1.75790301e-02
OPA2,OPA,sp,2,-11.67726,1.73588190e-02
OPA2,OPA,sp,2,-11.66726,1.72611262e-02
OPA2,OPA,sp,2,-11.65726,1.72870834e-02
OPA2,OPA,sp,2,-11.64726,1.74409826e-02
OPA2,OPA,sp,2,-11.63726,1.77308542e-02
OPA2,OPA,sp,2,-11.62726,1.81692957e-02
OPA2,OPA,sp,2,-11.61726,1.87746489e-02
OPA2,OPA,sp,2,-11.60726,1.95726961e-02
OPA2,OPA,sp,2,-11.59726,2.05991411e-02
OPA2,OPA,sp,2,-11.58726,2.19033030e-02
OPA2,OPA,sp,2,-11.57726,2.35537254e-02
OPA2,OPA,sp,2,-11.56726,2.56468903e-02
OPA2,OPA,sp,2,-11.55726,2.83211336e-02
OPA2,OPA,sp,2,-11.54726,3.17795862e-02
OPA2,OPA,sp,2,-11.53726,3.63294391e-02
OPA2,OPA,sp,2,-11.52726,4.24521592e-02
OPA2,OPA,sp,2,-11.51726,5.09356679e-02
OPA2,OPA,sp,2,-11.50726,6.31386870e-02
OPA2,OPA,sp,2,-11.49726,8.15585041e-02
OPA2,OPA,sp,2,-11.48726,1.11156140e-01
OPA2,OPA,sp,2,-11.47726,1.62744607e-01
OPA2,OPA,sp,2,-11.46726,2.62298773e-01
OPA2,OPA,sp,2,-11.45726,4.73482360e-01
OPA2,OPA,sp,2,-11.44726,8.61595629e-01
OPA2,OPA,sp,2,-11.43726,9.25421569e-01
OPA2,OPA,sp,2,-11.42726,5.00325888e-01
OPA2,OPA,sp,2,-11.41726,2.47158444e-01
OPA2,OPA,sp,2,-11.40726,1.35919912e-01
OPA2,OPA,sp,2,-11.39726,8.28450040e-02
OPA2,OPA,sp,2,-11.38726,5.45629264e-02
OPA2,OPA,sp,2,-11.37726,3.80647815e-02
OPA2,OPA,sp,2,-11.36726,2.77416660e-02
OPA2,OPA,sp,2,-11.35726,2.09196240e-02
OPA2,OPA,sp,2,-11.34726,1.62115668e-02
OPA2,OPA,sp,2,-11.33726,1.28464963e-02
OPA2,OPA,sp,2,-11.32726,1.03708749e-02
OPA2,OPA,sp,2,-11.31726,8.50507551e-03
OPA2,OPA,sp,2,-11.30726,7.06976010e-03
OPA2,OPA,sp,2,-11.29726,5.94599303e-03
OPA2,OPA,sp,2,-11.28726,5.05259548e-03
OPA2,OPA,sp,2,-11.27726,4.33275997e-03
OPA2,OPA,sp,2,-11.26726,3.74585657e-03
OPA2,OPA,sp,2,-11.25726,3.26226121e-03
OPA2,OPA,sp,2,-11.24726,2.86000193e-03
OPA2,OPA,sp,2,-11.23726,2.52253129e-03
OPA2,OPA,sp,2,-11.22726,2.23721469e-03
OPA2,OPA,sp,2,-11.21726,1.99428444e-03
OPA2,OPA,sp,2,-11.20726,1.78610357e-03
OPA2,OPA,sp,2,-11.19726,1.60663917e-03
OPA2,OPA,sp,2,-11.18726,1.45108028e-03
OPA2,OPA,sp,2,-11.17726,1.31555696e-03
OPA2,OPA,sp,2,-11.16726,1.19693118e-03
OPA2,OPA,sp,2,-11.15726,1.09263947e-03
OPA2,OPA,sp,2,-11.14726,1.00057323e-03
OPA2,OPA,sp,2,-11.13726,9.18986889e-04
OPA2,OPA,sp,2,-11.12726,8.46426710e-04
OPA2,OPA,sp,2,-11.11726,7.81675207e-04
OPA2,OPA,sp,2,-11.10726,7.23707382e-04
OPA2,OPA,sp,2,-11.09726,6.71656018e-04
OPA2,OPA,sp,2,-11.08726,6.24783978e-04
OPA2,OPA,sp,2,-11.07726,5.82461935e-04
OPA2,OPA,sp,2,-11.06726,5.44150372e-04
OPA2,OPA,sp,2,-11.05726,5.09384949e-04
OPA2,OPA,sp,2,-11.04726,4.77764536e-04
OPA2,OPA,sp,2,-11.03726,4.48941382e-04
OPA2,OPA,sp,2,-11.02726,4.22612996e-04
OPA2,OPA,sp,2,-11.01726,3.98515415e-04
OPA2,OPA,sp,2,-11.00726,3.76417590e-04
OPA2,OPA,sp,2,-10.99726,3.56116694e-04
OPA2,OPA,sp,2,-10.98726,3.37434179e-04
OPA2,OPA,sp,2,-10.97726,3.20212451e-04
OPA2,OPA,sp,2,-10.96726,3.04312052e-04
OPA2,OPA,sp,2,-10.95726,2.89609275e-04
OPA2,OPA,sp,2,-10.94726,2.75994129e-04
OPA2,OPA,sp,2,-10.93726,2.63368591e-04
OPA2,OPA,sp,2,-10.92726,2.51645124e-04
OPA2,OPA,sp,2,-10.91726,2.40745383e-04
OPA2,OPA,sp,2,-10.90726,2.30599118e-04
OPA2,OPA,sp,2,-10.89726,2.21143211e-04
OPA2,OPA,sp,2,-10.88726,2.12320847e-04
OPA2,OPA,sp,2,-10.87726,2.04080796e-04
OPA2,OPA,sp,2,-10.86726,1.96376782e-04
OPA2,OPA,sp,2,-10.85726,1.89166934e-04
OPA2,OPA,sp,2,-10.84726,1.82413309e-04
OPA2,OPA,sp,2,-10.83726,1.76081466e-04
OPA2,OPA,sp,2,-10.82726,1.70140100e-04
OPA2,OPA,sp,2,-10.81726,1.64560713e-04
OPA2,OPA,sp,2,-10.80726,1.59317326e-04
OPA2,OPA,sp,2,-10.79726,1.54386227e-04
OPA2,OPA,sp,2,-10.78726,1.49745743e-04
OPA2,OPA,sp,2,-10.77726,1.45376040e-04
OPA2,OPA,sp,2,-10.76726,1.41258947e-04
OPA2,OPA,sp,2,-10.75726,1.37377795e-04
OPA2,OPA,sp,2,-10.74726,1.33717275e-04
OPA2,OPA,sp,2,-10.73726,1.30263317e-04
OPA2,OPA,sp,2,-10.72726,1.27002970e-04
OPA2,OPA,sp,2,-10.71726,1.23924306e-04
OPA2,OPA,sp,2,-10.70726,1.21016325e-04
OPA2,OPA,sp,2,-10.69726,1.18268878e-04
OPA2,OPA,sp,2,-10.68726,1.15672589e-04
OPA2,OPA,sp,2,-10.67726,1.13218791e-04
OPA2,OPA,sp,2,-10.66726,1.10899465e-04
OPA2,OPA,sp,2,-10.65726,1.08707190e-04
OPA2,OPA,sp,2,-10.64726,1.06635087e-04
OPA2,OPA,sp,2,-10.63726,1.04676782e-04
OPA2,OPA,sp,2,-10.62726,1.02826361e-04
OPA2,OPA,sp,2,-10.61726,1.01078336e-04
OPA2,OPA,sp,2,-10.60726,9.94276114e-05
OPA2,OPA,sp,2,-10.59726,9.78694539e-05
OPA2,OPA,sp,2,-10.58726,9.63994653e-05
OPA2,OPA,sp,2,-10.57726,9.50135576e-05
OPA2,OPA,sp,2,-10.56726,9.37079303e-05
OPA2,OPA,sp,2,-10.55726,9.24790497e-05
OPA2,OPA,sp,2,-10.54726,9.13236297e-05
OPA2,OPA,sp,2,-10.53726,9.02386151e-05
OPA2,OPA,sp,2,-10.52726,8.92211655e-05
OPA2,OPA,sp,2,-10.51726,8.82686406e-05
OPA2,OPA,sp,2,-10.50726,8.73785875e-05
OPA2,OPA,sp,2,-10.49726,8.65487284e-05
OPA2,OPA,sp,2,-10.48726,8.57769493e-05
OPA2,OPA,sp,2,-10.47726,8.50612900e-05
OPA2,OPA,sp,2,-10.46726,8.43999350e-05
OPA2,OPA,sp,2,-10.45726,8.37912046e-05
OPA2,OPA,sp,2,-10.44726,8.32335475e-05
OPA2,OPA,sp,2,-10.43726,8.27255333e-05
OPA2,OPA,sp,2,-10.42726,8.22658459e-05
OPA2,OPA,sp,2,-10.41726,8.18532781e-05
OPA2,OPA,sp,2,-10.40726,8.14867255e-05
OPA2,OPA,sp,2,-10.39726,8.11651816e-05
OPA2,OPA,sp,2,-10.38726,8.08877336e-05
OPA2,OPA,sp,2,-10.37726,8.06535578e-05
OPA2,OPA,sp,2,-10.36726,8.04619162e-05
OPA2,OPA,sp,2,-10.35726,8.03121529e-05
OPA2,OPA,sp,2,-10.34726,8.02036908e-05
OPA2,OPA,sp,2,-10.33726,8.01360293e-05
OPA2,OPA,sp,2,-10.32726,8.01087415e-05
OPA2,OPA,sp,2,-10.31726,8.01214721e-05
OPA2,OPA,sp,2,-10.30726,8.01739353e-05
OPA2,OPA,sp,2,-10.29726,8.02659133e-05
OPA2,OPA,sp,2,-10.28726,8.03972547e-05
OPA2,OPA,sp,2,-10.27726,8.05678733e-05
OPA2,OPA,sp,2,-10.26726,8.07777471e-05
OPA2,OPA,sp,2,-10.25726,8.10269174e-05
OPA2,OPA,sp,2,-10.24726,8.13154881e-05
OPA2,OPA,sp,2,-10.23726,8.16436255e-05
OPA2,OPA,sp,2,-10.22726,8.20115579e-05
OPA2,OPA,sp,2,-10.21726,8.24195756e-05
OPA2,OPA,sp,2,-10.20726,8.28680308e-05
OPA2,OPA,sp,2,-10.19726,8.33573384e-05
OPA2,OPA,sp,2,-10.18726,8.38879757e-05
OPA2,OPA,sp,2,-10.17726,8.44604838e-05
OPA2,OPA,sp,2,-10.16726,8.50754682e-05
OPA2,OPA,sp,2,-10.15726,8.57335994e-05
OPA2,OPA,sp,2,-10.14726,8.64356148e-05
OPA2,OPA,sp,2,-10.13726,8.71823193e-05
OPA2,OPA,sp,2,-10.12726,8.79745876e-05
OPA2,OPA,sp,2,-10.11726,8.88133652e-05
OPA2,OPA,sp,2,-10.10726,8.96996710e-05
OPA2,OPA,sp,2,-10.09726,9.06345990e-05
OPA2,OPA,sp,2,-10.08726,9.16193208e-05
OPA2,OPA,sp,2,-10.07726,9.26550881e-05
OPA2,OPA,sp,2,-10.06726,9.37432356e-05
OPA2,OPA,sp,2,-10.05726,9.48851838e-05
OPA2,OPA,sp,2,-10.04726,9.60824424e-05
OPA2,OPA,sp,2,-10.03726,9.73366138e-05
OPA2,OPA,sp,2,-10.02726,9.86493967e-05
OPA2,OPA,sp,2,-10.01726,1.00022590e-04
OPA2,OPA,sp,2,-10.00726,1.01458099e-04
OPA2,OPA,sp,2,-9.99726,1.02957936e-04
OPA2,OPA,sp,2,-9.98726,1.04524229e-04
OPA2,OPA,sp,2,-9.97726,1.06159225e-04
OPA2,OPA,sp,2,-9.96726,1.07865298e-04
OPA2,OPA,sp,2,-9.95726,1.09644952e-04
OPA2,OPA,sp,2,-9.94726,1.11500829e-04
OPA2,OPA,sp,2,-9.93726,1.13435716e-04
OPA2,OPA,sp,2,-9.92726,1.15452551e-04
OPA2,OPA,sp,2,-9.91726,1.17554434e-04
OPA2,OPA,sp,2,-9.90726,1.19744632e-04
OPA2,OPA,sp,2,-9.89726,1.22026589e-04
OPA2,OPA,sp,2,-9.88726,1.24403936e-04
OPA2,OPA,sp,2,-9.87726,1.26880502e-04
OPA2,OPA,sp,2,-9.86726,1.29460321e-04
OPA2,OPA,sp,2,-9.85726,1.32147648e-04
OPA2,OPA,sp,2,-9.84726,1.34946969e-04
OPA2,OPA,sp,2,-9.83726,1.37863014e-04
OPA2,OPA,sp,2,-9.82726,1.40900773e-04
OPA2,OPA,sp,2,-9.81726,1.44065508e-04
OPA2,OPA,sp,2,-9.80726,1.47362769e-04
OPA2,OPA,sp,2,-9.79726,1.50798416e-04
OPA2,OPA,sp,2,-9.78726,1.54378629e-04
OPA2,OPA,sp,2,-9.77726,1.58109937e-04
OPA2,OPA,sp,2,-9.76726,1.61999228e-04
OPA2,OPA,sp,2,-9.75726,1.66053780e-04
OPA2,OPA,sp,2,-9.74726,1.70281282e-04
OPA2,OPA,sp,2,-9.73726,1.74689857e-04
OPA2,OPA,sp,2,-9.72726,1.79288091e-04
OPA2,OPA,sp,2,-9.71726,1.84085064e-04
OPA2,OPA,sp,2,-9.70726,1.89090376e-04
OPA2,OPA,sp,2,-9.69726,1.94314186e-04
OPA2,OPA,sp,2,-9.68726,1.99767244e-04
OPA2,OPA,sp,2,-9.67726,2.05460930e-04
OPA2,OPA,sp,2,-9.66726,2.11407298e-04
OPA2,OPA,sp,2,-9.65726,2.17619115e-04
OPA2,OPA,sp,2,-9.64726,2.24109913e-04
OPA2,OPA,sp,2,-9.63726,2.30894037e-04
OPA2,OPA,sp,2,-9.62726,2.37986703e-04
OPA2,OPA,sp,2,-9.61726,2.45404051e-04
OPA2,OPA,sp,2,-9.60726,2.53163215e-04
OPA2,OPA,sp,2,-9.59726,2.61282389e-04
OPA2,OPA,sp,2,-9.58726,2.69780897e-04
OPA2,OPA,sp,2,-9.57726,2.78679278e-04
OPA2,OPA,sp,2,-9.56726,2.87999365e-04
OPA2,OPA,sp,2,-9.55726,2.97764383e-04
OPA2,OPA,sp,2,-9.54726,3.07999045e-04
OPA2,OPA,sp,2,-9.53726,3.18729661e-04
OPA2,OPA,sp,2,-9.52726,3.29984251e-04
OPA2,OPA,sp,2,-9.51726,3.41792674e-04
OPA2,OPA,sp,2,-9.50726,3.54186764e-04
OPA2,OPA,sp,2,-9.49726,3.67200472e-04
OPA2,OPA,sp,2,-9.48726,3.80870031e-04
OPA2,OPA,sp,2,-9.47726,3.95234124e-04
OPA2,OPA,sp,2,-9.46726,4.10334075e-04
OPA2,OPA,sp,2,-9.45726,4.26214050e-04
OPA2,OPA,sp,2,-9.44726,4.42921276e-04
OPA2,OPA,sp,2,-9.43726,4.60506285e-04
OPA2,OPA,sp,2,-9.42726,4.79023170e-04
OPA2,OPA,sp,2,-9.41726,4.98529872e-04
OPA2,OPA,sp,2,-9.40726,5.19088488e-04
OPA2,OPA,sp,2,-9.39726,5.40765609e-04
OPA2,OPA,sp,2,-9.38726,5.63632683e-04
OPA2,OPA,sp,2,-9.37726,5.87766423e-04
OPA2,OPA,sp,2,-9.36726,6.13249239e-04
OPA2,OPA,sp,2,-9.35726,6.40169718e-04
OPA2,OPA,sp,2,-9.34726,6.68623152e-04
OPA2,OPA,sp,2,-9.33726,6.98712106e-04
OPA2,OPA,sp,2,-9.32726,7.30547051e-04
OPA2,OPA,sp,2,-9.31726,7.64247051e-04
OPA2,OPA,sp,2,-9.30726,7.99940520e-04
OPA2,OPA,sp,2,-9.29726,8.37766059e-04
OPA2,OPA,sp,2,-9.28726,8.77873362e-04
OPA2,OPA,sp,2,-9.27726,9.20424230e-04
OPA2,OPA,sp,2,-9.26726,9.65593681e-04
OPA2,OPA,sp,2,-9.25726,1.01357117e-03
OPA2,OPA,sp,2,-9.24726,1.06456193e-03
OPA2,OPA,sp,2,-9.23726,1.11878851e-03
OPA2,OPA,sp,2,-9.22726,1.17649235e-03
OPA2,OPA,sp,2,-9.21726,1.23793570e-03
OPA2,OPA,sp,2,-9.20726,1.30340356e-03
OPA2,OPA,sp,2,-9.19726,1.37320600e-03
OPA2,OPA,sp,2,-9.18726,1.44768065e-03
OPA2,OPA,sp,2,-9.17726,1.52719543e-03
OPA2,OPA,sp,2,-9.16726,1.61215171e-03
OPA2,OPA,sp,2,-9.15726,1.70298776e-03
OPA2,OPA,sp,2,-9.14726,1.80018257e-03
OPA2,OPA,sp,2,-9.13726,1.90426020e-03
OPA2,OPA,sp,2,-9.12726,2.01579460e-03
OPA2,OPA,sp,2,-9.11726,2.13541502e-03
OPA2,OPA,sp,2,-9.10726,2.26381210e-03
OPA2,OPA,sp,2,-9.09726,2.40174468e-03
OPA2,OPA,sp,2,-9.08726,2.55004752e-03
OPA2,OPA,sp,2,-9.07726,2.70963996e-03
OPA2,OPA,sp,2,-9.06726,2.88153571e-03
OPA2,OPA,sp,2,-9.05726,3.06685391e-03
OPA2,OPA,sp,2,-9.04726,3.26683171e-03
OPA2,OPA,sp,2,-9.03726,3.48283851e-03
OPA2,OPA,sp,2,-9.02726,3.71639208e-03
OPA2,OPA,sp,2,-9.01726,3.96917707e-03
OPA2,OPA,sp,2,-9.00726,4.24306600e-03
OPA2,OPA,sp,2,-8.99726,4.54014324e-03
OPA2,OPA,sp,2,-8.98726,4.86273262e-03
OPA2,OPA,sp,2,-8.97726,5.21342891e-03
OPA2,OPA,sp,2,-8.96726,5.59513415e-03
OPA2,OPA,sp,2,-8.95726,6.01109947e-03
OPA2,OPA,sp,2,-8.94726,6.46497336e-03
OPA2,OPA,sp,2,-8.93726,6.96085751e-03
OPA2,OPA,sp,2,-8.92726,7.50337165e-03
OPA2,OPA,sp,2,-8.91726,8.09772884e-03
OPA2,OPA,sp,2,-8.90726,8.74982322e-03
OPA2,OPA,sp,2,-8.89726,9.46633261e-03
OPA2,OPA,sp,2,-8.88726,1.02548385e-02
OPA2,OPA,sp,2,-8.87726,1.11239670e-02
OPA2,OPA,sp,2,-8.86726,1.20835551e-02
OPA2,OPA,sp,2,-8.85726,1.31448462e-02
OPA2,OPA,sp,2,-8.84726,1.43207223e-02
OPA2,OPA,sp,2,-8.83726,1.56259794e-02
OPA2,OPA,sp,2,-8.82726,1.70776551e-02
OPA2,OPA,sp,2,-8.81726,1.86954198e-02
OPA2,OPA,sp,2,-8.80726,2.05020459e-02
OPA2,OPA,sp,2,-8.79726,2.25239698e-02
OPA2,OPA,sp,2,-8.78726,2.47919698e-02
OPA2,OPA,sp,2,-8.77726,2.73419848e-02
OPA2,OPA,sp,2,-8.76726,3.02161049e-02
OPA2,OPA,sp,2,-8.75726,3.34637747e-02
OPA2,OPA,sp,2,-8.74726,3.71432569e-02
OPA2,OPA,sp,2,-8.73726,4.13234176e-02
OPA2,OPA,sp,2,-8.72726,4.60859046e-02
OPA2,OPA,sp,2,-8.71726,5.15278099e-02
OPA2,OPA,sp,2,-8.70726,5.77649225e-02
OPA2,OPA,sp,2,-8.69726,6.49356960e-02
OPA2,OPA,sp,2,-8.68726,7.32060734e-02
OPA2,OPA,sp,2,-8.67726,8.27753185e-02
OPA2,OPA,sp,2,-8.66726,9.38829963e-02
OPA2,OPA,sp,2,-8.65726,1.06817199e-01
OPA2,OPA,sp,2,-8.64726,1.21924000e-01
OPA2,OPA,sp,2,-8.63726,1.39617874e-01
OPA2,OPA,sp,2,-8.62726,1.60392371e-01
OPA2,OPA,sp,2,-8.61726,1.84829497e-01
OPA2,OPA,sp,2,-8.60726,2.13604835e-01
OPA2,OPA,sp,2,-8.59726,2.47483166e-01
OPA2,OPA,sp,2,-8.58726,2.87295835e-01
OPA2,OPA,sp,2,-8.57726,3.33886334e-01
OPA2,OPA,sp,2,-8.56726,3.88005090e-01
OPA2,OPA,sp,2,-8.55726,4.50130762e-01
OPA2,OPA,sp,2,-8.54726,5.20199515e-01
OPA2,OPA,sp,2,-8.53726,5.97246547e-01
OPA2,OPA,sp,2,-8.52726,6.79018534e-01
OPA2,OPA,sp,2,-8.51726,7.61703027e-01
OPA2,OPA,sp,2,-8.50726,8.40004191e-01
OPA2,OPA,sp,2,-8.49726,9.07780494e-01
OPA2,OPA,sp,2,-8.48726,9.59249708e-01
OPA2,OPA,sp,2,-8.47726,9.90399113e-01
OPA2,OPA,sp,2,-8.46726,9.99981435e-01
OPA2,OPA,sp,2,-8.45726,9.89622533e-01
OPA2,OPA,sp,2,-8.44726,9.63062277e-01
OPA2,OPA,sp,2,-8.43726,9.24987862e-01
OPA2,OPA,sp,2,-8.42726,8.79983633e-01
OPA2,OPA,sp,2,-8.41726,8.31883065e-01
OPA2,OPA,sp,2,-8.40726,7.83534069e-01
OPA2,OPA,sp,2,-8.39726,7.36844274e-01
OPA2,OPA,sp,2,-8.38726,6.92957813e-01
OPA2,OPA,sp,2,-8.37726,6.52460479e-01
OPA2,OPA,sp,2,-8.36726,6.15560939e-01
OPA2,OPA,sp,2,-8.35726,5.82230685e-01
OPA2,OPA,sp,2,-8.34726,5.52303450e-01
OPA2,OPA,sp,2,-8.33726,5.25541740e-01
OPA2,OPA,sp,2,-8.32726,5.01679180e-01
OPA2,OPA,sp,2,-8.31726,4.80446163e-01
OPA2,OPA,sp,2,-8.30726,4.61584456e-01
OPA2,OPA,sp,2,-8.29726,4.44854771e-01
OPA2,OPA,sp,2,-8.28726,4.30040000e-01
OPA2,OPA,sp,2,-8.27726,4.16945862e-01
OPA2,OPA,sp,2,-8.26726,4.05400107e-01
OPA2,OPA,sp,2,-8.25726,3.95250968e-01
OPA2,OPA,sp,2,-8.24726,3.86365282e-01
OPA2,OPA,sp,2,-8.23726,3.78626536e-01
OPA2,OPA,sp,2,-8.22726,3.71932979e-01
OPA2,OPA,sp,2,-8.21726,3.66195860e-01
OPA2,OPA,sp,2,-8.20726,3.61337839e-01
OPA2,OPA,sp,2,-8.19726,3.57291571e-01
OPA2,OPA,sp,2,-8.18726,3.53998462e-01
OPA2,OPA,sp,2,-8.17726,3.51407569e-01
OPA2,OPA,sp,2,-8.16726,3.49474661e-01
OPA2,OPA,sp,2,-8.15726,3.48161386e-01
OPA2,OPA,sp,2,-8.14726,3.47434558e-01
OPA2,OPA,sp,2,-8.13726,3.47265543e-01
OPA2,OPA,sp,2,-8.12726,3.47629710e-01
OPA2,OPA,sp,2,-8.11726,3.48505974e-01
OPA2,OPA,sp,2,-8.10726,3.49876381e-01
OPA2,OPA,sp,2,-8.09726,3.51725755e-01
OPA2,OPA,sp,2,-8.08726,3.54041383e-01
OPA2,OPA,sp,2,-8.07726,3.56812741e-01
OPA2,OPA,sp,2,-8.06726,3.60031246e-01
OPA2,OPA,sp,2,-8.05726,3.63690036e-01
OPA2,OPA,sp,2,-8.04726,3.67783774e-01
OPA2,OPA,sp,2,-8.03726,3.72308464e-01
OPA2,OPA,sp,2,-8.02726,3.77261286e-01
OPA2,OPA,sp,2,-8.01726,3.82640439e-01
OPA2,OPA,sp,2,-8.00726,3.88444994e-01
OPA2,OPA,sp,2,-7.99726,3.94674754e-01
OPA2,OPA,sp,2,-7.98726,4.01330116e-01
OPA2,OPA,sp,2,-7.97726,4.08411932e-01
OPA2,OPA,sp,2,-7.96726,4.15921383e-01
OPA2,OPA,sp,2,-7.95726,4.23859834e-01
OPA2,OPA,sp,2,-7.94726,4.32228701e-01
OPA2,OPA,sp,2,-7.93726,4.41029308e-01
OPA2,OPA,sp,2,-7.92726,4.50262740e-01
OPA2,OPA,sp,2,-7.91726,4.59929690e-01
OPA2,OPA,sp,2,-7.90726,4.70030300e-01
OPA2,OPA,sp,2,-7.89726,4.80563998e-01
OPA2,OPA,sp,2,-7.88726,4.91529320e-01
OPA2,OPA,sp,2,-7.87726,5.02923737e-01
OPA2,OPA,sp,2,-7.86726,5.14743462e-01
OPA2,OPA,sp,2,-7.85726,5.26983260e-01
OPA2,OPA,sp,2,-7.84726,5.39636247e-01
OPA2,OPA,sp,2,-7.83726,5.52693689e-01
OPA2,OPA,sp,2,-7.82726,5.66144794e-01
OPA2,OPA,sp,2,-7.81726,5.79976508e-01
OPA2,OPA,sp,2,-7.80726,5.94173309e-01
OPA2,OPA,sp,2,-7.79726,6.08717007e-01
OPA2,OPA,sp,2,-7.78726,6.23586557e-01
OPA2,OPA,sp,2,-7.77726,6.38757878e-01
OPA2,OPA,sp,2,-7.76726,6.54203697e-01
OPA2,OPA,sp,2,-7.75726,6.69893406e-01
OPA2,OPA,sp,2,-7.74726,6.85792957e-01
OPA2,OPA,sp,2,-7.73726,7.01864782e-01
OPA2,OPA,sp,2,-7.72726,7.18067755e-01
OPA2,OPA,sp,2,-7.71726,7.34357202e-01
OPA2,OPA,sp,2,-7.70726,7.50684952e-01
OPA2,OPA,sp,2,-7.69726,7.66999452e-01
OPA2,OPA,sp,2,-7.68726,7.83245935e-01
OPA2,OPA,sp,2,-7.67726,7.99366655e-01
OPA2,OPA,sp,2,-7.66726,8.15301180e-01
OPA2,OPA,sp,2,-7.65726,8.30986761e-01
OPA2,OPA,sp,2,-7.64726,8.46358754e-01
OPA2,OPA,sp,2,-7.63726,8.61351110e-01
OPA2,OPA,sp,2,-7.62726,8.75896924e-01
OPA2,OPA,sp,2,-7.61726,8.89929032e-01
OPA2,OPA,sp,2,-7.60726,9.03380647e-01
OPA2,OPA,sp,2,-7.59726,9.16186037e-01
OPA2,OPA,sp,2,-7.58726,9.28281212e-01
OPA2,OPA,sp,2,-7.57726,9.39604627e-01
OPA2,OPA,sp,2,-7.56726,9.50097869e-01
OPA2,OPA,sp,2,-7.55726,9.59706334e-01
OPA2,OPA,sp,2,-7.54726,9.68379856e-01
OPA2,OPA,sp,2,-7.53726,9.76073291e-01
OPA2,OPA,sp,2,-7.52726,9.82747048e-01
OPA2,OPA,sp,2,-7.51726,9.88367549e-01
OPA2,OPA,sp,2,-7.50726,9.92907639e-01
OPA2,OPA,sp,2,-7.49726,9.96347075e-01
OPA2,OPA,sp,2,-7.48726,9.98679920e-01
OPA2,OPA,sp,2,-7.47726,9.99910271e-01
OPA2,OPA,sp,2,-7.46726,9.99919084e-01
OPA2,OPA,sp,2,-7.45726,9.98890028e-01
OPA2,OPA,sp,2,-7.44726,9.96748573e-01
OPA2,OPA,sp,2,-7.43726,9.93520333e-01
OPA2,OPA,sp,2,-7.42726,9.89230985e-01
OPA2,OPA,sp,2,-7.41726,9.83910826e-01
OPA2,OPA,sp,2,-7.40726,9.77594822e-01
OPA2,OPA,sp,2,-7.39726,9.70322214e-01
OPA2,OPA,sp,2,-7.38726,9.62136005e-01
OPA2,OPA,sp,2,-7.37726,9.53082420e-01
OPA2,OPA,sp,2,-7.36726,9.43210349e-01
OPA2,OPA,sp,2,-7.35726,9.32570794e-01
OPA2,OPA,sp,2,-7.34726,9.21216338e-01
OPA2,OPA,sp,2,-7.33726,9.09200625e-01
OPA2,OPA,sp,2,-7.32726,8.96577881e-01
OPA2,OPA,sp,2,-7.31726,8.83402460e-01
OPA2,OPA,sp,2,-7.30726,8.69728434e-01
OPA2,OPA,sp,2,-7.29726,8.55609221e-01
OPA2,OPA,sp,2,-7.28726,8.41097252e-01
OPA2,OPA,sp,2,-7.27726,8.26243682e-01
OPA2,OPA,sp,2,-7.26726,8.11098142e-01
OPA2,OPA,sp,2,-7.25726,7.95708529e-01
OPA2,OPA,sp,2,-7.24726,7.80120834e-01
OPA2,OPA,sp,2,-7.23726,7.64379003e-01
OPA2,OPA,sp,2,-7.22726,7.48524833e-01
OPA2,OPA,sp,2,-7.21726,7.32597901e-01
OPA2,OPA,sp,2,-7.20726,7.16635508e-01
OPA2,OPA,sp,2,-7.19726,7.00672664e-01
OPA2,OPA,sp,2,-7.18726,6.84742076e-01
OPA2,OPA,sp,2,-7.17726,6.68874173e-01
OPA2,OPA,sp,2,-7.16726,6.53097127e-01
OPA2,OPA,sp,2,-7.15726,6.37436907e-01
OPA2,OPA,sp,2,-7.14726,6.21917331e-01
OPA3,OPA,sp,3,-15.14726,9.92394447e-06
OPA3,OPA,sp,3,-15.13726,5.56501183e-06
OPA3,OPA,sp,3,-15.12726,5.81658707e-06
OPA3,OPA,sp,3,-15.11726,6.40558463e-06
OPA3,OPA,sp,3,-15.10726,7.13350652e-06
OPA3,OPA,sp,3,-15.09726,7.97195825e-06
OPA3,OPA,sp,3,-15.08726,8.92023487e-06
OPA3,OPA,sp,3,-15.07726,9.98422248e-06
OPA3,OPA,sp,3,-15.06726,1.11697835e-05
OPA3,OPA,sp,3,-15.05726,1.24773893e-05
OPA3,OPA,sp,3,-15.04726,1.38935171e-05
OPA3,OPA,sp,3,-15.03726,1.53733700e-05
OPA3,OPA,sp,3,-15.02726,1.68029524e-05
OPA3,OPA,sp,3,-15.01726,1.79090033e-05
OPA3,OPA,sp,3,-15.00726,1.80229345e-05
OPA3,OPA,sp,3,-14.99726,1.53900475e-05
OPA3,OPA,sp,3,-14.98726,5.57153170e-06
OPA3,OPA,sp,3,-14.97726,3.24232508e-04
OPA3,OPA,sp,3,-14.96726,2.93567315e-04
OPA3,OPA,sp,3,-14.95726,1.79232020e-04
OPA3,OPA,sp,3,-14.94726,1.76787502e-04
OPA3,OPA,sp,3,-14.93726,2.01753986e-04
OPA3,OPA,sp,3,-14.92726,2.50568090e-04
OPA3,OPA,sp,3,-14.91726,3.35953660e-04
OPA3,OPA,sp,3,-14.90726,4.96188087e-04
OPA3,OPA,sp,3,-14.89726,8.59607924e-04
OPA3,OPA,sp,3,-14.88726,2.12383655e-03
OPA3,OPA,sp,3,-14.87726,2.44988698e-02
OPA3,OPA,sp,3,-14.86726,4.11183160e-03
OPA3,OPA,sp,3,-14.85726,3.13872378e-04
OPA3,OPA,sp,3,-14.84726,1.73261742e-04
OPA3,OPA,sp,3,-14.83726,1.03940346e-05
OPA3,OPA,sp,3,-14.82726,7.62232811e-05
OPA3,OPA,sp,3,-14.81726,2.07883670e-04
OPA3,OPA,sp,3,-14.80726,4.38856844e-04
OPA3,OPA,sp,3,-14.79726,8.63624898e-04
OPA3,OPA,sp,3,-14.78726,2.08169742e-03
OPA3,OPA,sp,3,-14.77726,3.77762329e-03
OPA3,OPA,sp,3,-14.76726,1.03766659e-02
OPA3,OPA,sp,3,-14.75726,5.15068154e-02
OPA3,OPA,sp,3,-14.74726,8.49377473e-01
OPA3,OPA,sp,3,-14.73726,4.66913110e-02
OPA3,OPA,sp,3,-14.72726,1.50110989e-02
OPA3,OPA,sp,3,-14.71726,7.85077050e-03
OPA3,OPA,sp,3,-14.70726,5.14499298e-03
OPA3,OPA,sp,3,-14.69726,3.73298681e-03
OPA3,OPA,sp,3,-14.68726,2.94417398e-03
OPA3,OPA,sp,3,-14.67726,2.45171846e-03
OPA3,OPA,sp,3,-14.66726,2.12540611e-03
OPA3,OPA,sp,3,-14.65726,1.90099745e-03
OPA3,OPA,sp,3,-14.64726,1.74362709e-03
OPA3,OPA,sp,3,-14.63726,1.63304135e-03
OPA3,OPA,sp,3,-14.62726,1.55688373e-03
OPA3,OPA,sp,3,-14.61726,1.50736899e-03
OPA3,OPA,sp,3,-14.60726,1.47953106e-03
OPA3,OPA,sp,3,-14.59726,1.47027636e-03
OPA3,OPA,sp,3,-14.58726,1.47788724e-03
OPA3,OPA,sp,3,-14.57726,1.50426275e-03
OPA3,OPA,sp,3,-14.56726,2.19590553e-03
OPA3,OPA,sp,3,-14.55726,1.62616992e-03
OPA3,OPA,sp,3,-14.54726,1.66705200e-03
OPA3,OPA,sp,3,-14.53726,1.74976612e-03
OPA3,OPA,sp,3,-14.52726,1.85513669e-03
OPA3,OPA,sp,3,-14.51726,1.98391054e-03
OPA3,OPA,sp,3,-14.50726,2.13928791e-03
OPA3,OPA,sp,3,-14.49726,2.32586439e-03
OPA3,OPA,sp,3,-14.48726,2.54970369e-03
OPA3,OPA,sp,3,-14.47726,2.81868996e-03
OPA3,OPA,sp,3,-14.46726,3.14308118e-03
OPA3,OPA,sp,3,-14.45726,3.53630804e-03
OPA3,OPA,sp,3,-14.44726,4.01611987e-03
OPA3,OPA,sp,3,-14.43726,4.60624638e-03
OPA3,OPA,sp,3,-14.42726,5.33884839e-03
OPA3,OPA,sp,3,-14.41726,6.25821140e-03
OPA3,OPA,sp,3,-14.40726,7.42647195e-03
OPA3,OPA,sp,3,-14.39726,8.93288085e-03
OPA3,OPA,sp,3,-14.38726,1.09101255e-02
OPA3,OPA,sp,3,-14.37726,1.35716857e-02
OPA3,OPA,sp,3,-14.36726,1.74598738e-02
OPA3,OPA,sp,3,-14.35726,2.80201759e-02
OPA3,OPA,sp,3,-14.34726,2.94123262e-02
OPA3,OPA,sp,3,-14.33726,3.99559914e-02
OPA3,OPA,sp,3,-14.32726,5.65369484e-02
OPA3,OPA,sp,3,-14.31726,8.37478637e-02
OPA3,OPA,sp,3,-14.30726,1.31213913e-01
OPA3,OPA,sp,3,-14.29726,2.19882358e-01
OPA3,OPA,sp,3,-14.28726,3.93911679e-01
OPA3,OPA,sp,3,-14.27726,7.06346378e-01
OPA3,OPA,sp,3,-14.26726,9.90602125e-01
OPA3,OPA,sp,3,-14.25726,8.61460948e-01
OPA3,OPA,sp,3,-14.24726,5.80274550e-01
OPA3,OPA,sp,3,-14.23726,3.89898972e-01
OPA3,OPA,sp,3,-14.22726,2.80280316e-01
OPA3,OPA,sp,3,-14.21726,2.16131510e-01
OPA3,OPA,sp,3,-14.20726,2.51159897e-01
OPA3,OPA,sp,3,-14.19726,1.51477394e-01
OPA3,OPA,sp,3,-14.18726,1.34601010e-01
OPA3,OPA,sp,3,-14.17726,1.24036403e-01
OPA3,OPA,sp,3,-14.16726,1.17793723e-01
OPA3,OPA,sp,3,-14.15726,1.14908386e-01
OPA3,OPA,sp,3,-14.14726,1.14897468e-01
OPA3,OPA,sp,3,-14.13726,1.17600358e-01
OPA3,OPA,sp,3,-14.12726,1.23118814e-01
OPA3,OPA,sp,3,-14.11726,1.31814540e-01
OPA3,OPA,sp,3,-14.10726,1.44355481e-01
OPA3,OPA,sp,3,-14.09726,1.61817751e-01
OPA3,OPA,sp,3,-14.08726,1.85863560e-01
OPA3,OPA,sp,3,-14.07726,2.19028493e-01
OPA3,OPA,sp,3,-14.06726,2.65153742e-01
OPA3,OPA,sp,3,-14.05726,3.29938707e-01
OPA3,OPA,sp,3,-14.04726,4.21270956e-01
OPA3,OPA,sp,3,-14.03726,5.47809168e-01
OPA3,OPA,sp,3,-14.02726,7.11165626e-01
OPA3,OPA,sp,3,-14.01726,8.84634256e-01
OPA3,OPA,sp,3,-14.00726,9.93190119e-01
OPA3,OPA,sp,3,-13.99726,9.63415737e-01
OPA3,OPA,sp,3,-13.98726,8.19526284e-01
OPA3,OPA,sp,3,-13.97726,6.47560374e-01
OPA3,OPA,sp,3,-13.96726,5.01151279e-01
OPA3,OPA,sp,3,-13.95726,3.91512540e-01
OPA3,OPA,sp,3,-13.94726,3.12781820e-01
OPA3,OPA,sp,3,-13.93726,2.56578265e-01
OPA3,OPA,sp,3,-13.92726,2.16160067e-01
OPA3,OPA,sp,3,-13.91726,1.86805971e-01
OPA3,OPA,sp,3,-13.90726,1.65347697e-01
OPA3,OPA,sp,3,-13.89726,1.49682481e-01
OPA3,OPA,sp,3,-13.88726,1.38419447e-01
OPA3,OPA,sp,3,-13.87726,1.30648508e-01
OPA3,OPA,sp,3,-13.86726,1.25796508e-01
OPA3,OPA,sp,3,-13.85726,1.23542488e-01
OPA3,OPA,sp,3,-13.84726,1.23774669e-01
OPA3,OPA,sp,3,-13.83726,1.26580841e-01
OPA3,OPA,sp,3,-13.82726,1.32271803e-01
OPA3,OPA,sp,3,-13.81726,1.41446435e-01
OPA3,OPA,sp,3,-13.80726,1.55119920e-01
OPA3,OPA,sp,3,-13.79726,1.74959261e-01
OPA3,OPA,sp,3,-13.78726,2.03711981e-01
OPA3,OPA,sp,3,-13.77726,2.45987066e-01
OPA3,OPA,sp,3,-13.76726,3.09635923e-01
OPA3,OPA,sp,3,-13.75726,4.07811621e-01
OPA3,OPA,sp,3,-13.74726,5.59505939e-01
OPA3,OPA,sp,3,-13.73726,7.73518386e-01
OPA3,OPA,sp,3,-13.72726,9.72632506e-01
OPA3,OPA,sp,3,-13.71726,9.49441774e-01
OPA3,OPA,sp,3,-13.70726,7.00817986e-01
OPA3,OPA,sp,3,-13.69726,4.53510530e-01
OPA3,OPA,sp,3,-13.68726,2.90794632e-01
OPA3,OPA,sp,3,-13.67726,1.93311520e-01
OPA3,OPA,sp,3,-13.66726,1.34351884e-01
OPA3,OPA,sp,3,-13.65726,9.73392214e-02
OPA3,OPA,sp,3,-13.64726,7.31393792e-02
OPA3,OPA,sp,3,-13.63726,5.67238058e-02
OPA3,OPA,sp,3,-13.62726,4.52406798e-02
OPA3,OPA,sp,3,-13.61726,3.70155718e-02
OPA3,OPA,sp,3,-13.60726,3.10371167e-02
OPA3,OPA,sp,3,-13.59726,2.66886396e-02
OPA3,OPA,sp,3,-13.58726,2.36098182e-02
OPA3,OPA,sp,3,-13.57726,2.16365992e-02
OPA3,OPA,sp,3,-13.56726,2.08065730e-02
OPA3,OPA,sp,3,-13.55726,2.14591337e-02
OPA3,OPA,sp,3,-13.54726,2.45551942e-02
OPA3,OPA,sp,3,-13.53726,3.26688629e-02
OPA3,OPA,sp,3,-13.52726,5.35462982e-02
OPA3,OPA,sp,3,-13.51726,1.16324053e-01
OPA3,OPA,sp,3,-13.50726,3.66194278e-01
OPA3,OPA,sp,3,-13.49726,1.01543754e+00
OPA3,OPA,sp,3,-13.48726,5.94052333e-01
OPA3,OPA,sp,3,-13.47726,4.96900401e-01
OPA3,OPA,sp,3,-13.46726,1.08971467e+00
OPA3,OPA,sp,3,-13.45726,3.28588123e-01
OPA3,OPA,sp,3,-13.44726,1.83059020e-01
OPA3,OPA,sp,3,-13.43726,1.45196986e-01
OPA3,OPA,sp,3,-13.42726,1.34743985e-01
OPA3,OPA,sp,3,-13.41726,1.37599432e-01
OPA3,OPA,sp,3,-13.40726,1.51197785e-01
OPA3,OPA,sp,3,-13.39726,1.77425888e-01
OPA3,OPA,sp,3,-13.38726,2.22376929e-01
OPA3,OPA,sp,3,-13.37726,2.99158253e-01
OPA3,OPA,sp,3,-13.36726,4.34456894e-01
OPA3,OPA,sp,3,-13.35726,6.75009299e-01
OPA3,OPA,sp,3,-13.34726,1.03666735e+00
OPA3,OPA,sp,3,-13.33726,1.28522660e+00
OPA3,OPA,sp,3,-13.32726,1.26383490e+00
OPA3,OPA,sp,3,-13.31726,1.33251584e+00
OPA3,OPA,sp,3,-13.30726,1.46735656e+00
OPA3,OPA,sp,3,-13.29726,1.57547687e+00
OPA3,OPA,sp,3,-13.28726,1.74093628e+00
OPA3,OPA,sp,3,-13.27726,8.89179522e-01
OPA3,OPA,sp,3,-13.26726,5.97239012e-01
OPA3,OPA,sp,3,-13.25726,4.83124438e-01
OPA3,OPA,sp,3,-13.24726,4.32968211e-01
OPA3,OPA,sp,3,-13.23726,4.17966033e-01
OPA3,OPA,sp,3,-13.22726,4.29408385e-01
OPA3,OPA,sp,3,-13.21726,4.66277105e-01
OPA3,OPA,sp,3,-13.20726,5.31652339e-01
OPA3,OPA,sp,3,-13.19726,6.29897264e-01
OPA3,OPA,sp,3,-13.18726,7.60325180e-01
OPA3,OPA,sp,3,-13.17726,9.04846971e-01
OPA3,OPA,sp,3,-13.16726,1.02106203e+00
OPA3,OPA,sp,3,-13.15726,1.06965425e+00
OPA3,OPA,sp,3,-13.14726,1.05746847e+00
OPA3,OPA,sp,3,-13.13726,1.02696493e+00
OPA3,OPA,sp,3,-13.12726,1.01388903e+00
OPA3,OPA,sp,3,-13.11726,1.02998126e+00
OPA3,OPA,sp,3,-13.10726,1.06218943e+00
OPA3,OPA,sp,3,-13.09726,1.07256615e+00
OPA3,OPA,sp,3,-13.08726,1.01605533e+00
OPA3,OPA,sp,3,-13.07726,8.86241896e-01
OPA3,OPA,sp,3,-13.06726,7.26958308e-01
OPA3,OPA,sp,3,-13.05726,5.84236564e-01
OPA3,OPA,sp,3,-13.04726,4.76318302e-01
OPA3,OPA,sp,3,-13.03726,4.02158300e-01
OPA3,OPA,sp,3,-13.02726,3.55139283e-01
OPA3,OPA,sp,3,-13.01726,3.29346049e-01
OPA3,OPA,sp,3,-13.00726,3.21137764e-01
OPA3,OPA,sp,3,-12.99726,3.29218975e-01
OPA3,OPA,sp,3,-12.98726,3.54531719e-01
OPA3,OPA,sp,3,-12.97726,4.00317277e-01
OPA3,OPA,sp,3,-12.96726,4.72267799e-01
OPA3,OPA,sp,3,-12.95726,5.78269734e-01
OPA3,OPA,sp,3,-12.94726,7.26596915e-01
OPA3,OPA,sp,3,-12.93726,9.21368833e-01
OPA3,OPA,sp,3,-12.92726,1.22231429e+00
OPA3,OPA,sp,3,-12.91726,1.20810845e+00
OPA3,OPA,sp,3,-12.90726,9.94489912e-01
OPA3,OPA,sp,3,-12.89726,7.80216024e-01
OPA3,OPA,sp,3,-12.88726,5.84215888e-01
OPA3,OPA,sp,3,-12.87726,4.53450508e-01
OPA3,OPA,sp,3,-12.86726,4.16804686e-01
OPA3,OPA,sp,3,-12.85726,4.15940375e-01
OPA3,OPA,sp,3,-12.84726,4.24681979e-01
OPA3,OPA,sp,3,-12.83726,4.42077747e-01
OPA3,OPA,sp,3,-12.82726,4.71412815e-01
OPA3,OPA,sp,3,-12.81726,5.16555106e-01
OPA3,OPA,sp,3,-12.80726,5.81801503e-01
OPA3,OPA,sp,3,-12.79726,6.71000452e-01
OPA3,OPA,sp,3,-12.78726,7.83592748e-01
OPA3,OPA,sp,3,-12.77726,9.04450117e-01
OPA3,OPA,sp,3,-12.76726,9.90299275e-01
OPA3,OPA,sp,3,-12.75726,9.80469062e-01
OPA3,OPA,sp,3,-12.74726,8.57576036e-01
OPA3,OPA,sp,3,-12.73726,6.77602734e-01
OPA3,OPA,sp,3,-12.72726,5.06867073e-01
OPA3,OPA,sp,3,-12.71726,3.73606507e-01
OPA3,OPA,sp,3,-12.70726,2.77724496e-01
OPA3,OPA,sp,3,-12.69726,2.10397787e-01
OPA3,OPA,sp,3,-12.68726,1.63009365e-01
OPA3,OPA,sp,3,-12.67726,1.29188542e-01
OPA3,OPA,sp,3,-12.66726,1.04611985e-01
OPA3,OPA,sp,3,-12.65726,8.64157619e-02
OPA3,OPA,sp,3,-12.64726,7.27013856e-02
OPA3,OPA,sp,3,-12.63726,6.21960090e-02
OPA3,OPA,sp,3,-12.62726,5.40327604e-02
OPA3,OPA,sp,3,-12.61726,4.76111372e-02
OPA3,OPA,sp,3,-12.60726,4.25081167e-02
OPA3,OPA,sp,3,-12.59726,3.84209760e-02
OPA3,OPA,sp,3,-12.58726,3.51299957e-02
OPA3,OPA,sp,3,-12.57726,3.24737626e-02
OPA3,OPA,sp,3,-12.56726,3.03325725e-02
OPA3,OPA,sp,3,-12.55726,2.86171245e-02
OPA3,OPA,sp,3,-12.54726,2.72607369e-02
OPA3,OPA,sp,3,-12.53726,2.62139506e-02
OPA3,OPA,sp,3,-12.52726,2.54407930e-02
OPA3,OPA,sp,3,-12.51726,2.49162287e-02
OPA3,OPA,sp,3,-12.50726,2.46244963e-02
OPA3,OPA,sp,3,-12.49726,2.45581472e-02
OPA3,OPA,sp,3,-12.48726,2.47176891e-02
OPA3,OPA,sp,3,-12.47726,2.51118112e-02
OPA3,OPA,sp,3,-12.46726,2.57582386e-02
OPA3,OPA,sp,3,-12.45726,2.66853489e-02
OPA3,OPA,sp,3,-12.44726,2.79347982e-02
OPA3,OPA,sp,3,-12.43726,2.95655762e-02
OPA3,OPA,sp,3,-12.42726,3.16601862e-02
OPA3,OPA,sp,3,-12.41726,3.43341136e-02
OPA3,OPA,sp,3,-12.40726,3.77505613e-02
OPA3,OPA,sp,3,-12.39726,4.21439296e-02
OPA3,OPA,sp,3,-12.38726,4.78583986e-02
OPA3,OPA,sp,3,-12.37726,5.54141269e-02
OPA3,OPA,sp,3,-12.36726,6.56323288e-02
OPA3,OPA,sp,3,-12.35726,8.25544953e-02
OPA3,OPA,sp,3,-12.34726,9.98670811e-02
OPA3,OPA,sp,3,-12.33726,1.30426017e-01
OPA3,OPA,sp,3,-12.32726,1.76327906e-01
OPA3,OPA,sp,3,-12.31726,2.55117792e-01
OPA3,OPA,sp,3,-12.30726,3.91588642e-01
OPA3,OPA,sp,3,-12.29726,6.25716891e-01
OPA3,OPA,sp,3,-12.28726,9.21763826e-01
OPA3,OPA,sp,3,-12.27726,9.62715251e-01
OPA3,OPA,sp,3,-12.26726,6.77741946e-01
OPA3,OPA,sp,3,-12.25726,4.16712324e-01
OPA3,OPA,sp,3,-12.24726,2.63008844e-01
OPA3,OPA,sp,3,-12.23726,1.76818361e-01
OPA3,OPA,sp,3,-12.22726,1.26435879e-01
OPA3,OPA,sp,3,-12.21726,9.53912568e-02
OPA3,OPA,sp,3,-12.20726,7.53504532e-02
OPA3,OPA,sp,3,-12.19726,6.18033276e-02
OPA3,OPA,sp,3,-12.18726,5.19622967e-02
OPA3,OPA,sp,3,-12.17726,4.39538164e-02
OPA3,OPA,sp,3,-12.16726,3.69176709e-02
OPA3,OPA,sp,3,-12.15726,3.09296898e-02
OPA3,OPA,sp,3,-12.14726,2.61857255e-02
OPA3,OPA,sp,3,-12.13726,2.25731882e-02
OPA3,OPA,sp,3,-12.12726,1.98307988e-02
OPA3,OPA,sp,3,-12.11726,1.77192694e-02
OPA3,OPA,sp,3,-12.10726,1.60645136e-02
OPA3,OPA,sp,3,-12.09726,1.47477692e-02
OPA3,OPA,sp,3,-12.08726,1.36883243e-02
OPA3,OPA,sp,3,-12.07726,1.28303651e-02
OPA3,OPA,sp,3,-12.06726,1.21344367e-02
OPA3,OPA,sp,3,-12.05726,1.15720977e-02
OPA3,OPA,sp,3,-12.04726,1.11225618e-02
OPA3,OPA,sp,3,-12.03726,1.07705517e-02
OPA3,OPA,sp,3,-12.02726,1.05049011e-02
OPA3,OPA,sp,3,-12.01726,1.03176352e-02
OPA3,OPA,sp,3,-12.00726,1.02033651e-02
OPA3,OPA,sp,3,-11.99726,1.01589029e-02
OPA3,OPA,sp,3,-11.98726,1.01830395e-02
OPA3,OPA,sp,3,-11.97726,1.02764529e-02
OPA3,OPA,sp,3,-11.96726,1.04417349e-02
OPA3,OPA,sp,3,-11.95726,1.06835335e-02
OPA3,OPA,sp,3,-11.94726,1.10088244e-02
OPA3,OPA,sp,3,-11.93726,1.14273394e-02
OPA3,OPA,sp,3,-11.92726,1.19521962e-02
OPA3,OPA,sp,3,-11.91726,1.26008021e-02
OPA3,OPA,sp,3,-11.90726,1.33961414e-02
OPA3,OPA,sp,3,-11.89726,1.43686199e-02
OPA3,OPA,sp,3,-11.88726,1.55587326e-02
OPA3,OPA,sp,3,-11.87726,1.70209845e-02
OPA3,OPA,sp,3,-11.86726,1.88297610e-02
OPA3,OPA,sp,3,-11.85726,2.10883178e-02
OPA3,OPA,sp,3,-11.84726,2.39429043e-02
OPA3,OPA,sp,3,-11.83726,2.76056122e-02
OPA3,OPA,sp,3,-11.82726,3.23925957e-02
OPA3,OPA,sp,3,-11.81726,3.87904902e-02
OPA3,OPA,sp,3,-11.80726,4.75769798e-02
OPA3,OPA,sp,3,-11.79726,6.00508456e-02
OPA3,OPA,sp,3,-11.78726,7.84963763e-02
OPA3,OPA,sp,3,-11.77726,1.07180635e-01
OPA3,OPA,sp,3,-11.76726,1.54628115e-01
OPA3,OPA,sp,3,-11.75726,2.38970031e-01
OPA3,OPA,sp,3,-11.74726,3.98893423e-01
OPA3,OPA,sp,3,-11.73726,6.90424033e-01
OPA3,OPA,sp,3,-11.72726,9.87357507e-01
OPA3,OPA,sp,3,-11.71726,8.38043747e-01
OPA3,OPA,sp,3,-11.70726,5.07120197e-01
OPA3,OPA,sp,3,-11.69726,3.01191562e-01
OPA3,OPA,sp,3,-11.68726,1.92356779e-01
OPA3,OPA,sp,3,-11.67726,1.32309861e-01
OPA3,OPA,sp,3,-11.66726,9.67207995e-02
OPA3,OPA,sp,3,-11.65726,7.42186797e-02
OPA3,OPA,sp,3,-11.64726,5.92207698e-02
OPA3,OPA,sp,3,-11.63726,4.87972984e-02
OPA3,OPA,sp,3,-11.62726,4.13119413e-02
OPA3,OPA,sp,3,-11.61726,3.58003815e-02
OPA3,OPA,sp,3,-11.60726,3.16682411e-02
OPA3,OPA,sp,3,-11.59726,2.85355307e-02
OPA3,OPA,sp,3,-11.58726,2.61523809e-02
OPA3,OPA,sp,3,-11.57726,2.43513952e-02
OPA3,OPA,sp,3,-11.56726,2.30197999e-02
OPA3,OPA,sp,3,-11.55726,2.20828426e-02
OPA3,OPA,sp,3,-11.54726,2.14939581e-02
OPA3,OPA,sp,3,-11.53726,2.12293312e-02
OPA3,OPA,sp,3,-11.52726,2.12856952e-02
OPA3,OPA,sp,3,-11.51726,2.16810057e-02
OPA3,OPA,sp,3,-11.50726,2.24583498e-02
OPA3,OPA,sp,3,-11.49726,2.36943649e-02
OPA3,OPA,sp,3,-11.48726,2.55149865e-02
OPA3,OPA,sp,3,-11.47726,2.81244018e-02
OPA3,OPA,sp,3,-11.46726,3.18597622e-02
OPA3,OPA,sp,3,-11.45726,3.73000947e-02
OPA3,OPA,sp,3,-11.44726,4.54991523e-02
OPA3,OPA,sp,3,-11.43726,5.85312366e-02
OPA3,OPA,sp,3,-11.42726,8.09301777e-02
OPA3,OPA,sp,3,-11.41726,1.24095814e-01
OPA3,OPA,sp,3,-11.40726,2.22421491e-01
OPA3,OPA,sp,3,-11.39726,4.96163346e-01
OPA3,OPA,sp,3,-11.38726,9.95194834e-01
OPA3,OPA,sp,3,-11.37726,5.27737762e-01
OPA3,OPA,sp,3,-11.36726,1.93805613e-01
OPA3,OPA,sp,3,-11.35726,8.83586422e-02
OPA3,OPA,sp,3,-11.34726,4.77790231e-02
OPA3,OPA,sp,3,-11.33726,2.89003454e-02
OPA3,OPA,sp,3,-11.32726,1.88743490e-02
OPA3,OPA,sp,3,-11.31726,1.30273498e-02
OPA3,OPA,sp,3,-11.30726,9.37444014e-03
OPA3,OPA,sp,3,-11.29726,6.96917206e-03
OPA3,OPA,sp,3,-11.28726,5.31855115e-03
OPA3,OPA,sp,3,-11.27726,4.14735401e-03
OPA3,OPA,sp,3,-11.26726,3.29313903e-03
OPA3,OPA,sp,3,-11.25726,2.65555592e-03
OPA3,OPA,sp,3,-11.24726,2.17020837e-03
OPA3,OPA,sp,3,-11.23726,1.79442002e-03
OPA3,OPA,sp,3,-11.22726,1.49911696e-03
OPA3,OPA,sp,3,-11.21726,1.26401251e-03
OPA3,OPA,sp,3,-11.20726,1.07465178e-03
OPA3,OPA,sp,3,-11.19726,9.20543022e-04
OPA3,OPA,sp,3,-11.18726,7.93944801e-04
OPA3,OPA,sp,3,-11.17726,6.89060301e-04
OPA3,OPA,sp,3,-11.16726,6.01490888e-04
OPA3,OPA,sp,3,-11.15726,5.27858522e-04
OPA3,OPA,sp,3,-11.14726,4.65540430e-04
OPA3,OPA,sp,3,-11.13726,4.12479769e-04
OPA3,OPA,sp,3,-11.12726,3.67048628e-04
OPA3,OPA,sp,3,-11.11726,3.27947630e-04
OPA3,OPA,sp,3,-11.10726,2.94131469e-04
OPA3,OPA,sp,3,-11.09726,2.64753101e-04
OPA3,OPA,sp,3,-11.08726,2.39121480e-04
OPA3,OPA,sp,3,-11.07726,2.16669259e-04
OPA3,OPA,sp,3,-11.06726,1.96927884e-04
OPA3,OPA,sp,3,-11.05726,1.79508242e-04
OPA3,OPA,sp,3,-11.04726,1.64085503e-04
OPA3,OPA,sp,3,-11.03726,1.50387166e-04
OPA3,OPA,sp,3,-11.02726,1.38183567e-04
OPA3,OPA,sp,3,-11.01726,1.27280292e-04
OPA3,OPA,sp,3,-11.00726,1.17512084e-04
OPA3,OPA,sp,3,-10.99726,1.08737915e-04
OPA3,OPA,sp,3,-10.98726,1.00836982e-04
OPA3,OPA,sp,3,-10.97726,9.37054340e-05
OPA3,OPA,sp,3,-10.96726,8.72536922e-05
OPA3,OPA,sp,3,-10.95726,8.14042359e-05
OPA3,OPA,sp,3,-10.94726,7.60897712e-05
OPA3,OPA,sp,3,-10.93726,7.12517083e-05
OPA3,OPA,sp,3,-10.92726,6.68388903e-05
OPA3,OPA,sp,3,-10.91726,6.28065284e-05
OPA3,OPA,sp,3,-10.90726,5.91153066e-05
OPA3,OPA,sp,3,-10.89726,5.57306258e-05
OPA3,OPA,sp,3,-10.88726,5.26219647e-05
OPA3,OPA,sp,3,-10.87726,4.97623363e-05
OPA3,OPA,sp,3,-10.86726,4.71278251e-05
OPA3,OPA,sp,3,-10.85726,4.46971919e-05
OPA3,OPA,sp,3,-10.84726,4.24515349e-05
OPA3,OPA,sp,3,-10.83726,4.03739987e-05
OPA3,OPA,sp,3,-10.82726,3.84495238e-05
OPA3,OPA,sp,3,-10.81726,3.66646297e-05
OPA3,OPA,sp,3,-10.80726,3.50072278e-05
OPA3,OPA,sp,3,-10.79726,3.34664585e-05
OPA3,OPA,sp,3,-10.78726,3.20325497e-05
OPA3,OPA,sp,3,-10.77726,3.06966940e-05
OPA3,OPA,sp,3,-10.76726,2.94509402e-05
OPA3,OPA,sp,3,-10.75726,2.82880995e-05
OPA3,OPA,sp,3,-10.74726,2.72016626e-05
OPA3,OPA,sp,3,-10.73726,2.61857271e-05
OPA3,OPA,sp,3,-10.72726,2.52349335e-05
OPA3,OPA,sp,3,-10.71726,2.43444086e-05
OPA3,OPA,sp,3,-10.70726,2.35097156e-05
OPA3,OPA,sp,3,-10.69726,2.27268101e-05
OPA3,OPA,sp,3,-10.68726,2.19920011e-05
OPA3,OPA,sp,3,-10.67726,2.13019154e-05
OPA3,OPA,sp,3,-10.66726,2.06534679e-05
OPA3,OPA,sp,3,-10.65726,2.00438327e-05
OPA3,OPA,sp,3,-10.64726,1.94704198e-05
OPA3,OPA,sp,3,-10.63726,1.89308519e-05
OPA3,OPA,sp,3,-10.62726,1.84229459e-05
OPA3,OPA,sp,3,-10.61726,1.79446942e-05
OPA3,OPA,sp,3,-10.60726,1.74942497e-05
OPA3,OPA,sp,3,-10.59726,1.70699112e-05
OPA3,OPA,sp,3,-10.58726,1.66701108e-05
OPA3,OPA,sp,3,-10.57726,1.62934022e-05
OPA3,OPA,sp,3,-10.56726,1.59384506e-05
OPA3,OPA,sp,3,-10.55726,1.56040232e-05
OPA3,OPA,sp,3,-10.54726,1.52889806e-05
OPA3,OPA,sp,3,-10.53726,1.49922694e-05
OPA3,OPA,sp,3,-10.52726,1.47129150e-05
OPA3,OPA,sp,3,-10.51726,1.44500158e-05
OPA3,OPA,sp,3,-10.50726,1.42027370e-05
OPA3,OPA,sp,3,-10.49726,1.39703055e-05
OPA3,OPA,sp,3,-10.48726,1.37520057e-05
OPA3,OPA,sp,3,-10.47726,1.35471744e-05
OPA3,OPA,sp,3,-10.46726,1.33551978e-05
OPA3,OPA,sp,3,-10.45726,1.31755072e-05
OPA3,OPA,sp,3,-10.44726,1.30075765e-05
OPA3,OPA,sp,3,-10.43726,1.28509185e-05
OPA3,OPA,sp,3,-10.42726,1.27050828e-05
OPA3,OPA,sp,3,-10.41726,1.25696532e-05
OPA3,OPA,sp,3,-10.40726,1.24442454e-05
OPA3,OPA,sp,3,-10.39726,1.23285051e-05
OPA3,OPA,sp,3,-10.38726,1.22221058e-05
OPA3,OPA,sp,3,-10.37726,1.21247476e-05
OPA3,OPA,sp,3,-10.36726,1.20361556e-05
OPA3,OPA,sp,3,-10.35726,1.19560780e-05
OPA3,OPA,sp,3,-10.34726,1.18842853e-05
OPA3,OPA,sp,3,-10.33726,1.18205693e-05
OPA3,OPA,sp,3,-10.32726,1.17647413e-05
OPA3,OPA,sp,3,-10.31726,1.17166319e-05
OPA3,OPA,sp,3,-10.30726,1.16760899e-05
OPA3,OPA,sp,3,-10.29726,1.16429813e-05
OPA3,OPA,sp,3,-10.28726,1.16171891e-05
OPA3,OPA,sp,3,-10.27726,1.15986121e-05
OPA3,OPA,sp,3,-10.26726,1.15871649e-05
OPA3,OPA,sp,3,-10.25726,1.15827770e-05
OPA3,OPA,sp,3,-10.24726,1.15853926e-05
OPA3,OPA,sp,3,-10.23726,1.15949702e-05
OPA3,OPA,sp,3,-10.22726,1.16114824e-05
OPA3,OPA,sp,3,-10.21726,1.16349154e-05
OPA3,OPA,sp,3,-10.20726,1.16652692e-05
OPA3,OPA,sp,3,-10.19726,1.17025569e-05
OPA3,OPA,sp,3,-10.18726,1.17468053e-05
OPA3,OPA,sp,3,-10.17726,1.17980542e-05
OPA3,OPA,sp,3,-10.16726,1.18563568e-05
OPA3,OPA,sp,3,-10.15726,1.19217797e-05
OPA3,OPA,sp,3,-10.14726,1.19944028e-05
OPA3,OPA,sp,3,-10.13726,1.20743196e-05
OPA3,OPA,sp,3,-10.12726,1.21616375e-05
OPA3,OPA,sp,3,-10.11726,1.22564777e-05
OPA3,OPA,sp,3,-10.10726,1.23589757e-05
OPA3,OPA,sp,3,-10.09726,1.24692817e-05
OPA3,OPA,sp,3,-10.08726,1.25875609e-05
OPA3,OPA,sp,3,-10.07726,1.27139936e-05
OPA3,OPA,sp,3,-10.06726,1.28487763e-05
OPA3,OPA,sp,3,-10.05726,1.29921216e-05
OPA3,OPA,sp,3,-10.04726,1.31442594e-05
OPA3,OPA,sp,3,-10.03726,1.33054370e-05
OPA3,OPA,sp,3,-10.02726,1.34759200e-05
OPA3,OPA,sp,3,-10.01726,1.36559932e-05
OPA3,OPA,sp,3,-10.00726,1.38459614e-05
OPA3,OPA,sp,3,-9.99726,1.40461500e-05
OPA3,OPA,sp,3,-9.98726,1.42569063e-05
OPA3,OPA,sp,3,-9.97726,1.44786007e-05
OPA3,OPA,sp,3,-9.96726,1.47116272e-05
OPA3,OPA,sp,3,-9.95726,1.49564053e-05
OPA3,OPA,sp,3,-9.94726,1.52133810e-05
OPA3,OPA,sp,3,-9.93726,1.54830282e-05
OPA3,OPA,sp,3,-9.92726,1.57658505e-05
OPA3,OPA,sp,3,-9.91726,1.60623824e-05
OPA3,OPA,sp,3,-9.90726,1.63731914e-05
OPA3,OPA,sp,3,-9.89726,1.66988800e-05
OPA3,OPA,sp,3,-9.88726,1.70400873e-05
OPA3,OPA,sp,3,-9.87726,1.73974917e-05
OPA3,OPA,sp,3,-9.86726,1.77718129e-05
OPA3,OPA,sp,3,-9.85726,1.81638144e-05
OPA3,OPA,sp,3,-9.84726,1.85743066e-05
OPA3,OPA,sp,3,-9.83726,1.90041494e-05
OPA3,OPA,sp,3,-9.82726,1.94542552e-05
OPA3,OPA,sp,3,-9.81726,1.99255928e-05
OPA3,OPA,sp,3,-9.80726,2.04191905e-05
OPA3,OPA,sp,3,-9.79726,2.09361403e-05
OPA3,OPA,sp,3,-9.78726,2.14776019e-05
OPA3,OPA,sp,3,-9.77726,2.20448075e-05
OPA3,OPA,sp,3,-9.76726,2.26390663e-05
OPA3,OPA,sp,3,-9.75726,2.32617699e-05
OPA3,OPA,sp,3,-9.74726,2.39143980e-05
OPA3,OPA,sp,3,-9.73726,2.45985246e-05
OPA3,OPA,sp,3,-9.72726,2.53158241e-05
OPA3,OPA,sp,3,-9.71726,2.60680787e-05
OPA3,OPA,sp,3,-9.70726,2.68571862e-05
OPA3,OPA,sp,3,-9.69726,2.76851677e-05
OPA3,OPA,sp,3,-9.68726,2.85541772e-05
OPA3,OPA,sp,3,-9.67726,2.94665106e-05
OPA3,OPA,sp,3,-9.66726,3.04246163e-05
OPA3,OPA,sp,3,-9.65726,3.14311068e-05
OPA3,OPA,sp,3,-9.64726,3.24887706e-05
OPA3,OPA,sp,3,-9.63726,3.36005851e-05
OPA3,OPA,sp,3,-9.62726,3.47697318e-05
OPA3,OPA,sp,3,-9.61726,3.59996109e-05
OPA3,OPA,sp,3,-9.60726,3.72938588e-05
OPA3,OPA,sp,3,-9.59726,3.86563660e-05
OPA3,OPA,sp,3,-9.58726,4.00912975e-05
OPA3,OPA,sp,3,-9.57726,4.16031136e-05
OPA3,OPA,sp,3,-9.56726,4.31965945e-05
OPA3,OPA,sp,3,-9.55726,4.48768649e-05
OPA3,OPA,sp,3,-9.54726,4.66494226e-05
OPA3,OPA,sp,3,-9.53726,4.85201687e-05
OPA3,OPA,sp,3,-9.52726,5.04954405e-05
OPA3,OPA,sp,3,-9.51726,5.25820484e-05
OPA3,OPA,sp,3,-9.50726,5.47873146e-05
OPA3,OPA,sp,3,-9.49726,5.71191172e-05
OPA3,OPA,sp,3,-9.48726,5.95859370e-05
OPA3,OPA,sp,3,-9.47726,6.21969095e-05
OPA3,OPA,sp,3,-9.46726,6.49618814e-05
OPA3,OPA,sp,3,-9.45726,6.78914733e-05
OPA3,OPA,sp,3,-9.44726,7.09971478e-05
OPA3,OPA,sp,3,-9.43726,7.42912843e-05
OPA3,OPA,sp,3,-9.42726,7.77872619e-05
OPA3,OPA,sp,3,-9.41726,8.14995497e-05
OPA3,OPA,sp,3,-9.40726,8.54438069e-05
OPA3,OPA,sp,3,-9.39726,8.96369928e-05
OPA3,OPA,sp,3,-9.38726,9.40974883e-05
OPA3,OPA,sp,3,-9.37726,9.88452298e-05
OPA3,OPA,sp,3,-9.36726,1.03901857e-04
OPA3,OPA,sp,3,-9.35726,1.09290879e-04
OPA3,OPA,sp,3,-9.34726,1.15037851e-04
OPA3,OPA,sp,3,-9.33726,1.21170579e-04
OPA3,OPA,sp,3,-9.32726,1.27719343e-04
OPA3,OPA,sp,3,-9.31726,1.34717142e-04
OPA3,OPA,sp,3,-9.30726,1.42199973e-04
OPA3,OPA,sp,3,-9.29726,1.50207132e-04
OPA3,OPA,sp,3,-9.28726,1.58781561e-04
OPA3,OPA,sp,3,-9.27726,1.67970224e-04
OPA3,OPA,sp,3,-9.26726,1.77824537e-04
OPA3,OPA,sp,3,-9.25726,1.88400837e-04
OPA3,OPA,sp,3,-9.24726,1.99760920e-04
OPA3,OPA,sp,3,-9.23726,2.11972634e-04
OPA3,OPA,sp,3,-9.22726,2.25110548e-04
OPA3,OPA,sp,3,-9.21726,2.39256704e-04
OPA3,OPA,sp,3,-9.20726,2.54501464e-04
OPA3,OPA,sp,3,-9.19726,2.70944460e-04
OPA3,OPA,sp,3,-9.18726,2.88695673e-04
OPA3,OPA,sp,3,-9.17726,3.07876644e-04
OPA3,OPA,sp,3,-9.16726,3.28621851e-04
OPA3,OPA,sp,3,-9.15726,3.51080265e-04
OPA3,OPA,sp,3,-9.14726,3.75417119e-04
OPA3,OPA,sp,3,-9.13726,4.01815917e-04
OPA3,OPA,sp,3,-9.12726,4.30480727e-04
OPA3,OPA,sp,3,-9.11726,4.61638789e-04
OPA3,OPA,sp,3,-9.10726,4.95543498e-04
OPA3,OPA,sp,3,-9.09726,5.32477826e-04
OPA3,OPA,sp,3,-9.08726,5.72758238e-04
OPA3,OPA,sp,3,-9.07726,6.16739194e-04
OPA3,OPA,sp,3,-9.06726,6.64818341e-04
OPA3,OPA,sp,3,-9.05726,7.17442495e-04
OPA3,OPA,sp,3,-9.04726,7.75114559e-04
OPA3,OPA,sp,3,-9.03726,8.38401552e-04
OPA3,OPA,sp,3,-9.02726,9.07943919e-04
OPA3,OPA,sp,3,-9.01726,9.84466384e-04
OPA3,OPA,sp,3,-9.00726,1.06879061e-03
OPA3,OPA,sp,3,-8.99726,1.16185003e-03
OPA3,OPA,sp,3,-8.98726,1.26470722e-03
OPA3,OPA,sp,3,-8.97726,1.37857434e-03
OPA3,OPA,sp,3,-8.96726,1.50483731e-03
OPA3,OPA,sp,3,-8.95726,1.64508434e-03
OPA3,OPA,sp,3,-8.94726,1.80113982e-03
OPA3,OPA,sp,3,-8.93726,1.97510471e-03
OPA3,OPA,sp,3,-8.92726,2.16940476e-03
OPA3,OPA,sp,3,-8.91726,2.38684834e-03
OPA3,OPA,sp,3,-8.90726,2.63069599e-03
OPA3,OPA,sp,3,-8.89726,2.90474449e-03
OPA3,OPA,sp,3,-8.88726,3.21342873e-03
OPA3,OPA,sp,3,-8.87726,3.56194582e-03
OPA3,OPA,sp,3,-8.86726,3.95640681e-03
OPA3,OPA,sp,3,-8.85726,4.40402304e-03
OPA3,OPA,sp,3,-8.84726,4.91333626e-03
OPA3,OPA,sp,3,-8.83726,5.49450388e-03
OPA3,OPA,sp,3,-8.82726,6.15965475e-03
OPA3,OPA,sp,3,-8.81726,6.92333507e-03
OPA3,OPA,sp,3,-8.80726,7.80307057e-03
OPA3,OPA,sp,3,-8.79726,8.82007948e-03
OPA3,OPA,sp,3,-8.78726,1.00001823e-02
OPA3,OPA,sp,3,-8.77726,1.13749706e-02
OPA3,OPA,sp,3,-8.76726,1.29833180e-02
OPA3,OPA,sp,3,-8.75726,1.48733486e-02
OPA3,OPA,sp,3,-8.74726,1.71050196e-02
OPA3,OPA,sp,3,-8.73726,1.97535346e-02
OPA3,OPA,sp,3,-8.72726,2.29138922e-02
OPA3,OPA,sp,3,-8.71726,2.67069920e-02
OPA3,OPA,sp,3,-8.70726,3.12878996e-02
OPA3,OPA,sp,3,-8.69726,3.68571133e-02
OPA3,OPA,sp,3,-8.68726,4.36760333e-02
OPA3,OPA,sp,3,-8.67726,5.20883204e-02
OPA3,OPA,sp,3,-8.66726,6.25494914e-02
OPA3,OPA,sp,3,-8.65726,7.56679302e-02
OPA3,OPA,sp,3,-8.64726,9.22613571e-02
OPA3,OPA,sp,3,-8.63726,1.13433230e-01
OPA3,OPA,sp,3,-8.62726,1.40672131e-01
OPA3,OPA,sp,3,-8.61726,1.75970271e-01
OPA3,OPA,sp,3,-8.60726,2.21936173e-01
OPA3,OPA,sp,3,-8.59726,2.81822832e-01
OPA3,OPA,sp,3,-8.58726,3.59274388e-01
OPA3,OPA,sp,3,-8.57726,4.57384346e-01
OPA3,OPA,sp,3,-8.56726,5.76446124e-01
OPA3,OPA,sp,3,-8.55726,7.10082809e-01
OPA3,OPA,sp,3,-8.54726,8.41421890e-01
OPA3,OPA,sp,3,-8.53726,9.44582971e-01
OPA3,OPA,sp,3,-8.52726,9.96068730e-01
OPA3,OPA,sp,3,-8.51726,9.89203737e-01
OPA3,OPA,sp,3,-8.50726,9.36647648e-01
OPA3,OPA,sp,3,-8.49726,8.59453708e-01
OPA3,OPA,sp,3,-8.48726,7.75645436e-01
OPA3,OPA,sp,3,-8.47726,6.96088521e-01
OPA3,OPA,sp,3,-8.46726,6.25610396e-01
OPA3,OPA,sp,3,-8.45726,5.65420548e-01
OPA3,OPA,sp,3,-8.44726,5.14991972e-01
OPA3,OPA,sp,3,-8.43726,4.73148001e-01
OPA3,OPA,sp,3,-8.42726,4.38592480e-01
OPA3,OPA,sp,3,-8.41726,4.10131769e-01
OPA3,OPA,sp,3,-8.40726,3.86746678e-01
OPA3,OPA,sp,3,-8.39726,3.67598568e-01
OPA3,OPA,sp,3,-8.38726,3.52010378e-01
OPA3,OPA,sp,3,-8.37726,3.39440917e-01
OPA3,OPA,sp,3,-8.36726,3.29459922e-01
OPA3,OPA,sp,3,-8.35726,3.21726526e-01
OPA3,OPA,sp,3,-8.34726,3.15971613e-01
OPA3,OPA,sp,3,-8.33726,3.11983756e-01
OPA3,OPA,sp,3,-8.32726,3.09598166e-01
OPA3,OPA,sp,3,-8.31726,3.08688074e-01
OPA3,OPA,sp,3,-8.30726,3.09158018e-01
OPA3,OPA,sp,3,-8.29726,3.10938628e-01
OPA3,OPA,sp,3,-8.28726,3.13982560e-01
OPA3,OPA,sp,3,-8.27726,3.18261308e-01
OPA3,OPA,sp,3,-8.26726,3.23762682e-01
OPA3,OPA,sp,3,-8.25726,3.30488785e-01
OPA3,OPA,sp,3,-8.24726,3.38454331e-01
OPA3,OPA,sp,3,-8.23726,3.47685203e-01
OPA3,OPA,sp,3,-8.22726,3.58217109e-01
OPA3,OPA,sp,3,-8.21726,3.70094259e-01
OPA3,OPA,sp,3,-8.20726,3.83367925e-01
OPA3,OPA,sp,3,-8.19726,3.98094792e-01
OPA3,OPA,sp,3,-8.18726,4.14334953e-01
OPA3,OPA,sp,3,-8.17726,4.32149421e-01
OPA3,OPA,sp,3,-8.16726,4.51597008e-01
OPA3,OPA,sp,3,-8.15726,4.72730393e-01
OPA3,OPA,sp,3,-8.14726,4.95591240e-01
OPA3,OPA,sp,3,-8.13726,5.20204206e-01
OPA3,OPA,sp,3,-8.12726,5.46569725e-01
OPA3,OPA,sp,3,-8.11726,5.74655565e-01
OPA3,OPA,sp,3,-8.10726,6.04387226e-01
OPA3,OPA,sp,3,-8.09726,6.35637494e-01
OPA3,OPA,sp,3,-8.08726,6.68215695e-01
OPA3,OPA,sp,3,-8.07726,7.01857522e-01
OPA3,OPA,sp,3,-8.06726,7.36216697e-01
OPA3,OPA,sp,3,-8.05726,7.70860058e-01
OPA3,OPA,sp,3,-8.04726,8.05267902e-01
OPA3,OPA,sp,3,-8.03726,8.38841448e-01
OPA3,OPA,sp,3,-8.02726,8.70918914e-01
OPA3,OPA,sp,3,-8.01726,9.00800879e-01
OPA3,OPA,sp,3,-8.00726,9.27784355e-01
OPA3,OPA,sp,3,-7.99726,9.51203360e-01
OPA3,OPA,sp,3,-7.98726,9.70472190e-01
OPA3,OPA,sp,3,-7.97726,9.85126374e-01
OPA3,OPA,sp,3,-7.96726,9.94855968e-01
OPA3,OPA,sp,3,-7.95726,9.99526528e-01
OPA3,OPA,sp,3,-7.94726,9.99184905e-01
OPA3,OPA,sp,3,-7.93726,9.94049383e-01
OPA3,OPA,sp,3,-7.92726,9.84486153e-01
OPA3,OPA,sp,3,-7.91726,9.70976015e-01
OPA3,OPA,sp,3,-7.90726,9.54076153e-01
OPA3,OPA,sp,3,-7.89726,9.34381784e-01
OPA3,OPA,sp,3,-7.88726,9.12491582e-01
OPA3,OPA,sp,3,-7.87726,8.88979447e-01
OPA3,OPA,sp,3,-7.86726,8.64373795e-01
OPA3,OPA,sp,3,-7.85726,8.39144332e-01
OPA3,OPA,sp,3,-7.84726,8.13695474e-01
OPA3,OPA,sp,3,-7.83726,7.88365097e-01
OPA3,OPA,sp,3,-7.82726,7.63427196e-01
OPA3,OPA,sp,3,-7.81726,7.39097110e-01
OPA3,OPA,sp,3,-7.80726,7.15538179e-01
OPA3,OPA,sp,3,-7.79726,6.92868980e-01
OPA3,OPA,sp,3,-7.78726,6.71170505e-01
OPA3,OPA,sp,3,-7.77726,6.50492906e-01
OPA3,OPA,sp,3,-7.76726,6.30861559e-01
OPA3,OPA,sp,3,-7.75726,6.12282361e-01
OPA3,OPA,sp,3,-7.74726,5.94746245e-01
OPA3,OPA,sp,3,-7.73726,5.78232933e-01
OPA3,OPA,sp,3,-7.72726,5.62714023e-01
OPA3,OPA,sp,3,-7.71726,5.48155475e-01
OPA3,OPA,sp,3,-7.70726,5.34519586e-01
OPA3,OPA,sp,3,-7.69726,5.21766540e-01
OPA3,OPA,sp,3,-7.68726,5.09855599e-01
OPA3,OPA,sp,3,-7.67726,4.98746013e-01
OPA3,OPA,sp,3,-7.66726,4.88397695e-01
OPA3,OPA,sp,3,-7.65726,4.78771710e-01
OPA3,OPA,sp,3,-7.64726,4.69830622e-01
OPA3,OPA,sp,3,-7.63726,4.61538729e-01
OPA3,OPA,sp,3,-7.62726,4.53862208e-01
OPA3,OPA,sp,3,-7.61726,4.46769194e-01
OPA3,OPA,sp,3,-7.60726,4.40229814e-01
OPA3,OPA,sp,3,-7.59726,4.34216180e-01
OPA3,OPA,sp,3,-7.58726,4.28702361e-01
OPA3,OPA,sp,3,-7.57726,4.23664330e-01
OPA3,OPA,sp,3,-7.56726,4.19079916e-01
OPA3,OPA,sp,3,-7.55726,4.14928732e-01
OPA3,OPA,sp,3,-7.54726,4.11192123e-01
OPA3,OPA,sp,3,-7.53726,4.07853115e-01
OPA3,OPA,sp,3,-7.52726,4.04896390e-01
OPA3,OPA,sp,3,-7.51726,4.02308322e-01
OPA3,OPA,sp,3,-7.50726,4.00077157e-01
OPA3,OPA,sp,3,-7.49726,3.98193686e-01
OPA3,OPA,sp,3,-7.48726,3.96654250e-01
OPA3,OPA,sp,3,-7.47726,3.95493259e-01
OPA3,OPA,sp,3,-7.46726,3.94356069e-01
OPA3,OPA,sp,3,-7.45726,3.94242642e-01
OPA3,OPA,sp,3,-7.44726,3.93076426e-01
OPA3,OPA,sp,3,-7.43726,3.93319883e-01
OPA3,OPA,sp,3,-7.42726,3.93662047e-01
OPA3,OPA,sp,3,-7.41726,3.94266999e-01
OPA3,OPA,sp,3,-7.40726,3.95153786e-01
OPA3,OPA,sp,3,-7.39726,3.96327820e-01
OPA3,OPA,sp,3,-7.38726,3.97792000e-01
OPA3,OPA,sp,3,-7.37726,3.99549018e-01
OPA3,OPA,sp,3,-7.36726,4.01602050e-01
OPA3,OPA,sp,3,-7.35726,4.03955024e-01
OPA3,OPA,sp,3,-7.34726,4.06612745e-01
OPA3,OPA,sp,3,-7.33726,4.09580961e-01
OPA3,OPA,sp,3,-7.32726,4.12866410e-01
OPA3,OPA,sp,3,-7.31726,4.16476863e-01
OPA3,OPA,sp,3,-7.30726,4.20421148e-01
OPA3,OPA,sp,3,-7.29726,4.24709193e-01
OPA3,OPA,sp,3,-7.28726,4.29352050e-01
OPA3,OPA,sp,3,-7.27726,4.34361934e-01
OPA3,OPA,sp,3,-7.26726,4.39752248e-01
OPA3,OPA,sp,3,-7.25726,4.45537620e-01
OPA3,OPA,sp,3,-7.24726,4.51733923e-01
OPA3,OPA,sp,3,-7.23726,4.58358302e-01
OPA3,OPA,sp,3,-7.22726,4.65429186e-01
OPA3,OPA,sp,3,-7.21726,4.72966292e-01
OPA3,OPA,sp,3,-7.20726,4.80990618e-01
OPA3,OPA,sp,3,-7.19726,4.89524407e-01
OPA3,OPA,sp,3,-7.18726,4.98591100e-01
OPA3,OPA,sp,3,-7.17726,5.08215241e-01
OPA3,OPA,sp,3,-7.16726,5.18422350e-01
OPA3,OPA,sp,3,-7.15726,5.29238739e-01
OPA3,OPA,sp,3,-7.14726,5.40691263e-01
OPA4,OPA,sp,4,-15.14726,1.50946692e-06
OPA4,OPA,sp,4,-15.13726,1.47575204e-06
OPA4,OPA,sp,4,-15.12726,1.42429431e-06
OPA4,OPA,sp,4,-15.11726,1.35033470e-06
OPA4,OPA,sp,4,-15.10726,1.24822188e-06
OPA4,OPA,sp,4,-15.09726,1.11168333e-06
OPA4,OPA,sp,4,-15.08726,9.34868823e-07
OPA4,OPA,sp,4,-15.07726,7.15359011e-07
OPA4,OPA,sp,4,-15.06726,4.62280301e-07
OPA4,OPA,sp,4,-15.05726,2.18345352e-07
OPA4,OPA,sp,4,-15.04726,1.22995456e-07
OPA4,OPA,sp,4,-15.03726,6.12500816e-07
OPA4,OPA,sp,4,-15.02726,3.17944830e-06
OPA4,OPA,sp,4,-15.01726,1.53046764e-05
OPA4,OPA,sp,4,-15.00726,6.36281630e-05
OPA4,OPA,sp,4,-14.99726,4.97832478e-04
OPA4,OPA,sp,4,-14.98726,1.72196138e-02
OPA4,OPA,sp,4,-14.97726,6.38340990e-04
OPA4,OPA,sp,4,-14.96726,2.99132372e-04
OPA4,OPA,sp,4,-14.95726,2.40580151e-04
OPA4,OPA,sp,4,-14.94726,3.34902132e-04
OPA4,OPA,sp,4,-14.93726,4.60833674e-04
OPA4,OPA,sp,4,-14.92726,2.19344713e-05
OPA4,OPA,sp,4,-14.91726,4.70330829e-05
OPA4,OPA,sp,4,-14.90726,6.07134645e-05
OPA4,OPA,sp,4,-14.89726,7.15311901e-05
OPA4,OPA,sp,4,-14.88726,8.23629984e-05
OPA4,OPA,sp,4,-14.87726,9.45757409e-05
OPA4,OPA,sp,4,-14.86726,1.09156943e-04
OPA4,OPA,sp,4,-14.85726,1.27106279e-04
OPA4,OPA,sp,4,-14.84726,1.49647695e-04
OPA4,OPA,sp,4,-14.83726,1.78417270e-04
OPA4,OPA,sp,4,-14.82726,2.15672457e-04
OPA4,OPA,sp,4,-14.81726,2.64347838e-04
OPA4,OPA,sp,4,-14.80726,3.21250156e-04
OPA4,OPA,sp,4,-14.79726,4.37468705e-04
OPA4,OPA,sp,4,-14.78726,5.66650181e-04
OPA4,OPA,sp,4,-14.77726,7.70418736e-04
OPA4,OPA,sp,4,-14.76726,1.11149401e-03
OPA4,OPA,sp,4,-14.75726,1.60492545e-03
OPA4,OPA,sp,4,-14.74726,2.55046143e-03
OPA4,OPA,sp,4,-14.73726,4.49385714e-03
OPA4,OPA,sp,4,-14.72726,9.38536534e-03
OPA4,OPA,sp,4,-14.71726,2.73357250e-02
OPA4,OPA,sp,4,-14.70726,2.08547610e-01
OPA4,OPA,sp,4,-14.69726,2.41712257e-01
OPA4,OPA,sp,4,-14.68726,3.57522902e-02
OPA4,OPA,sp,4,-14.67726,1.42392616e-02
OPA4,OPA,sp,4,-14.66726,7.97076393e-03
OPA4,OPA,sp,4,-14.65726,5.29541667e-03
OPA4,OPA,sp,4,-14.64726,3.90325611e-03
OPA4,OPA,sp,4,-14.63726,3.08890829e-03
OPA4,OPA,sp,4,-14.62726,2.56984889e-03
OPA4,OPA,sp,4,-14.61726,2.22485014e-03
OPA4,OPA,sp,4,-14.60726,1.98818769e-03
OPA4,OPA,sp,4,-14.59726,1.82678279e-03
OPA4,OPA,sp,4,-14.58726,1.60457904e-02
OPA4,OPA,sp,4,-14.57726,1.63833889e-03
OPA4,OPA,sp,4,-14.56726,1.58719439e-03
OPA4,OPA,sp,4,-14.55726,1.56478911e-03
OPA4,OPA,sp,4,-14.54726,1.56493617e-03
OPA4,OPA,sp,4,-14.53726,1.58565906e-03
OPA4,OPA,sp,4,-14.52726,1.62644197e-03
OPA4,OPA,sp,4,-14.51726,1.69767518e-03
OPA4,OPA,sp,4,-14.50726,1.77156119e-03
OPA4,OPA,sp,4,-14.49726,1.87977497e-03
OPA4,OPA,sp,4,-14.48726,2.01663482e-03
OPA4,OPA,sp,4,-14.47726,2.18773900e-03
OPA4,OPA,sp,4,-14.46726,2.40188299e-03
OPA4,OPA,sp,4,-14.45726,2.67767677e-03
OPA4,OPA,sp,4,-14.44726,3.13447507e-03
OPA4,OPA,sp,4,-14.43726,5.73750547e-03
OPA4,OPA,sp,4,-14.42726,3.94588169e-03
OPA4,OPA,sp,4,-14.41726,4.51727591e-03
OPA4,OPA,sp,4,-14.40726,5.30791746e-03
OPA4,OPA,sp,4,-14.39726,6.34692276e-03
OPA4,OPA,sp,4,-14.38726,7.72351284e-03
OPA4,OPA,sp,4,-14.37726,9.57996385e-03
OPA4,OPA,sp,4,-14.36726,1.21410247e-02
OPA4,OPA,sp,4,-14.35726,1.57728162e-02
OPA4,OPA,sp,4,-14.34726,2.10977136e-02
OPA4,OPA,sp,4,-14.33726,2.92304765e-02
OPA4,OPA,sp,4,-14.32726,4.22987248e-02
OPA4,OPA,sp,4,-14.31726,6.46889193e-02
OPA4,OPA,sp,4,-14.30726,1.06314285e-01
OPA4,OPA,sp,4,-14.29726,1.91863685e-01
OPA4,OPA,sp,4,-14.28726,3.84855429e-01
OPA4,OPA,sp,4,-14.27726,7.75940041e-01
OPA4,OPA,sp,4,-14.26726,9.84854670e-01
OPA4,OPA,sp,4,-14.25726,6.61162981e-01
OPA4,OPA,sp,4,-14.24726,3.86382152e-01
OPA4,OPA,sp,4,-14.23726,2.50360849e-01
OPA4,OPA,sp,4,-14.22726,1.79825429e-01
OPA4,OPA,sp,4,-14.21726,1.40154175e-01
OPA4,OPA,sp,4,-14.20726,1.16386359e-01
OPA4,OPA,sp,4,-14.19726,1.01658831e-01
OPA4,OPA,sp,4,-14.18726,9.25761416e-02
OPA4,OPA,sp,4,-14.17726,8.73643083e-02
OPA4,OPA,sp,4,-14.16726,8.50848362e-02
OPA4,OPA,sp,4,-14.15726,8.52805817e-02
OPA4,OPA,sp,4,-14.14726,8.78154366e-02
OPA4,OPA,sp,4,-14.13726,9.28137162e-02
OPA4,OPA,sp,4,-14.12726,1.00663796e-01
OPA4,OPA,sp,4,-14.11726,1.12079682e-01
OPA4,OPA,sp,4,-14.10726,1.28236229e-01
OPA4,OPA,sp,4,-14.09726,1.51031052e-01
OPA4,OPA,sp,4,-14.08726,1.83998824e-01
OPA4,OPA,sp,4,-14.07726,2.30977337e-01
OPA4,OPA,sp,4,-14.06726,2.98199179e-01
OPA4,OPA,sp,4,-14.05726,3.99390466e-01
OPA4,OPA,sp,4,-14.04726,5.46474669e-01
OPA4,OPA,sp,4,-14.03726,7.40093374e-01
OPA4,OPA,sp,4,-14.02726,9.29546492e-01
OPA4,OPA,sp,4,-14.01726,9.98650111e-01
OPA4,OPA,sp,4,-14.00726,8.96398596e-01
OPA4,OPA,sp,4,-13.99726,7.15654671e-01
OPA4,OPA,sp,4,-13.98726,5.50073799e-01
OPA4,OPA,sp,4,-13.97726,4.26825912e-01
OPA4,OPA,sp,4,-13.96726,3.40887565e-01
OPA4,OPA,sp,4,-13.95726,2.81758587e-01
OPA4,OPA,sp,4,-13.94726,2.41027453e-01
OPA4,OPA,sp,4,-13.93726,2.13042823e-01
OPA4,OPA,sp,4,-13.92726,1.94213331e-01
OPA4,OPA,sp,4,-13.91726,1.82328852e-01
OPA4,OPA,sp,4,-13.90726,1.76110092e-01
OPA4,OPA,sp,4,-13.89726,1.74952325e-01
OPA4,OPA,sp,4,-13.88726,1.78812904e-01
OPA4,OPA,sp,4,-13.87726,1.88218077e-01
OPA4,OPA,sp,4,-13.86726,2.04397658e-01
OPA4,OPA,sp,4,-13.85726,2.29596594e-01
OPA4,OPA,sp,4,-13.84726,2.67667495e-01
OPA4,OPA,sp,4,-13.83726,3.25100158e-01
OPA4,OPA,sp,4,-13.82726,4.12501300e-01
OPA4,OPA,sp,4,-13.81726,5.45077204e-01
OPA4,OPA,sp,4,-13.80726,7.33133689e-01
OPA4,OPA,sp,4,-13.79726,9.34349990e-01
OPA4,OPA,sp,4,-13.78726,9.90384826e-01
OPA4,OPA,sp,4,-13.77726,8.09859751e-01
OPA4,OPA,sp,4,-13.76726,5.58165234e-01
OPA4,OPA,sp,4,-13.75726,3.67980159e-01
OPA4,OPA,sp,4,-13.74726,2.47573188e-01
OPA4,OPA,sp,4,-13.73726,1.73298496e-01
OPA4,OPA,sp,4,-13.72726,1.26414125e-01
OPA4,OPA,sp,4,-13.71726,9.57538102e-02
OPA4,OPA,sp,4,-13.70726,7.49802324e-02
OPA4,OPA,sp,4,-13.69726,6.04524747e-02
OPA4,OPA,sp,4,-13.68726,5.00153954e-02
OPA4,OPA,sp,4,-13.67726,4.23499808e-02
OPA4,OPA,sp,4,-13.66726,3.66228203e-02
OPA4,OPA,sp,4,-13.65726,3.22922587e-02
OPA4,OPA,sp,4,-13.64726,2.89979610e-02
OPA4,OPA,sp,4,-13.63726,2.64961504e-02
OPA4,OPA,sp,4,-13.62726,2.46206931e-02
OPA4,OPA,sp,4,-13.61726,2.32593613e-02
OPA4,OPA,sp,4,-13.60726,2.23394263e-02
OPA4,OPA,sp,4,-13.59726,2.18193905e-02
OPA4,OPA,sp,4,-13.58726,2.16852445e-02
OPA4,OPA,sp,4,-13.57726,2.19507433e-02
OPA4,OPA,sp,4,-13.56726,2.26622431e-02
OPA4,OPA,sp,4,-13.55726,2.39100718e-02
OPA4,OPA,sp,4,-13.54726,2.58510082e-02
OPA4,OPA,sp,4,-13.53726,2.87520488e-02
OPA4,OPA,sp,4,-13.52726,3.30791973e-02
OPA4,OPA,sp,4,-13.51726,3.96920520e-02
OPA4,OPA,sp,4,-13.50726,5.03225492e-02
OPA4,OPA,sp,4,-13.49726,6.89783932e-02
OPA4,OPA,sp,4,-13.48726,1.07439180e-01
OPA4,OPA,sp,4,-13.47726,2.22172634e-01
OPA4,OPA,sp,4,-13.46726,1.01801026e+00
OPA4,OPA,sp,4,-13.45726,1.11532235e+00
OPA4,OPA,sp,4,-13.44726,1.88258895e+00
OPA4,OPA,sp,4,-13.43726,1.33382791e+00
OPA4,OPA,sp,4,-13.42726,5.84979251e-01
OPA4,OPA,sp,4,-13.41726,3.53014882e-01
OPA4,OPA,sp,4,-13.40726,2.80806606e-01
OPA4,OPA,sp,4,-13.39726,2.77504309e-01
OPA4,OPA,sp,4,-13.38726,3.31990575e-01
OPA4,OPA,sp,4,-13.37726,4.78805093e-01
OPA4,OPA,sp,4,-13.36726,8.22285378e-01
OPA4,OPA,sp,4,-13.35726,1.39171491e+00
OPA4,OPA,sp,4,-13.34726,1.58242613e+00
OPA4,OPA,sp,4,-13.33726,1.22193167e+00
OPA4,OPA,sp,4,-13.32726,6.90837835e-01
OPA4,OPA,sp,4,-13.31726,4.16968590e-01
OPA4,OPA,sp,4,-13.30726,2.88942775e-01
OPA4,OPA,sp,4,-13.29726,2.24876688e-01
OPA4,OPA,sp,4,-13.28726,1.92171779e-01
OPA4,OPA,sp,4,-13.27726,1.77722239e-01
OPA4,OPA,sp,4,-13.26726,1.76414622e-01
OPA4,OPA,sp,4,-13.25726,1.87237335e-01
OPA4,OPA,sp,4,-13.24726,2.12269568e-01
OPA4,OPA,sp,4,-13.23726,2.57131324e-01
OPA4,OPA,sp,4,-13.22726,3.32395954e-01
OPA4,OPA,sp,4,-13.21726,4.54329355e-01
OPA4,OPA,sp,4,-13.20726,6.36685227e-01
OPA4,OPA,sp,4,-13.19726,8.54049176e-01
OPA4,OPA,sp,4,-13.18726,1.00510699e+00
OPA4,OPA,sp,4,-13.17726,1.01790105e+00
OPA4,OPA,sp,4,-13.16726,9.57090035e-01
OPA4,OPA,sp,4,-13.15726,9.08877842e-01
OPA4,OPA,sp,4,-13.14726,9.06707739e-01
OPA4,OPA,sp,4,-13.13726,9.49390733e-01
OPA4,OPA,sp,4,-13.12726,1.01495981e+00
OPA4,OPA,sp,4,-13.11726,1.07168094e+00
OPA4,OPA,sp,4,-13.10726,1.20268833e+00
OPA4,OPA,sp,4,-13.09726,1.44959447e+00
OPA4,OPA,sp,4,-13.08726,8.80702584e-01
OPA4,OPA,sp,4,-13.07726,7.70453802e-01
OPA4,OPA,sp,4,-13.06726,7.27471921e-01
OPA4,OPA,sp,4,-13.05726,7.34091353e-01
OPA4,OPA,sp,4,-13.04726,7.90997623e-01
OPA4,OPA,sp,4,-13.03726,8.97003958e-01
OPA4,OPA,sp,4,-13.02726,1.01852178e+00
OPA4,OPA,sp,4,-13.01726,1.04848449e+00
OPA4,OPA,sp,4,-13.00726,9.10276876e-01
OPA4,OPA,sp,4,-12.99726,7.18644480e-01
OPA4,OPA,sp,4,-12.98726,5.95472249e-01
OPA4,OPA,sp,4,-12.97726,5.60068598e-01
OPA4,OPA,sp,4,-12.96726,5.98707541e-01
OPA4,OPA,sp,4,-12.95726,6.97720780e-01
OPA4,OPA,sp,4,-12.94726,8.34741659e-01
OPA4,OPA,sp,4,-12.93726,9.61805234e-01
OPA4,OPA,sp,4,-12.92726,1.01956799e+00
OPA4,OPA,sp,4,-12.91726,9.89842728e-01
OPA4,OPA,sp,4,-12.90726,9.07180902e-01
OPA4,OPA,sp,4,-12.89726,8.13124859e-01
OPA4,OPA,sp,4,-12.88726,7.27443728e-01
OPA4,OPA,sp,4,-12.87726,6.51348063e-01
OPA4,OPA,sp,4,-12.86726,5.92342141e-01
OPA4,OPA,sp,4,-12.85726,1.52896317e+00
OPA4,OPA,sp,4,-12.84726,6.96566796e-01
OPA4,OPA,sp,4,-12.83726,8.69572256e-01
OPA4,OPA,sp,4,-12.82726,1.37736358e+00
OPA4,OPA,sp,4,-12.81726,1.04881994e+00
OPA4,OPA,sp,4,-12.80726,9.87375564e-01
OPA4,OPA,sp,4,-12.79726,8.83017004e-01
OPA4,OPA,sp,4,-12.78726,7.31011366e-01
OPA4,OPA,sp,4,-12.77726,5.72495771e-01
OPA4,OPA,sp,4,-12.76726,4.37472725e-01
OPA4,OPA,sp,4,-12.75726,3.34088449e-01
OPA4,OPA,sp,4,-12.74726,2.58587268e-01
OPA4,OPA,sp,4,-12.73726,2.04238177e-01
OPA4,OPA,sp,4,-12.72726,1.65032350e-01
OPA4,OPA,sp,4,-12.71726,1.36485463e-01
OPA4,OPA,sp,4,-12.70726,1.15463136e-01
OPA4,OPA,sp,4,-12.69726,9.98232466e-02
OPA4,OPA,sp,4,-12.68726,8.81076755e-02
OPA4,OPA,sp,4,-12.67726,7.93208125e-02
OPA4,OPA,sp,4,-12.66726,7.27805755e-02
OPA4,OPA,sp,4,-12.65726,6.80209211e-02
OPA4,OPA,sp,4,-12.64726,6.47290979e-02
OPA4,OPA,sp,4,-12.63726,6.27062658e-02
OPA4,OPA,sp,4,-12.62726,6.18444023e-02
OPA4,OPA,sp,4,-12.61726,6.21155775e-02
OPA4,OPA,sp,4,-12.60726,6.35721739e-02
OPA4,OPA,sp,4,-12.59726,6.63590273e-02
OPA4,OPA,sp,4,-12.58726,7.07415252e-02
OPA4,OPA,sp,4,-12.57726,7.71586480e-02
OPA4,OPA,sp,4,-12.56726,8.63191890e-02
OPA4,OPA,sp,4,-12.55726,9.93782091e-02
OPA4,OPA,sp,4,-12.54726,1.18271275e-01
OPA4,OPA,sp,4,-12.53726,1.46374496e-01
OPA4,OPA,sp,4,-12.52726,1.89861159e-01
OPA4,OPA,sp,4,-12.51726,2.60528245e-01
OPA4,OPA,sp,4,-12.50726,3.81077229e-01
OPA4,OPA,sp,4,-12.49726,5.87899545e-01
OPA4,OPA,sp,4,-12.48726,8.76155697e-01
OPA4,OPA,sp,4,-12.47726,9.88793336e-01
OPA4,OPA,sp,4,-12.46726,7.30806922e-01
OPA4,OPA,sp,4,-12.45726,4.42629409e-01
OPA4,OPA,sp,4,-12.44726,2.68926701e-01
OPA4,OPA,sp,4,-12.43726,1.73401338e-01
OPA4,OPA,sp,4,-12.42726,1.18894646e-01
OPA4,OPA,sp,4,-12.41726,8.59048163e-02
OPA4,OPA,sp,4,-12.40726,6.47998938e-02
OPA4,OPA,sp,4,-12.39726,5.06467437e-02
OPA4,OPA,sp,4,-12.38726,4.07777064e-02
OPA4,OPA,sp,4,-12.37726,3.36711565e-02
OPA4,OPA,sp,4,-12.36726,2.84167340e-02
OPA4,OPA,sp,4,-12.35726,2.44468209e-02
OPA4,OPA,sp,4,-12.34726,2.13966675e-02
OPA4,OPA,sp,4,-12.33726,1.90076899e-02
OPA4,OPA,sp,4,-12.32726,1.71312513e-02
OPA4,OPA,sp,4,-12.31726,1.56517127e-02
OPA4,OPA,sp,4,-12.30726,1.44773807e-02
OPA4,OPA,sp,4,-12.29726,1.35413915e-02
OPA4,OPA,sp,4,-12.28726,1.28088268e-02
OPA4,OPA,sp,4,-12.27726,1.22481035e-02
OPA4,OPA,sp,4,-12.26726,1.18373567e-02
OPA4,OPA,sp,4,-12.25726,1.15623709e-02
OPA4,OPA,sp,4,-12.24726,1.14155741e-02
OPA4,OPA,sp,4,-12.23726,1.13957973e-02
OPA4,OPA,sp,4,-12.22726,1.15087433e-02
OPA4,OPA,sp,4,-12.21726,1.17680958e-02
OPA4,OPA,sp,4,-12.20726,1.21967157e-02
OPA4,OPA,sp,4,-12.19726,1.28253990e-02
OPA4,OPA,sp,4,-12.18726,1.36810768e-02
OPA4,OPA,sp,4,-12.17726,1.47492961e-02
OPA4,OPA,sp,4,-12.16726,1.59215971e-02
OPA4,OPA,sp,4,-12.15726,1.70466977e-02
OPA4,OPA,sp,4,-12.14726,1.81498196e-02
OPA4,OPA,sp,4,-12.13726,1.94859800e-02
OPA4,OPA,sp,4,-12.12726,2.13421073e-02
OPA4,OPA,sp,4,-12.11726,2.39602334e-02
OPA4,OPA,sp,4,-12.10726,2.76162458e-02
OPA4,OPA,sp,4,-12.09726,3.27296186e-02
OPA4,OPA,sp,4,-12.08726,4.00028217e-02
OPA4,OPA,sp,4,-12.07726,5.06691220e-02
OPA4,OPA,sp,4,-12.06726,6.70158564e-02
OPA4,OPA,sp,4,-12.05726,9.36011082e-02
OPA4,OPA,sp,4,-12.04726,1.40348471e-01
OPA4,OPA,sp,4,-12.03726,2.31017692e-01
OPA4,OPA,sp,4,-12.02726,4.24433408e-01
OPA4,OPA,sp,4,-12.01726,8.00716094e-01
OPA4,OPA,sp,4,-12.00726,9.72346047e-01
OPA4,OPA,sp,4,-11.99726,5.89586873e-01
OPA4,OPA,sp,4,-11.98726,3.09260401e-01
OPA4,OPA,sp,4,-11.97726,1.78467847e-01
OPA4,OPA,sp,4,-11.96726,1.14290148e-01
OPA4,OPA,sp,4,-11.95726,7.93639689e-02
OPA4,OPA,sp,4,-11.94726,5.85931510e-02
OPA4,OPA,sp,4,-11.93726,4.53551919e-02
OPA4,OPA,sp,4,-11.92726,3.64545527e-02
OPA4,OPA,sp,4,-11.91726,3.02162782e-02
OPA4,OPA,sp,4,-11.90726,2.57002980e-02
OPA4,OPA,sp,4,-11.89726,2.23485574e-02
OPA4,OPA,sp,4,-11.88726,1.98141667e-02
OPA4,OPA,sp,4,-11.87726,1.78732121e-02
OPA4,OPA,sp,4,-11.86726,1.63766992e-02
OPA4,OPA,sp,4,-11.85726,1.52231412e-02
OPA4,OPA,sp,4,-11.84726,1.43423150e-02
OPA4,OPA,sp,4,-11.83726,1.36853391e-02
OPA4,OPA,sp,4,-11.82726,1.32184824e-02
OPA4,OPA,sp,4,-11.81726,1.29192725e-02
OPA4,OPA,sp,4,-11.80726,1.27740941e-02
OPA4,OPA,sp,4,-11.79726,1.27768196e-02
OPA4,OPA,sp,4,-11.78726,1.29282281e-02
OPA4,OPA,sp,4,-11.77726,1.32361158e-02
OPA4,OPA,sp,4,-11.76726,1.37161182e-02
OPA4,OPA,sp,4,-11.75726,1.43933943e-02
OPA4,OPA,sp,4,-11.74726,1.53054870e-02
OPA4,OPA,sp,4,-11.73726,1.65069358e-02
OPA4,OPA,sp,4,-11.72726,1.80766626e-02
OPA4,OPA,sp,4,-11.71726,2.01299541e-02
OPA4,OPA,sp,4,-11.70726,2.28384040e-02
OPA4,OPA,sp,4,-11.69726,2.64642507e-02
OPA4,OPA,sp,4,-11.68726,3.14220341e-02
OPA4,OPA,sp,4,-11.67726,3.83949864e-02
OPA4,OPA,sp,4,-11.66726,4.85681981e-02
OPA4,OPA,sp,4,-11.65726,6.41297521e-02
OPA4,OPA,sp,4,-11.64726,8.94403736e-02
OPA4,OPA,sp,4,-11.63726,1.34027146e-01
OPA4,OPA,sp,4,-11.62726,2.20896850e-01
OPA4,OPA,sp,4,-11.61726,4.08316852e-01
OPA4,OPA,sp,4,-11.60726,7.84584389e-01
OPA4,OPA,sp,4,-11.59726,9.76157073e-01
OPA4,OPA,sp,4,-11.58726,5.91126511e-01
OPA4,OPA,sp,4,-11.57726,3.08621526e-01
OPA4,OPA,sp,4,-11.56726,1.78434495e-01
OPA4,OPA,sp,4,-11.55726,1.15088536e-01
OPA4,OPA,sp,4,-11.54726,8.08330390e-02
OPA4,OPA,sp,4,-11.53726,6.05988212e-02
OPA4,OPA,sp,4,-11.52726,4.78251290e-02
OPA4,OPA,sp,4,-11.51726,3.93650892e-02
OPA4,OPA,sp,4,-11.50726,3.35807811e-02
OPA4,OPA,sp,4,-11.49726,2.95638023e-02
OPA4,OPA,sp,4,-11.48726,2.67878958e-02
OPA4,OPA,sp,4,-11.47726,2.49431481e-02
OPA4,OPA,sp,4,-11.46726,2.38535983e-02
OPA4,OPA,sp,4,-11.45726,2.34373697e-02
OPA4,OPA,sp,4,-11.44726,2.36925048e-02
OPA4,OPA,sp,4,-11.43726,2.47041609e-02
OPA4,OPA,sp,4,-11.42726,2.66793385e-02
OPA4,OPA,sp,4,-11.41726,3.00325222e-02
OPA4,OPA,sp,4,-11.40726,3.55885493e-02
OPA4,OPA,sp,4,-11.39726,4.51020148e-02
OPA4,OPA,sp,4,-11.38726,6.27869155e-02
OPA4,OPA,sp,4,-11.37726,1.00843216e-01
OPA4,OPA,sp,4,-11.36726,2.06110224e-01
OPA4,OPA,sp,4,-11.35726,6.17427501e-01
OPA4,OPA,sp,4,-11.34726,7.70232710e-01
OPA4,OPA,sp,4,-11.33726,1.93260810e-01
OPA4,OPA,sp,4,-11.32726,6.77579315e-02
OPA4,OPA,sp,4,-11.31726,3.14457950e-02
OPA4,OPA,sp,4,-11.30726,1.71509023e-02
OPA4,OPA,sp,4,-11.29726,1.03576535e-02
OPA4,OPA,sp,4,-11.28726,6.70790571e-03
OPA4,OPA,sp,4,-11.27726,4.57152088e-03
OPA4,OPA,sp,4,-11.26726,3.23938452e-03
OPA4,OPA,sp,4,-11.25726,2.36739279e-03
OPA4,OPA,sp,4,-11.24726,1.77417303e-03
OPA4,OPA,sp,4,-11.23726,1.35773646e-03
OPA4,OPA,sp,4,-11.22726,1.05767134e-03
OPA4,OPA,sp,4,-11.21726,8.36631073e-04
OPA4,OPA,sp,4,-11.20726,6.70687494e-04
OPA4,OPA,sp,4,-11.19726,5.44036907e-04
OPA4,OPA,sp,4,-11.18726,4.45965161e-04
OPA4,OPA,sp,4,-11.17726,3.69041509e-04
OPA4,OPA,sp,4,-11.16726,3.08008402e-04
OPA4,OPA,sp,4,-11.15726,2.59079483e-04
OPA4,OPA,sp,4,-11.14726,2.19484472e-04
OPA4,OPA,sp,4,-11.13726,1.87167509e-04
OPA4,OPA,sp,4,-11.12726,1.60583190e-04
OPA4,OPA,sp,4,-11.11726,1.38556181e-04
OPA4,OPA,sp,4,-11.10726,1.20183010e-04
OPA4,OPA,sp,4,-11.09726,1.04762353e-04
OPA4,OPA,sp,4,-11.08726,9.17448699e-05
OPA4,OPA,sp,4,-11.07726,8.06966604e-05
OPA4,OPA,sp,4,-11.06726,7.12723415e-05
OPA4,OPA,sp,4,-11.05726,6.31949994e-05
OPA4,OPA,sp,4,-11.04726,5.62411158e-05
OPA4,OPA,sp,4,-11.03726,5.02291304e-05
OPA4,OPA,sp,4,-11.02726,4.50106892e-05
OPA4,OPA,sp,4,-11.01726,4.04638941e-05
OPA4,OPA,sp,4,-11.00726,3.64880574e-05
OPA4,OPA,sp,4,-10.99726,3.29995973e-05
OPA4,OPA,sp,4,-10.98726,2.99288049e-05
OPA4,OPA,sp,4,-10.97726,2.72172821e-05
OPA4,OPA,sp,4,-10.96726,2.48158985e-05
OPA4,OPA,sp,4,-10.95726,2.26831536e-05
OPA4,OPA,sp,4,-10.94726,2.07838575e-05
OPA4,OPA,sp,4,-10.93726,1.90880613e-05
OPA4,OPA,sp,4,-10.92726,1.75701874e-05
OPA4,OPA,sp,4,-10.91726,1.62083180e-05
OPA4,OPA,sp,4,-10.90726,1.49836112e-05
OPA4,OPA,sp,4,-10.89726,1.38798194e-05
OPA4,OPA,sp,4,-10.88726,1.28828904e-05
OPA4,OPA,sp,4,-10.87726,1.19806368e-05
OPA4,OPA,sp,4,-10.86726,1.11624590e-05
OPA4,OPA,sp,4,-10.85726,1.04191145e-05
OPA4,OPA,sp,4,-10.84726,9.74252332e-06
OPA4,OPA,sp,4,-10.83726,9.12560508e-06
OPA4,OPA,sp,4,-10.82726,8.56214024e-06
OPA4,OPA,sp,4,-10.81726,8.04665318e-06
OPA4,OPA,sp,4,-10.80726,7.57431258e-06
OPA4,OPA,sp,4,-10.79726,7.14084659e-06
OPA4,OPA,sp,4,-10.78726,6.74247022e-06
OPA4,OPA,sp,4,-10.77726,6.37582319e-06
OPA4,OPA,sp,4,-10.76726,6.03791655e-06
OPA4,OPA,sp,4,-10.75726,5.72608667e-06
OPA4,OPA,sp,4,-10.74726,5.43795553e-06
OPA4,OPA,sp,4,-10.73726,5.17139638e-06
OPA4,OPA,sp,4,-10.72726,4.92450396e-06
OPA4,OPA,sp,4,-10.71726,4.69556861e-06
OPA4,OPA,sp,4,-10.70726,4.48305376e-06
OPA4,OPA,sp,4,-10.69726,4.28557622e-06
OPA4,OPA,sp,4,-10.68726,4.10188906e-06
OPA4,OPA,sp,4,-10.67726,3.93086647e-06
OPA4,OPA,sp,4,-10.66726,3.77149065e-06
OPA4,OPA,sp,4,-10.65726,3.62284009e-06
OPA4,OPA,sp,4,-10.64726,3.48407942e-06
OPA4,OPA,sp,4,-10.63726,3.35445036e-06
OPA4,OPA,sp,4,-10.62726,3.23326374e-06
OPA4,OPA,sp,4,-10.61726,3.11989246e-06
OPA4,OPA,sp,4,-10.60726,3.01376524e-06
OPA4,OPA,sp,4,-10.59726,2.91436105e-06
OPA4,OPA,sp,4,-10.58726,2.82120418e-06
OPA4,OPA,sp,4,-10.57726,2.73385986e-06
OPA4,OPA,sp,4,-10.56726,2.65193034e-06
OPA4,OPA,sp,4,-10.55726,2.57505136e-06
OPA4,OPA,sp,4,-10.54726,2.50288907e-06
OPA4,OPA,sp,4,-10.53726,2.43513721e-06
OPA4,OPA,sp,4,-10.52726,2.37151458e-06
OPA4,OPA,sp,4,-10.51726,2.31176283e-06
OPA4,OPA,sp,4,-10.50726,2.25564441e-06
OPA4,OPA,sp,4,-10.49726,2.20294076e-06
OPA4,OPA,sp,4,-10.48726,2.15345066e-06
OPA4,OPA,sp,4,-10.47726,2.10698879e-06
OPA4,OPA,sp,4,-10.46726,2.06338436e-06
OPA4,OPA,sp,4,-10.45726,2.02247992e-06
OPA4,OPA,sp,4,-10.44726,1.98413028e-06
OPA4,OPA,sp,4,-10.43726,1.94820154e-06
OPA4,OPA,sp,4,-10.42726,1.91457017e-06
OPA4,OPA,sp,4,-10.41726,1.88312221e-06
OPA4,OPA,sp,4,-10.40726,1.85375258e-06
OPA4,OPA,sp,4,-10.39726,1.82636435e-06
OPA4,OPA,sp,4,-10.38726,1.80086820e-06
OPA4,OPA,sp,4,-10.37726,1.77718186e-06
OPA4,OPA,sp,4,-10.36726,1.75522958e-06
OPA4,OPA,sp,4,-10.35726,1.73494172e-06
OPA4,OPA,sp,4,-10.34726,1.71625435e-06
OPA4,OPA,sp,4,-10.33726,1.69910882e-06
OPA4,OPA,sp,4,-10.32726,1.68345150e-06
OPA4,OPA,sp,4,-10.31726,1.66923342e-06
OPA4,OPA,sp,4,-10.30726,1.65641002e-06
OPA4,OPA,sp,4,-10.29726,1.64494090e-06
OPA4,OPA,sp,4,-10.28726,1.63478959e-06
OPA4,OPA,sp,4,-10.27726,1.62592333e-06
OPA4,OPA,sp,4,-10.26726,1.61831294e-06
OPA4,OPA,sp,4,-10.25726,1.61193260e-06
OPA4,OPA,sp,4,-10.24726,1.60675973e-06
OPA4,OPA,sp,4,-10.23726,1.60277486e-06
OPA4,OPA,sp,4,-10.22726,1.59996153e-06
OPA4,OPA,sp,4,-10.21726,1.59830617e-06
OPA4,OPA,sp,4,-10.20726,1.59779802e-06
OPA4,OPA,sp,4,-10.19726,1.59842906e-06
OPA4,OPA,sp,4,-10.18726,1.60019398e-06
OPA4,OPA,sp,4,-10.17726,1.60309007e-06
OPA4,OPA,sp,4,-10.16726,1.60711724e-06
OPA4,OPA,sp,4,-10.15726,1.61227798e-06
OPA4,OPA,sp,4,-10.14726,1.61857733e-06
OPA4,OPA,sp,4,-10.13726,1.62602288e-06
OPA4,OPA,sp,4,-10.12726,1.63462481e-06
OPA4,OPA,sp,4,-10.11726,1.64439586e-06
OPA4,OPA,sp,4,-10.10726,1.65535139e-06
OPA4,OPA,sp,4,-10.09726,1.66750941e-06
OPA4,OPA,sp,4,-10.08726,1.68089062e-06
OPA4,OPA,sp,4,-10.07726,1.69551848e-06
OPA4,OPA,sp,4,-10.06726,1.71141927e-06
OPA4,OPA,sp,4,-10.05726,1.72862217e-06
OPA4,OPA,sp,4,-10.04726,1.74715938e-06
OPA4,OPA,sp,4,-10.03726,1.76706617e-06
OPA4,OPA,sp,4,-10.02726,1.78838107e-06
OPA4,OPA,sp,4,-10.01726,1.81114592e-06
OPA4,OPA,sp,4,-10.00726,1.83540607e-06
OPA4,OPA,sp,4,-9.99726,1.86121052e-06
OPA4,OPA,sp,4,-9.98726,1.88861209e-06
OPA4,OPA,sp,4,-9.97726,1.91766761e-06
OPA4,OPA,sp,4,-9.96726,1.94843813e-06
OPA4,OPA,sp,4,-9.95726,1.98098915e-06
OPA4,OPA,sp,4,-9.94726,2.01539082e-06
OPA4,OPA,sp,4,-9.93726,2.05171828e-06
OPA4,OPA,sp,4,-9.92726,2.09005187e-06
OPA4,OPA,sp,4,-9.91726,2.13047751e-06
OPA4,OPA,sp,4,-9.90726,2.17308696e-06
OPA4,OPA,sp,4,-9.89726,2.21797825e-06
OPA4,OPA,sp,4,-9.88726,2.26525603e-06
OPA4,OPA,sp,4,-9.87726,2.31503201e-06
OPA4,OPA,sp,4,-9.86726,2.36742544e-06
OPA4,OPA,sp,4,-9.85726,2.42256354e-06
OPA4,OPA,sp,4,-9.84726,2.48058212e-06
OPA4,OPA,sp,4,-9.83726,2.54162609e-06
OPA4,OPA,sp,4,-9.82726,2.60585015e-06
OPA4,OPA,sp,4,-9.81726,2.67341940e-06
OPA4,OPA,sp,4,-9.80726,2.74451012e-06
OPA4,OPA,sp,4,-9.79726,2.81931057e-06
OPA4,OPA,sp,4,-9.78726,2.89802180e-06
OPA4,OPA,sp,4,-9.77726,2.98085865e-06
OPA4,OPA,sp,4,-9.76726,3.06805070e-06
OPA4,OPA,sp,4,-9.75726,3.15984340e-06
OPA4,OPA,sp,4,-9.74726,3.25649924e-06
OPA4,OPA,sp,4,-9.73726,3.35829905e-06
OPA4,OPA,sp,4,-9.72726,3.46554337e-06
OPA4,OPA,sp,4,-9.71726,3.57855401e-06
OPA4,OPA,sp,4,-9.70726,3.69767567e-06
OPA4,OPA,sp,4,-9.69726,3.82327776e-06
OPA4,OPA,sp,4,-9.68726,3.95575630e-06
OPA4,OPA,sp,4,-9.67726,4.09553612e-06
OPA4,OPA,sp,4,-9.66726,4.24307311e-06
OPA4,OPA,sp,4,-9.65726,4.39885677e-06
OPA4,OPA,sp,4,-9.64726,4.56341296e-06
OPA4,OPA,sp,4,-9.63726,4.73730691e-06
OPA4,OPA,sp,4,-9.62726,4.92114649e-06
OPA4,OPA,sp,4,-9.61726,5.11558577e-06
OPA4,OPA,sp,4,-9.60726,5.32132898e-06
OPA4,OPA,sp,4,-9.59726,5.53913479e-06
OPA4,OPA,sp,4,-9.58726,5.76982095e-06
OPA4,OPA,sp,4,-9.57726,6.01426951e-06
OPA4,OPA,sp,4,-9.56726,6.27343241e-06
OPA4,OPA,sp,4,-9.55726,6.54833769e-06
OPA4,OPA,sp,4,-9.54726,6.84009628e-06
OPA4,OPA,sp,4,-9.53726,7.14990949e-06
OPA4,OPA,sp,4,-9.52726,7.47907717e-06
OPA4,OPA,sp,4,-9.51726,7.82900686e-06
OPA4,OPA,sp,4,-9.50726,8.20122364e-06
OPA4,OPA,sp,4,-9.49726,8.59738121e-06
OPA4,OPA,sp,4,-9.48726,9.01927398e-06
OPA4,OPA,sp,4,-9.47726,9.46885046e-06
OPA4,OPA,sp,4,-9.46726,9.94822809e-06
OPA4,OPA,sp,4,-9.45726,1.04597096e-05
OPA4,OPA,sp,4,-9.44726,1.10058011e-05
OPA4,OPA,sp,4,-9.43726,1.15892325e-05
OPA4,OPA,sp,4,-9.42726,1.22129792e-05
OPA4,OPA,sp,4,-9.41726,1.28802875e-05
OPA4,OPA,sp,4,-9.40726,1.35947020e-05
OPA4,OPA,sp,4,-9.39726,1.43600958e-05
OPA4,OPA,sp,4,-9.38726,1.51807054e-05
OPA4,OPA,sp,4,-9.37726,1.60611681e-05
OPA4,OPA,sp,4,-9.36726,1.70065647e-05
OPA4,OPA,sp,4,-9.35726,1.80224674e-05
OPA4,OPA,sp,4,-9.34726,1.91149922e-05
OPA4,OPA,sp,4,-9.33726,2.02908590e-05
OPA4,OPA,sp,4,-9.32726,2.15574580e-05
OPA4,OPA,sp,4,-9.31726,2.29229244e-05
OPA4,OPA,sp,4,-9.30726,2.43962230e-05
OPA4,OPA,sp,4,-9.29726,2.59872426e-05
OPA4,OPA,sp,4,-9.28726,2.77069026e-05
OPA4,OPA,sp,4,-9.27726,2.95672732e-05
OPA4,OPA,sp,4,-9.26726,3.15817119e-05
OPA4,OPA,sp,4,-9.25726,3.37650164e-05
OPA4,OPA,sp,4,-9.24726,3.61335994e-05
OPA4,OPA,sp,4,-9.23726,3.87056856e-05
OPA4,OPA,sp,4,-9.22726,4.15015360e-05
OPA4,OPA,sp,4,-9.21726,4.45437036e-05
OPA4,OPA,sp,4,-9.20726,4.78573232e-05
OPA4,OPA,sp,4,-9.19726,5.14704439e-05
OPA4,OPA,sp,4,-9.18726,5.54144076e-05
OPA4,OPA,sp,4,-9.17726,5.97242833e-05
OPA4,OPA,sp,4,-9.16726,6.44393646e-05
OPA4,OPA,sp,4,-9.15726,6.96037411e-05
OPA4,OPA,sp,4,-9.14726,7.52669568e-05
OPA4,OPA,sp,4,-9.13726,8.14847678e-05
OPA4,OPA,sp,4,-9.12726,8.83200189e-05
OPA4,OPA,sp,4,-9.11726,9.58436572e-05
OPA4,OPA,sp,4,-9.10726,1.04135908e-04
OPA4,OPA,sp,4,-9.09726,1.13287642e-04
OPA4,OPA,sp,4,-9.08726,1.23401965e-04
OPA4,OPA,sp,4,-9.07726,1.34596078e-04
OPA4,OPA,sp,4,-9.06726,1.47003448e-04
OPA4,OPA,sp,4,-9.05726,1.60776361e-04
OPA4,OPA,sp,4,-9.04726,1.76088912e-04
OPA4,OPA,sp,4,-9.03726,1.93140543e-04
OPA4,OPA,sp,4,-9.02726,2.12160216e-04
OPA4,OPA,sp,4,-9.01726,2.33411356e-04
OPA4,OPA,sp,4,-9.00726,2.57197732e-04
OPA4,OPA,sp,4,-8.99726,2.83870466e-04
OPA4,OPA,sp,4,-8.98726,3.13836407e-04
OPA4,OPA,sp,4,-8.97726,3.47568187e-04
OPA4,OPA,sp,4,-8.96726,3.85616313e-04
OPA4,OPA,sp,4,-8.95726,4.28623782e-04
OPA4,OPA,sp,4,-8.94726,4.77343792e-04
OPA4,OPA,sp,4,-8.93726,5.32661298e-04
OPA4,OPA,sp,4,-8.92726,5.95619348e-04
OPA4,OPA,sp,4,-8.91726,6.67451399e-04
OPA4,OPA,sp,4,-8.90726,7.49621147e-04
OPA4,OPA,sp,4,-8.89726,8.43871829e-04
OPA4,OPA,sp,4,-8.88726,9.52287584e-04
OPA4,OPA,sp,4,-8.87726,1.07737018e-03
OPA4,OPA,sp,4,-8.86726,1.22213549e-03
OPA4,OPA,sp,4,-8.85726,1.39023552e-03
OPA4,OPA,sp,4,-8.84726,1.58611364e-03
OPA4,OPA,sp,4,-8.83726,1.81520337e-03
OPA4,OPA,sp,4,-8.82726,2.08418467e-03
OPA4,OPA,sp,4,-8.81726,2.40131678e-03
OPA4,OPA,sp,4,-8.80726,2.77687375e-03
OPA4,OPA,sp,4,-8.79726,3.22371907e-03
OPA4,OPA,sp,4,-8.78726,3.75807058e-03
OPA4,OPA,sp,4,-8.77726,4.40052800e-03
OPA4,OPA,sp,4,-8.76726,5.17746740e-03
OPA4,OPA,sp,4,-8.75726,6.12295386e-03
OPA4,OPA,sp,4,-8.74726,7.28139523e-03
OPA4,OPA,sp,4,-8.73726,8.71127010e-03
OPA4,OPA,sp,4,-8.72726,1.04904344e-02
OPA4,OPA,sp,4,-8.71726,1.27237834e-02
OPA4,OPA,sp,4,-8.70726,1.55544846e-02
OPA4,OPA,sp,4,-8.69726,1.91807139e-02
OPA4,OPA,sp,4,-8.68726,2.38810245e-02
OPA4,OPA,sp,4,-8.67726,3.00534924e-02
OPA4,OPA,sp,4,-8.66726,3.82772246e-02
OPA4,OPA,sp,4,-8.65726,4.94107050e-02
OPA4,OPA,sp,4,-8.64726,6.47513813e-02
OPA4,OPA,sp,4,-8.63726,8.62967641e-02
OPA4,OPA,sp,4,-8.62726,1.17168598e-01
OPA4,OPA,sp,4,-8.61726,1.62272305e-01
OPA4,OPA,sp,4,-8.60726,2.29179418e-01
OPA4,OPA,sp,4,-8.59726,3.28709805e-01
OPA4,OPA,sp,4,-8.58726,4.72780116e-01
OPA4,OPA,sp,4,-8.57726,6.62693862e-01
OPA4,OPA,sp,4,-8.56726,8.62063986e-01
OPA4,OPA,sp,4,-8.55726,9.87067117e-01
OPA4,OPA,sp,4,-8.54726,9.79445693e-01
OPA4,OPA,sp,4,-8.53726,8.74603531e-01
OPA4,OPA,sp,4,-8.52726,7.42791284e-01
OPA4,OPA,sp,4,-8.51726,6.24496840e-01
OPA4,OPA,sp,4,-8.50726,5.30500098e-01
OPA4,OPA,sp,4,-8.49726,4.59043808e-01
OPA4,OPA,sp,4,-8.48726,4.05443122e-01
OPA4,OPA,sp,4,-8.47726,3.65330150e-01
OPA4,OPA,sp,4,-8.46726,3.35338050e-01
OPA4,OPA,sp,4,-8.45726,3.13028431e-01
OPA4,OPA,sp,4,-8.44726,2.96672287e-01
OPA4,OPA,sp,4,-8.43726,2.85051378e-01
OPA4,OPA,sp,4,-8.42726,2.77310013e-01
OPA4,OPA,sp,4,-8.41726,2.72851378e-01
OPA4,OPA,sp,4,-8.40726,2.71266758e-01
OPA4,OPA,sp,4,-8.39726,2.72287598e-01
OPA4,OPA,sp,4,-8.38726,2.75753140e-01
OPA4,OPA,sp,4,-8.37726,2.81588622e-01
OPA4,OPA,sp,4,-8.36726,2.89790636e-01
OPA4,OPA,sp,4,-8.35726,3.00417289e-01
OPA4,OPA,sp,4,-8.34726,3.13581410e-01
OPA4,OPA,sp,4,-8.33726,3.29445393e-01
OPA4,OPA,sp,4,-8.32726,3.48216304e-01
OPA4,OPA,sp,4,-8.31726,3.70139766e-01
OPA4,OPA,sp,4,-8.30726,3.95490745e-01
OPA4,OPA,sp,4,-8.29726,4.24558854e-01
OPA4,OPA,sp,4,-8.28726,4.57625047e-01
OPA4,OPA,sp,4,-8.27726,4.94925864e-01
OPA4,OPA,sp,4,-8.26726,5.36600978e-01
OPA4,OPA,sp,4,-8.25726,5.82620266e-01
OPA4,OPA,sp,4,-8.24726,6.32689113e-01
OPA4,OPA,sp,4,-8.23726,6.86136552e-01
OPA4,OPA,sp,4,-8.22726,7.41801347e-01
OPA4,OPA,sp,4,-8.21726,7.97946145e-01
OPA4,OPA,sp,4,-8.20726,8.52245220e-01
OPA4,OPA,sp,4,-8.19726,9.01897369e-01
OPA4,OPA,sp,4,-8.18726,9.43898287e-01
OPA4,OPA,sp,4,-8.17726,9.75457388e-01
OPA4,OPA,sp,4,-8.16726,9.94473382e-01
OPA4,OPA,sp,4,-8.15726,9.99927862e-01
OPA4,OPA,sp,4,-8.14726,9.92060830e-01
OPA4,OPA,sp,4,-8.13726,9.72268607e-01
OPA4,OPA,sp,4,-8.12726,9.42773276e-01
OPA4,OPA,sp,4,-8.11726,9.06189280e-01
OPA4,OPA,sp,4,-8.10726,8.65120489e-01
OPA4,OPA,sp,4,-8.09726,8.21873123e-01
OPA4,OPA,sp,4,-8.08726,7.78307014e-01
OPA4,OPA,sp,4,-8.07726,7.35802354e-01
OPA4,OPA,sp,4,-8.06726,6.95301008e-01
OPA4,OPA,sp,4,-8.05726,6.57383697e-01
OPA4,OPA,sp,4,-8.04726,6.22355502e-01
OPA4,OPA,sp,4,-8.03726,5.90324061e-01
OPA4,OPA,sp,4,-8.02726,5.61263827e-01
OPA4,OPA,sp,4,-8.01726,5.35065263e-01
OPA4,OPA,sp,4,-8.00726,5.11570552e-01
OPA4,OPA,sp,4,-7.99726,4.90598407e-01
OPA4,OPA,sp,4,-7.98726,4.71960609e-01
OPA4,OPA,sp,4,-7.97726,4.55472546e-01
OPA4,OPA,sp,4,-7.96726,4.40959553e-01
OPA4,OPA,sp,4,-7.95726,4.28260402e-01
OPA4,OPA,sp,4,-7.94726,4.17228908e-01
OPA4,OPA,sp,4,-7.93726,4.07734347e-01
OPA4,OPA,sp,4,-7.92726,3.99661134e-01
OPA4,OPA,sp,4,-7.91726,3.92908099e-01
OPA4,OPA,sp,4,-7.90726,3.87387539e-01
OPA4,OPA,sp,4,-7.89726,3.83024197e-01
OPA4,OPA,sp,4,-7.88726,3.79754245e-01
OPA4,OPA,sp,4,-7.87726,3.77524307e-01
OPA4,OPA,sp,4,-7.86726,3.76290565e-01
OPA4,OPA,sp,4,-7.85726,3.76017944e-01
OPA4,OPA,sp,4,-7.84726,3.76679390e-01
OPA4,OPA,sp,4,-7.83726,3.78255223e-01
OPA4,OPA,sp,4,-7.82726,3.80732570e-01
OPA4,OPA,sp,4,-7.81726,3.84104860e-01
OPA4,OPA,sp,4,-7.80726,3.88371374e-01
OPA4,OPA,sp,4,-7.79726,3.93536826e-01
OPA4,OPA,sp,4,-7.78726,3.99610977e-01
OPA4,OPA,sp,4,-7.77726,4.06608249e-01
OPA4,OPA,sp,4,-7.76726,4.14547327e-01
OPA4,OPA,sp,4,-7.75726,4.23450731e-01
OPA4,OPA,sp,4,-7.74726,4.33344327e-01
OPA4,OPA,sp,4,-7.73726,4.44256749e-01
OPA4,OPA,sp,4,-7.72726,4.56218712e-01
OPA4,OPA,sp,4,-7.71726,4.69262162e-01
OPA4,OPA,sp,4,-7.70726,4.83419228e-01
OPA4,OPA,sp,4,-7.69726,4.98720934e-01
OPA4,OPA,sp,4,-7.68726,5.15195617e-01
OPA4,OPA,sp,4,-7.67726,5.32866981e-01
OPA4,OPA,sp,4,-7.66726,5.51751761e-01
OPA4,OPA,sp,4,-7.65726,5.71856913e-01
OPA4,OPA,sp,4,-7.64726,5.93176314e-01
OPA4,OPA,sp,4,-7.63726,6.15686933e-01
OPA4,OPA,sp,4,-7.62726,6.39344488e-01
OPA4,OPA,sp,4,-7.61726,6.64078646e-01
OPA4,OPA,sp,4,-7.60726,6.89787894e-01
OPA4,OPA,sp,4,-7.59726,7.16334279e-01
OPA4,OPA,sp,4,-7.58726,7.43538357e-01
OPA4,OPA,sp,4,-7.57726,7.71174777e-01
OPA4,OPA,sp,4,-7.56726,7.98969087e-01
OPA4,OPA,sp,4,-7.55726,8.26596429e-01
OPA4,OPA,sp,4,-7.54726,8.53682893e-01
OPA4,OPA,sp,4,-7.53726,8.79810244e-01
OPA4,OPA,sp,4,-7.52726,9.04524652e-01
OPA4,OPA,sp,4,-7.51726,9.27349734e-01
OPA4,OPA,sp,4,-7.50726,9.47803798e-01
OPA4,OPA,sp,4,-7.49726,9.65420607e-01
OPA4,OPA,sp,4,-7.48726,9.79772258e-01
OPA4,OPA,sp,4,-7.47726,9.90491948e-01
OPA4,OPA,sp,4,-7.46726,9.97292056e-01
OPA4,OPA,sp,4,-7.45726,9.99971620e-01
OPA4,OPA,sp,4,-7.44726,9.99071485e-01
OPA4,OPA,sp,4,-7.43726,9.93059683e-01
OPA4,OPA,sp,4,-7.42726,9.83744644e-01
OPA4,OPA,sp,4,-7.41726,9.70577983e-01
OPA4,OPA,sp,4,-7.40726,9.54100309e-01
OPA4,OPA,sp,4,-7.39726,9.34709691e-01
OPA4,OPA,sp,4,-7.38726,9.12852065e-01
OPA4,OPA,sp,4,-7.37726,8.88991309e-01
OPA4,OPA,sp,4,-7.36726,8.63587868e-01
OPA4,OPA,sp,4,-7.35726,8.37081712e-01
OPA4,OPA,sp,4,-7.34726,8.09879580e-01
OPA4,OPA,sp,4,-7.33726,7.82346445e-01
OPA4,OPA,sp,4,-7.32726,7.54800820e-01
OPA4,OPA,sp,4,-7.31726,7.27513284e-01
OPA4,OPA,sp,4,-7.30726,7.00707530e-01
OPA4,OPA,sp,4,-7.29726,6.74563215e-01
OPA4,OPA,sp,4,-7.28726,6.49219978e-01
OPA4,OPA,sp,4,-7.27726,6.24782071e-01
OPA4,OPA,sp,4,-7.26726,6.01323211e-01
OPA4,OPA,sp,4,-7.25726,5.78891332e-01
OPA4,OPA,sp,4,-7.24726,5.57513042e-01
OPA4,OPA,sp,4,-7.23726,5.37197675e-01
OPA4,OPA,sp,4,-7.22726,5.17940858e-01
OPA4,OPA,sp,4,-7.21726,4.99727612e-01
OPA4,OPA,sp,4,-7.20726,4.82534969e-01
OPA4,OPA,sp,4,-7.19726,4.66334171e-01
OPA4,OPA,sp,4,-7.18726,4.51092471e-01
OPA4,OPA,sp,4,-7.17726,4.36774601e-01
OPA4,OPA,sp,4,-7.16726,4.23343948e-01
OPA4,OPA,sp,4,-7.15726,4.10763486e-01
OPA4,OPA,sp,4,-7.14726,3.98996496e-01
OPM2,OPM,sp3,2,-15.14726,2.24899402e-01
OPM2,OPM,sp3,2,-15.13726,8.42695051e-02
OPM2,OPM,sp3,2,-15.12726,4.36408704e-02
OPM2,OPM,sp3,2,-15.11726,2.71035357e-02
OPM2,OPM,sp3,2,-15.10726,1.89953647e-02
OPM2,OPM,sp3,2,-15.09726,1.47248888e-02
OPM2,OPM,sp3,2,-15.08726,1.27998140e-02
OPM2,OPM,sp3,2,-15.07726,1.33537147e-02
OPM2,OPM,sp3,2,-15.06726,2.01980927e-02
OPM2,OPM,sp3,2,-15.05726,7.62889497e-02
OPM2,OPM,sp3,2,-15.04726,4.96807282e-01
OPM2,OPM,sp3,2,-15.03726,3.72483041e-02
OPM2,OPM,sp3,2,-15.02726,1.45429090e-02
OPM2,OPM,sp3,2,-15.01726,8.81878628e-03
OPM2,OPM,sp3,2,-15.00726,6.42179179e-03
OPM2,OPM,sp3,2,-14.99726,5.13592740e-03
OPM2,OPM,sp3,2,-14.98726,4.33991628e-03
OPM2,OPM,sp3,2,-14.97726,3.80110991e-03
OPM2,OPM,sp3,2,-14.96726,3.41481312e-03
OPM2,OPM,sp3,2,-14.95726,3.12751953e-03
OPM2,OPM,sp3,2,-14.94726,2.90927247e-03
OPM2,OPM,sp3,2,-14.93726,2.74218805e-03
OPM2,OPM,sp3,2,-14.92726,2.61516181e-03
OPM2,OPM,sp3,2,-14.91726,2.52123809e-03
OPM2,OPM,sp3,2,-14.90726,2.45625128e-03
OPM2,OPM,sp3,2,-14.89726,2.41814656e-03
OPM2,OPM,sp3,2,-14.88726,2.40672648e-03
OPM2,OPM,sp3,2,-14.87726,2.42374192e-03
OPM2,OPM,sp3,2,-14.86726,2.47336902e-03
OPM2,OPM,sp3,2,-14.85726,2.56326229e-03
OPM2,OPM,sp3,2,-14.84726,2.70664298e-03
OPM2,OPM,sp3,2,-14.83726,2.92648330e-03
OPM2,OPM,sp3,2,-14.82726,3.26437685e-03
OPM2,OPM,sp3,2,-14.81726,3.80106436e-03
OPM2,OPM,sp3,2,-14.80726,4.71002427e-03
OPM2,OPM,sp3,2,-14.79726,6.42298748e-03
OPM2,OPM,sp3,2,-14.78726,1.02854561e-02
OPM2,OPM,sp3,2,-14.77726,2.24941699e-02
OPM2,OPM,sp3,2,-14.76726,1.13536475e-01
OPM2,OPM,sp3,2,-14.75726,3.23932555e-01
OPM2,OPM,sp3,2,-14.74726,2.86125594e-02
OPM2,OPM,sp3,2,-14.73726,9.99947665e-03
OPM2,OPM,sp3,2,-14.72726,5.48884731e-03
OPM2,OPM,sp3,2,-14.71726,3.80861601e-03
OPM2,OPM,sp3,2,-14.70726,3.04852694e-03
OPM2,OPM,sp3,2,-14.69726,2.67709379e-03
OPM2,OPM,sp3,2,-14.68726,2.50214905e-03
OPM2,OPM,sp3,2,-14.67726,2.44252649e-03
OPM2,OPM,sp3,2,-14.66726,2.46104365e-03
OPM2,OPM,sp3,2,-14.65726,2.54086671e-03
OPM2,OPM,sp3,2,-14.64726,2.67620297e-03
OPM2,OPM,sp3,2,-14.63726,2.86859251e-03
OPM2,OPM,sp3,2,-14.62726,3.12585269e-03
OPM2,OPM,sp3,2,-14.61726,3.46272445e-03
OPM2,OPM,sp3,2,-14.60726,3.90318766e-03
OPM2,OPM,sp3,2,-14.59726,4.48514483e-03
OPM2,OPM,sp3,2,-14.58726,5.26924976e-03
OPM2,OPM,sp3,2,-14.57726,6.35586638e-03
OPM2,OPM,sp3,2,-14.56726,7.91939384e-03
OPM2,OPM,sp3,2,-14.55726,1.02830695e-02
OPM2,OPM,sp3,2,-14.54726,1.40984461e-02
OPM2,OPM,sp3,2,-14.53726,2.08338116e-02
OPM2,OPM,sp3,2,-14.52726,3.43505451e-02
OPM2,OPM,sp3,2,-14.51726,6.73892581e-02
OPM2,OPM,sp3,2,-14.50726,1.79744172e-01
OPM2,OPM,sp3,2,-14.49726,7.45252516e-01
OPM2,OPM,sp3,2,-14.48726,5.64566426e-01
OPM2,OPM,sp3,2,-14.47726,1.69102229e-01
OPM2,OPM,sp3,2,-14.46726,8.09544027e-02
OPM2,OPM,sp3,2,-14.45726,5.14957292e-02
OPM2,OPM,sp3,2,-14.44726,3.91640924e-02
OPM2,OPM,sp3,2,-14.43726,3.38525136e-02
OPM2,OPM,sp3,2,-14.42726,3.23687246e-02
OPM2,OPM,sp3,2,-14.41726,3.37201688e-02
OPM2,OPM,sp3,2,-14.40726,3.79790080e-02
OPM2,OPM,sp3,2,-14.39726,4.61805655e-02
OPM2,OPM,sp3,2,-14.38726,6.09447848e-02
OPM2,OPM,sp3,2,-14.37726,8.85434609e-02
OPM2,OPM,sp3,2,-14.36726,1.45559952e-01
OPM2,OPM,sp3,2,-14.35726,2.82738707e-01
OPM2,OPM,sp3,2,-14.34726,6.47712666e-01
OPM2,OPM,sp3,2,-14.33726,9.90786120e-01
OPM2,OPM,sp3,2,-14.32726,5.15291626e-01
OPM2,OPM,sp3,2,-14.31726,2.35099014e-01
OPM2,OPM,sp3,2,-14.30726,1.28435970e-01
OPM2,OPM,sp3,2,-14.29726,8.12412284e-02
OPM2,OPM,sp3,2,-14.28726,5.70319081e-02
OPM2,OPM,sp3,2,-14.27726,4.32551885e-02
OPM2,OPM,sp3,2,-14.26726,3.48765049e-02
OPM2,OPM,sp3,2,-14.25726,2.96144025e-02
OPM2,OPM,sp3,2,-14.24726,2.63494110e-02
OPM2,OPM,sp3,2,-14.23726,2.45232058e-02
OPM2,OPM,sp3,2,-14.22726,2.38979265e-02
OPM2,OPM,sp3,2,-14.21726,2.44754884e-02
OPM2,OPM,sp3,2,-14.20726,2.65237250e-02
OPM2,OPM,sp3,2,-14.19726,3.07438852e-02
OPM2,OPM,sp3,2,-14.18726,3.87635588e-02
OPM2,OPM,sp3,2,-14.17726,5.46389468e-02
OPM2,OPM,sp3,2,-14.16726,9.03308182e-02
OPM2,OPM,sp3,2,-14.15726,1.91931804e-01
OPM2,OPM,sp3,2,-14.14726,5.89874670e-01
OPM2,OPM,sp3,2,-14.13726,8.48697699e-01
OPM2,OPM,sp3,2,-14.12726,2.57144490e-01
OPM2,OPM,sp3,2,-14.11726,1.03701040e-01
OPM2,OPM,sp3,2,-14.10726,5.57407692e-02
OPM2,OPM,sp3,2,-14.09726,3.55906684e-02
OPM2,OPM,sp3,2,-14.08726,2.53961486e-02
OPM2,OPM,sp3,2,-14.07726,1.95789117e-02
OPM2,OPM,sp3,2,-14.06726,1.59786558e-02
OPM2,OPM,sp3,2,-14.05726,1.36244339e-02
OPM2,OPM,sp3,2,-14.04726,1.20307914e-02
OPM2,OPM,sp3,2,-14.03726,1.09359551e-02
OPM2,OPM,sp3,2,-14.02726,1.01923059e-02
OPM2,OPM,sp3,2,-14.01726,9.71732561e-03
OPM2,OPM,sp3,2,-14.00726,9.47309598e-03
OPM2,OPM,sp3,2,-13.99726,9.46608057e-03
OPM2,OPM,sp3,2,-13.98726,9.78075771e-03
OPM2,OPM,sp3,2,-13.97726,1.07367440e-02
OPM2,OPM,sp3,2,-13.96726,1.38298850e-02
OPM2,OPM,sp3,2,-13.95726,3.49555196e-02
OPM2,OPM,sp3,2,-13.94726,2.86488273e-01
OPM2,OPM,sp3,2,-13.93726,2.24871393e-02
OPM2,OPM,sp3,2,-13.92726,1.48927434e-02
OPM2,OPM,sp3,2,-13.91726,1.39045424e-02
OPM2,OPM,sp3,2,-13.90726,1.44038260e-02
OPM2,OPM,sp3,2,-13.89726,1.56814141e-02
OPM2,OPM,sp3,2,-13.88726,1.76705163e-02
OPM2,OPM,sp3,2,-13.87726,2.05358766e-02
OPM2,OPM,sp3,2,-13.86726,2.46478650e-02
OPM2,OPM,sp3,2,-13.85726,3.06943049e-02
OPM2,OPM,sp3,2,-13.84726,3.99731384e-02
OPM2,OPM,sp3,2,-13.83726,5.51065238e-02
OPM2,OPM,sp3,2,-13.82726,8.19444468e-02
OPM2,OPM,sp3,2,-13.81726,1.35335124e-01
OPM2,OPM,sp3,2,-13.80726,2.58898835e-01
OPM2,OPM,sp3,2,-13.79726,5.80182191e-01
OPM2,OPM,sp3,2,-13.78726,1.00449329e+00
OPM2,OPM,sp3,2,-13.77726,6.21548470e-01
OPM2,OPM,sp3,2,-13.76726,2.94779140e-01
OPM2,OPM,sp3,2,-13.75726,1.64591855e-01
OPM2,OPM,sp3,2,-13.74726,1.07432738e-01
OPM2,OPM,sp3,2,-13.73726,7.87748832e-02
OPM2,OPM,sp3,2,-13.72726,6.31288882e-02
OPM2,OPM,sp3,2,-13.71726,5.43372919e-02
OPM2,OPM,sp3,2,-13.70726,4.96757041e-02
OPM2,OPM,sp3,2,-13.69726,4.78889537e-02
OPM2,OPM,sp3,2,-13.68726,4.84709705e-02
OPM2,OPM,sp3,2,-13.67726,5.14151239e-02
OPM2,OPM,sp3,2,-13.66726,5.72177303e-02
OPM2,OPM,sp3,2,-13.65726,6.71624627e-02
OPM2,OPM,sp3,2,-13.64726,8.42462297e-02
OPM2,OPM,sp3,2,-13.63726,1.16273840e-01
OPM2,OPM,sp3,2,-13.62726,1.88775163e-01
OPM2,OPM,sp3,2,-13.61726,4.17870069e-01
OPM2,OPM,sp3,2,-13.60726,1.03324047e+00
OPM2,OPM,sp3,2,-13.59726,3.77612666e-01
OPM2,OPM,sp3,2,-13.58726,1.49621779e-01
OPM2,OPM,sp3,2,-13.57726,1.06248849e-01
OPM2,OPM,sp3,2,-13.56726,1.04176601e-01
OPM2,OPM,sp3,2,-13.55726,1.22748652e-01
OPM2,OPM,sp3,2,-13.54726,1.69030956e-01
OPM2,OPM,sp3,2,-13.53726,2.78146904e-01
OPM2,OPM,sp3,2,-13.52726,5.05646192e-01
OPM2,OPM,sp3,2,-13.51726,7.42559398e-01
OPM2,OPM,sp3,2,-13.50726,7.65012203e-01
OPM2,OPM,sp3,2,-13.49726,6.16708863e-01
OPM2,OPM,sp3,2,-13.48726,4.53291978e-01
OPM2,OPM,sp3,2,-13.47726,3.39542785e-01
OPM2,OPM,sp3,2,-13.46726,2.68142095e-01
OPM2,OPM,sp3,2,-13.45726,2.28287059e-01
OPM2,OPM,sp3,2,-13.44726,2.18092561e-01
OPM2,OPM,sp3,2,-13.43726,2.45110291e-01
OPM2,OPM,sp3,2,-13.42726,3.34402045e-01
OPM2,OPM,sp3,2,-13.41726,5.44909748e-01
OPM2,OPM,sp3,2,-13.40726,8.96151973e-01
OPM2,OPM,sp3,2,-13.39726,9.59895570e-01
OPM2,OPM,sp3,2,-13.38726,6.35893171e-01
OPM2,OPM,sp3,2,-13.37726,3.90617898e-01
OPM2,OPM,sp3,2,-13.36726,2.60293672e-01
OPM2,OPM,sp3,2,-13.35726,1.89413524e-01
OPM2,OPM,sp3,2,-13.34726,1.47782155e-01
OPM2,OPM,sp3,2,-13.33726,1.21556774e-01
OPM2,OPM,sp3,2,-13.32726,1.04106265e-01
OPM2,OPM,sp3,2,-13.31726,9.20146820e-02
OPM2,OPM,sp3,2,-13.30726,8.33972814e-02
OPM2,OPM,sp3,2,-13.29726,7.71513531e-02
OPM2,OPM,sp3,2,-13.28726,7.25997380e-02
OPM2,OPM,sp3,2,-13.27726,6.93100954e-02
OPM2,OPM,sp3,2,-13.26726,6.69979910e-02
OPM2,OPM,sp3,2,-13.25726,6.54723640e-02
OPM2,OPM,sp3,2,-13.24726,6.46035616e-02
OPM2,OPM,sp3,2,-13.23726,6.43039669e-02
OPM2,OPM,sp3,2,-13.22726,6.45159587e-02
OPM2,OPM,sp3,2,-13.21726,6.52043196e-02
OPM2,OPM,sp3,2,-13.20726,6.63514638e-02
OPM2,OPM,sp3,2,-13.19726,6.79545474e-02
OPM2,OPM,sp3,2,-13.18726,7.00239402e-02
OPM2,OPM,sp3,2,-13.17726,7.25828082e-02
OPM2,OPM,sp3,2,-13.16726,7.56678075e-02
OPM2,OPM,sp3,2,-13.15726,7.93312270e-02
OPM2,OPM,sp3,2,-13.14726,8.36456574e-02
OPM2,OPM,sp3,2,-13.13726,8.87143571e-02
OPM2,OPM,sp3,2,-13.12726,9.46980140e-02
OPM2,OPM,sp3,2,-13.11726,1.01904142e-01
OPM2,OPM,sp3,2,-13.10726,1.11246982e-01
OPM2,OPM,sp3,2,-13.09726,1.31162605e-01
OPM2,OPM,sp3,2,-13.08726,1.13072382e-01
OPM2,OPM,sp3,2,-13.07726,1.43847794e-01
OPM2,OPM,sp3,2,-13.06726,1.47502967e-01
OPM2,OPM,sp3,2,-13.05726,1.63169066e-01
OPM2,OPM,sp3,2,-13.04726,1.81238033e-01
OPM2,OPM,sp3,2,-13.03726,2.02167095e-01
OPM2,OPM,sp3,2,-13.02726,2.26529441e-01
OPM2,OPM,sp3,2,-13.01726,2.54976464e-01
OPM2,OPM,sp3,2,-13.00726,2.88241593e-01
OPM2,OPM,sp3,2,-12.99726,3.27128076e-01
OPM2,OPM,sp3,2,-12.98726,3.72466822e-01
OPM2,OPM,sp3,2,-12.97726,4.25025554e-01
OPM2,OPM,sp3,2,-12.96726,4.85343479e-01
OPM2,OPM,sp3,2,-12.95726,5.53463976e-01
OPM2,OPM,sp3,2,-12.94726,6.28552716e-01
OPM2,OPM,sp3,2,-12.93726,7.08438974e-01
OPM2,OPM,sp3,2,-12.92726,7.89218816e-01
OPM2,OPM,sp3,2,-12.91726,8.65189618e-01
OPM2,OPM,sp3,2,-12.90726,9.29441728e-01
OPM2,OPM,sp3,2,-12.89726,9.75242960e-01
OPM2,OPM,sp3,2,-12.88726,9.97859992e-01
OPM2,OPM,sp3,2,-12.87726,9.95978879e-01
OPM2,OPM,sp3,2,-12.86726,9.71945922e-01
OPM2,OPM,sp3,2,-12.85726,9.30750073e-01
OPM2,OPM,sp3,2,-12.84726,8.78401970e-01
OPM2,OPM,sp3,2,-12.83726,8.20514198e-01
OPM2,OPM,sp3,2,-12.82726,7.61504944e-01
OPM2,OPM,sp3,2,-12.81726,7.04401917e-01
OPM2,OPM,sp3,2,-12.80726,6.51011849e-01
OPM2,OPM,sp3,2,-12.79726,6.02226191e-01
OPM2,OPM,sp3,2,-12.78726,5.58322885e-01
OPM2,OPM,sp3,2,-12.77726,5.19206522e-01
OPM2,OPM,sp3,2,-12.76726,4.84577730e-01
OPM2,OPM,sp3,2,-12.75726,4.54043157e-01
OPM2,OPM,sp3,2,-12.74726,4.27182132e-01
OPM2,OPM,sp3,2,-12.73726,4.03584318e-01
OPM2,OPM,sp3,2,-12.72726,3.82869009e-01
OPM2,OPM,sp3,2,-12.71726,3.64693396e-01
OPM2,OPM,sp3,2,-12.70726,3.48754486e-01
OPM2,OPM,sp3,2,-12.69726,3.34787637e-01
OPM2,OPM,sp3,2,-12.68726,3.22563420e-01
OPM2,OPM,sp3,2,-12.67726,3.11883853e-01
OPM2,OPM,sp3,2,-12.66726,3.02578545e-01
OPM2,OPM,sp3,2,-12.65726,2.94501054e-01
OPM2,OPM,sp3,2,-12.64726,2.87525581e-01
OPM2,OPM,sp3,2,-12.63726,2.81544051e-01
OPM2,OPM,sp3,2,-12.62726,2.76463576e-01
OPM2,OPM,sp3,2,-12.61726,2.72204267e-01
OPM2,OPM,sp3,2,-12.60726,2.68697366e-01
OPM2,OPM,sp3,2,-12.59726,2.65883644e-01
OPM2,OPM,sp3,2,-12.58726,2.63712048e-01
OPM2,OPM,sp3,2,-12.57726,2.62138535e-01
OPM2,OPM,sp3,2,-12.56726,2.61125085e-01
OPM2,OPM,sp3,2,-12.55726,2.60638849e-01
OPM2,OPM,sp3,2,-12.54726,2.60651422e-01
OPM2,OPM,sp3,2,-12.53726,2.61138210e-01
OPM2,OPM,sp3,2,-12.52726,2.62077881e-01
OPM2,OPM,sp3,2,-12.51726,2.63451883e-01
OPM2,OPM,sp3,2,-12.50726,2.65244023e-01
OPM2,OPM,sp3,2,-12.49726,2.67440082e-01
OPM2,OPM,sp3,2,-12.48726,2.70027483e-01
OPM2,OPM,sp3,2,-12.47726,2.72994975e-01
OPM2,OPM,sp3,2,-12.46726,2.76332354e-01
OPM2,OPM,sp3,2,-12.45726,2.80030198e-01
OPM2,OPM,sp3,2,-12.44726,2.84079626e-01
OPM2,OPM,sp3,2,-12.43726,2.88472066e-01
OPM2,OPM,sp3,2,-12.42726,2.93199034e-01
OPM2,OPM,sp3,2,-12.41726,2.98251933e-01
OPM2,OPM,sp3,2,-12.40726,3.03621854e-01
OPM2,OPM,sp3,2,-12.39726,3.09299388e-01
OPM2,OPM,sp3,2,-12.38726,3.15274451e-01
OPM2,OPM,sp3,2,-12.37726,3.21536122e-01
OPM2,OPM,sp3,2,-12.36726,3.28072483e-01
OPM2,OPM,sp3,2,-12.35726,3.34870488e-01
OPM2,OPM,sp3,2,-12.34726,3.41915833e-01
OPM2,OPM,sp3,2,-12.33726,3.49192859e-01
OPM2,OPM,sp3,2,-12.32726,3.56684457e-01
OPM2,OPM,sp3,2,-12.31726,3.64372018e-01
OPM2,OPM,sp3,2,-12.30726,3.72235387e-01
OPM2,OPM,sp3,2,-12.29726,3.80252858e-01
OPM2,OPM,sp3,2,-12.28726,3.88401193e-01
OPM2,OPM,sp3,2,-12.27726,3.96655670e-01
OPM2,OPM,sp3,2,-12.26726,4.04990167e-01
OPM2,OPM,sp3,2,-12.25726,4.13377266e-01
OPM2,OPM,sp3,2,-12.24726,4.21788403e-01
OPM2,OPM,sp3,2,-12.23726,4.30194027e-01
OPM2,OPM,sp3,2,-12.22726,4.38563806e-01
OPM2,OPM,sp3,2,-12.21726,4.46866833e-01
OPM2,OPM,sp3,2,-12.20726,4.55071871e-01
OPM2,OPM,sp3,2,-12.19726,4.63147597e-01
OPM2,OPM,sp3,2,-12.18726,4.71062858e-01
OPM2,OPM,sp3,2,-12.17726,4.78786939e-01
OPM2,OPM,sp3,2,-12.16726,4.86289814e-01
OPM2,OPM,sp3,2,-12.15726,4.93542400e-01
OPM2,OPM,sp3,2,-12.14726,5.00516792e-01
OPM2,OPM,sp3,2,-12.13726,5.07186488e-01
OPM2,OPM,sp3,2,-12.12726,5.13526583e-01
OPM2,OPM,sp3,2,-12.11726,5.19513947e-01
OPM2,OPM,sp3,2,-12.10726,5.25127375e-01
OPM2,OPM,sp3,2,-12.09726,5.30347706e-01
OPM2,OPM,sp3,2,-12.08726,5.35157920e-01
OPM2,OPM,sp3,2,-12.07726,5.39543206e-01
OPM2,OPM,sp3,2,-12.06726,5.43491001e-01
OPM2,OPM,sp3,2,-12.05726,5.46991010e-01
OPM2,OPM,sp3,2,-12.04726,5.50035204e-01
OPM2,OPM,sp3,2,-12.03726,5.52617795e-01
OPM2,OPM,sp3,2,-12.02726,5.54735199e-01
OPM2,OPM,sp3,2,-12.01726,5.56385981e-01
OPM2,OPM,sp3,2,-12.00726,5.57570792e-01
OPM2,OPM,sp3,2,-11.99726,5.58292294e-01
OPM2,OPM,sp3,2,-11.98726,5.58555082e-01
OPM2,OPM,sp3,2,-11.97726,5.58365593e-01
OPM2,OPM,sp3,2,-11.96726,5.57732014e-01
OPM2,OPM,sp3,2,-11.95726,5.56664187e-01
OPM2,OPM,sp3,2,-11.94726,5.55173510e-01
OPM2,OPM,sp3,2,-11.93726,5.53272831e-01
OPM2,OPM,sp3,2,-11.92726,5.50976345e-01
OPM2,OPM,sp3,2,-11.91726,5.48299479e-01
OPM2,OPM,sp3,2,-11.90726,5.45258787e-01
OPM2,OPM,sp3,2,-11.89726,5.41871824e-01
OPM2,OPM,sp3,2,-11.88726,5.38157038e-01
OPM2,OPM,sp3,2,-11.87726,5.34133638e-01
OPM2,OPM,sp3,2,-11.86726,5.29821478e-01
OPM2,OPM,sp3,2,-11.85726,5.25240925e-01
OPM2,OPM,sp3,2,-11.84726,5.20412735e-01
OPM2,OPM,sp3,2,-11.83726,5.15357925e-01
OPM2,OPM,sp3,2,-11.82726,5.10097649e-01
OPM2,OPM,sp3,2,-11.81726,5.04653071e-01
OPM2,OPM,sp3,2,-11.80726,4.99045246e-01
OPM2,OPM,sp3,2,-11.79726,4.93295005e-01
OPM2,OPM,sp3,2,-11.78726,4.87422846e-01
OPM2,OPM,sp3,2,-11.77726,4.81448828e-01
OPM2,OPM,sp3,2,-11.76726,4.75392476e-01
OPM2,OPM,sp3,2,-11.75726,4.69272699e-01
OPM2,OPM,sp3,2,-11.74726,4.63107708e-01
OPM2,OPM,sp3,2,-11.73726,4.56914954e-01
OPM2,OPM,sp3,2,-11.72726,4.50711067e-01
OPM2,OPM,sp3,2,-11.71726,4.44511813e-01
OPM2,OPM,sp3,2,-11.70726,4.38332058e-01
OPM2,OPM,sp3,2,-11.69726,4.32185738e-01
OPM2,OPM,sp3,2,-11.68726,4.26085850e-01
OPM2,OPM,sp3,2,-11.67726,4.20044439e-01
OPM2,OPM,sp3,2,-11.66726,4.14072602e-01
OPM2,OPM,sp3,2,-11.65726,4.08180495e-01
OPM2,OPM,sp3,2,-11.64726,4.02377352e-01
OPM2,OPM,sp3,2,-11.63726,3.96671505e-01
OPM2,OPM,sp3,2,-11.62726,3.91070412e-01
OPM2,OPM,sp3,2,-11.61726,3.85580688e-01
OPM2,OPM,sp3,2,-11.60726,3.80208141e-01
OPM2,OPM,sp3,2,-11.59726,3.74957810e-01
OPM2,OPM,sp3,2,-11.58726,3.69834004e-01
OPM2,OPM,sp3,2,-11.57726,3.64840347e-01
OPM2,OPM,sp3,2,-11.56726,3.59979814e-01
OPM2,OPM,sp3,2,-11.55726,3.55254780e-01
OPM2,OPM,sp3,2,-11.54726,3.50667058e-01
OPM2,OPM,sp3,2,-11.53726,3.46217944e-01
OPM2,OPM,sp3,2,-11.52726,3.41908252e-01
OPM2,OPM,sp3,2,-11.51726,3.37738360e-01
OPM2,OPM,sp3,2,-11.50726,3.33708243e-01
OPM2,OPM,sp3,2,-11.49726,3.29817508e-01
OPM2,OPM,sp3,2,-11.48726,3.26065432e-01
OPM2,OPM,sp3,2,-11.47726,3.22450992e-01
OPM2,OPM,sp3,2,-11.46726,3.18972891e-01
OPM2,OPM,sp3,2,-11.45726,3.15629593e-01
OPM2,OPM,sp3,2,-11.44726,3.12419340e-01
OPM2,OPM,sp3,2,-11.43726,3.09340183e-01
OPM2,OPM,sp3,2,-11.42726,3.06389999e-01
OPM2,OPM,sp3,2,-11.41726,3.03566511e-01
OPM2,OPM,sp3,2,-11.40726,3.00867307e-01
OPM2,OPM,sp3,2,-11.39726,2.98289855e-01
OPM2,OPM,sp3,2,-11.38726,2.95831515e-01
OPM2,OPM,sp3,2,-11.37726,2.93489553e-01
OPM2,OPM,sp3,2,-11.36726,2.91261153e-01
OPM2,OPM,sp3,2,-11.35726,2.89143423e-01
OPM2,OPM,sp3,2,-11.34726,2.87133407e-01
OPM2,OPM,sp3,2,-11.33726,2.85228085e-01
OPM2,OPM,sp3,2,-11.32726,2.83424388e-01
OPM2,OPM,sp3,2,-11.31726,2.81719193e-01
OPM2,OPM,sp3,2,-11.30726,2.80109334e-01
OPM2,OPM,sp3,2,-11.29726,2.78591599e-01
OPM2,OPM,sp3,2,-11.28726,2.77162736e-01
OPM2,OPM,sp3,2,-11.27726,2.75819451e-01
OPM2,OPM,sp3,2,-11.26726,2.74558410e-01
OPM2,OPM,sp3,2,-11.25726,2.73376242e-01
OPM2,OPM,sp3,2,-11.24726,2.72269532e-01
OPM2,OPM,sp3,2,-11.23726,2.71234826e-01
OPM2,OPM,sp3,2,-11.22726,2.70268629e-01
OPM2,OPM,sp3,2,-11.21726,2.69367402e-01
OPM2,OPM,sp3,2,-11.20726,2.68527560e-01
OPM2,OPM,sp3,2,-11.19726,2.67745477e-01
OPM2,OPM,sp3,2,-11.18726,2.67017477e-01
OPM2,OPM,sp3,2,-11.17726,2.66339835e-01
OPM2,OPM,sp3,2,-11.16726,2.65708781e-01
OPM2,OPM,sp3,2,-11.15726,2.65120492e-01
OPM2,OPM,sp3,2,-11.14726,2.64571096e-01
OPM2,OPM,sp3,2,-11.13726,2.64056670e-01
OPM2,OPM,sp3,2,-11.12726,2.63573243e-01
OPM2,OPM,sp3,2,-11.11726,2.63116793e-01
OPM2,OPM,sp3,2,-11.10726,2.62683251e-01
OPM2,OPM,sp3,2,-11.09726,2.62268501e-01
OPM2,OPM,sp3,2,-11.08726,2.61868388e-01
OPM2,OPM,sp3,2,-11.07726,2.61478711e-01
OPM2,OPM,sp3,2,-11.06726,2.61095239e-01
OPM2,OPM,sp3,2,-11.05726,2.60713708e-01
OPM2,OPM,sp3,2,-11.04726,2.60329828e-01
OPM2,OPM,sp3,2,-11.03726,2.59939293e-01
OPM2,OPM,sp3,2,-11.02726,2.59537784e-01
OPM2,OPM,sp3,2,-11.01726,2.59120980e-01
OPM2,OPM,sp3,2,-11.00726,2.58684569e-01
OPM2,OPM,sp3,2,-10.99726,2.58224251e-01
OPM2,OPM,sp3,2,-10.98726,2.57735759e-01
OPM2,OPM,sp3,2,-10.97726,2.57214863e-01
OPM2,OPM,sp3,2,-10.96726,2.56657385e-01
OPM2,OPM,sp3,2,-10.95726,2.56059214e-01
OPM2,OPM,sp3,2,-10.94726,2.55416320e-01
OPM2,OPM,sp3,2,-10.93726,2.54724765e-01
OPM2,OPM,sp3,2,-10.92726,2.53980725e-01
OPM2,OPM,sp3,2,-10.91726,2.53180499e-01
OPM2,OPM,sp3,2,-10.90726,2.52320530e-01
OPM2,OPM,sp3,2,-10.89726,2.51397419e-01
OPM2,OPM,sp3,2,-10.88726,2.50407942e-01
OPM2,OPM,sp3,2,-10.87726,2.49349068e-01
OPM2,OPM,sp3,2,-10.86726,2.48217974e-01
OPM2,OPM,sp3,2,-10.85726,2.47012061e-01
OPM2,OPM,sp3,2,-10.84726,2.45728969e-01
OPM2,OPM,sp3,2,-10.83726,2.44366594e-01
OPM2,OPM,sp3,2,-10.82726,2.42923101e-01
OPM2,OPM,sp3,2,-10.81726,2.41396936e-01
OPM2,OPM,sp3,2,-10.80726,2.39786839e-01
OPM2,OPM,sp3,2,-10.79726,2.38091855e-01
OPM2,OPM,sp3,2,-10.78726,2.36311341e-01
OPM2,OPM,sp3,2,-10.77726,2.34444978e-01
OPM2,OPM,sp3,2,-10.76726,2.32492772e-01
OPM2,OPM,sp3,2,-10.75726,2.30455059e-01
OPM2,OPM,sp3,2,-10.74726,2.28332510e-01
OPM2,OPM,sp3,2,-10.73726,2.26126128e-01
OPM2,OPM,sp3,2,-10.72726,2.23837244e-01
OPM2,OPM,sp3,2,-10.71726,2.21467517e-01
OPM2,OPM,sp3,2,-10.70726,2.19018926e-01
OPM2,OPM,sp3,2,-10.69726,2.16493758e-01
OPM2,OPM,sp3,2,-10.68726,2.13894600e-01
OPM2,OPM,sp3,2,-10.67726,2.11224327e-01
OPM2,OPM,sp3,2,-10.66726,2.08486085e-01
OPM2,OPM,sp3,2,-10.65726,2.05683272e-01
OPM2,OPM,sp3,2,-10.64726,2.02819524e-01
OPM2,OPM,sp3,2,-10.63726,1.99898694e-01
OPM2,OPM,sp3,2,-10.62726,1.96924825e-01
OPM2,OPM,sp3,2,-10.61726,1.93902135e-01
OPM2,OPM,sp3,2,-10.60726,1.90834988e-01
OPM2,OPM,sp3,2,-10.59726,1.87727871e-01
OPM2,OPM,sp3,2,-10.58726,1.84585370e-01
OPM2,OPM,sp3,2,-10.57726,1.81412142e-01
OPM2,OPM,sp3,2,-10.56726,1.78212894e-01
OPM2,OPM,sp3,2,-10.55726,1.74992354e-01
OPM2,OPM,sp3,2,-10.54726,1.71755248e-01
OPM2,OPM,sp3,2,-10.53726,1.68506277e-01
OPM2,OPM,sp3,2,-10.52726,1.65250093e-01
OPM2,OPM,sp3,2,-10.51726,1.61991275e-01
OPM2,OPM,sp3,2,-10.50726,1.58734312e-01
OPM2,OPM,sp3,2,-10.49726,1.55483583e-01
OPM2,OPM,sp3,2,-10.48726,1.52243337e-01
OPM2,OPM,sp3,2,-10.47726,1.49017677e-01
OPM2,OPM,sp3,2,-10.46726,1.45810548e-01
OPM2,OPM,sp3,2,-10.45726,1.42625721e-01
OPM2,OPM,sp3,2,-10.44726,1.39466788e-01
OPM2,OPM,sp3,2,-10.43726,1.36337143e-01
OPM2,OPM,sp3,2,-10.42726,1.33239983e-01
OPM2,OPM,sp3,2,-10.41726,1.30178301e-01
OPM2,OPM,sp3,2,-10.40726,1.27154879e-01
OPM2,OPM,sp3,2,-10.39726,1.24172285e-01
OPM2,OPM,sp3,2,-10.38726,1.21232879e-01
OPM2,OPM,sp3,2,-10.37726,1.18338807e-01
OPM2,OPM,sp3,2,-10.36726,1.15492003e-01
OPM2,OPM,sp3,2,-10.35726,1.12694198e-01
OPM2,OPM,sp3,2,-10.34726,1.09946918e-01
OPM2,OPM,sp3,2,-10.33726,1.07251493e-01
OPM2,OPM,sp3,2,-10.32726,1.04609060e-01
OPM2,OPM,sp3,2,-10.31726,1.02020575e-01
OPM2,OPM,sp3,2,-10.30726,9.94868139e-02
OPM2,OPM,sp3,2,-10.29726,9.70083867e-02
OPM2,OPM,sp3,2,-10.28726,9.45857417e-02
OPM2,OPM,sp3,2,-10.27726,9.22191761e-02
OPM2,OPM,sp3,2,-10.26726,8.99088443e-02
OPM2,OPM,sp3,2,-10.25726,8.76547674e-02
OPM2,OPM,sp3,2,-10.24726,8.54568420e-02
OPM2,OPM,sp3,2,-10.23726,8.33148492e-02
OPM2,OPM,sp3,2,-10.22726,8.12284638e-02
OPM2,OPM,sp3,2,-10.21726,7.91972629e-02
OPM2,OPM,sp3,2,-10.20726,7.72207345e-02
OPM2,OPM,sp3,2,-10.19726,7.52982858e-02
OPM2,OPM,sp3,2,-10.18726,7.34292514e-02
OPM2,OPM,sp3,2,-10.17726,7.16129008e-02
OPM2,OPM,sp3,2,-10.16726,6.98484460e-02
OPM2,OPM,sp3,2,-10.15726,6.81350484e-02
OPM2,OPM,sp3,2,-10.14726,6.64718255e-02
OPM2,OPM,sp3,2,-10.13726,6.48578571e-02
OPM2,OPM,sp3,2,-10.12726,6.32921914e-02
OPM2,OPM,sp3,2,-10.11726,6.17738504e-02
OPM2,OPM,sp3,2,-10.10726,6.03018349e-02
OPM2,OPM,sp3,2,-10.09726,5.88751297e-02
OPM2,OPM,sp3,2,-10.08726,5.74927076e-02
OPM2,OPM,sp3,2,-10.07726,5.61535338e-02
OPM2,OPM,sp3,2,-10.06726,5.48565692e-02
OPM2,OPM,sp3,2,-10.05726,5.36007746e-02
OPM2,OPM,sp3,2,-10.04726,5.23851128e-02
OPM2,OPM,sp3,2,-10.03726,5.12085522e-02
OPM2,OPM,sp3,2,-10.02726,5.00700692e-02
OPM2,OPM,sp3,2,-10.01726,4.89686500e-02
OPM2,OPM,sp3,2,-10.00726,4.79032931e-02
OPM2,OPM,sp3,2,-9.99726,4.68730111e-02
OPM2,OPM,sp3,2,-9.98726,4.58768319e-02
OPM2,OPM,sp3,2,-9.97726,4.49138005e-02
OPM2,OPM,sp3,2,-9.96726,4.39829799e-02
OPM2,OPM,sp3,2,-9.95726,4.30834521e-02
OPM2,OPM,sp3,2,-9.94726,4.22143194e-02
OPM2,OPM,sp3,2,-9.93726,4.13747044e-02
OPM2,OPM,sp3,2,-9.92726,4.05637513e-02
OPM2,OPM,sp3,2,-9.91726,3.97806259e-02
OPM2,OPM,sp3,2,-9.90726,3.90245160e-02
OPM2,OPM,sp3,2,-9.89726,3.82946320e-02
OPM2,OPM,sp3,2,-9.88726,3.75902066e-02
OPM2,OPM,sp3,2,-9.87726,3.69104953e-02
OPM2,OPM,sp3,2,-9.86726,3.62547759e-02
OPM2,OPM,sp3,2,-9.85726,3.56223492e-02
OPM2,OPM,sp3,2,-9.84726,3.50125382e-02
OPM2,OPM,sp3,2,-9.83726,3.44246882e-02
OPM2,OPM,sp3,2,-9.82726,3.38581669e-02
OPM2,OPM,sp3,2,-9.81726,3.33123637e-02
OPM2,OPM,sp3,2,-9.80726,3.27866897e-02
OPM2,OPM,sp3,2,-9.79726,3.22805774e-02
OPM2,OPM,sp3,2,-9.78726,3.17934805e-02
OPM2,OPM,sp3,2,-9.77726,3.13248734e-02
OPM2,OPM,sp3,2,-9.76726,3.08742507e-02
OPM2,OPM,sp3,2,-9.75726,3.04411275e-02
OPM2,OPM,sp3,2,-9.74726,3.00250384e-02
OPM2,OPM,sp3,2,-9.73726,2.96255376e-02
OPM2,OPM,sp3,2,-9.72726,2.92421981e-02
OPM2,OPM,sp3,2,-9.71726,2.88746120e-02
OPM2,OPM,sp3,2,-9.70726,2.85223896e-02
OPM2,OPM,sp3,2,-9.69726,2.81851592e-02
OPM2,OPM,sp3,2,-9.68726,2.78625671e-02
OPM2,OPM,sp3,2,-9.67726,2.75542768e-02
OPM2,OPM,sp3,2,-9.66726,2.72599691e-02
OPM2,OPM,sp3,2,-9.65726,2.69793418e-02
OPM2,OPM,sp3,2,-9.64726,2.67121090e-02
OPM2,OPM,sp3,2,-9.63726,2.64580015e-02
OPM2,OPM,sp3,2,-9.62726,2.62167661e-02
OPM2,OPM,sp3,2,-9.61726,2.59881656e-02
OPM2,OPM,sp3,2,-9.60726,2.57719784e-02
OPM2,OPM,sp3,2,-9.59726,2.55679986e-02
OPM2,OPM,sp3,2,-9.58726,2.53760359e-02
OPM2,OPM,sp3,2,-9.57726,2.51959152e-02
OPM2,OPM,sp3,2,-9.56726,2.50274767e-02
OPM2,OPM,sp3,2,-9.55726,2.48705756e-02
OPM2,OPM,sp3,2,-9.54726,2.47250826e-02
OPM2,OPM,sp3,2,-9.53726,2.45908833e-02
OPM2,OPM,sp3,2,-9.52726,2.44678786e-02
OPM2,OPM,sp3,2,-9.51726,2.43559848e-02
OPM2,OPM,sp3,2,-9.50726,2.42551333e-02
OPM2,OPM,sp3,2,-9.49726,2.41652711e-02
OPM2,OPM,sp3,2,-9.48726,2.40863610e-02
OPM2,OPM,sp3,2,-9.47726,2.40183814e-02
OPM2,OPM,sp3,2,-9.46726,2.39613273e-02
OPM2,OPM,sp3,2,-9.45726,2.39152098e-02
OPM2,OPM,sp3,2,-9.44726,2.38800569e-02
OPM2,OPM,sp3,2,-9.43726,2.38559139e-02
OPM2,OPM,sp3,2,-9.42726,2.38428439e-02
OPM2,OPM,sp3,2,-9.41726,2.38409280e-02
OPM2,OPM,sp3,2,-9.40726,2.38502664e-02
OPM2,OPM,sp3,2,-9.39726,2.38709785e-02
OPM2,OPM,sp3,2,-9.38726,2.39032043e-02
OPM2,OPM,sp3,2,-9.37726,2.39471045e-02
OPM2,OPM,sp3,2,-9.36726,2.40028621e-02
OPM2,OPM,sp3,2,-9.35726,2.40706827e-02
OPM2,OPM,sp3,2,-9.34726,2.41507963e-02
OPM2,OPM,sp3,2,-9.33726,2.42434580e-02
OPM2,OPM,sp3,2,-9.32726,2.43489496e-02
OPM2,OPM,sp3,2,-9.31726,2.44675809e-02
OPM2,OPM,sp3,2,-9.30726,2.45996916e-02
OPM2,OPM,sp3,2,-9.29726,2.47456525e-02
OPM2,OPM,sp3,2,-9.28726,2.49058682e-02
OPM2,OPM,sp3,2,-9.27726,2.50807785e-02
OPM2,OPM,sp3,2,-9.26726,2.52708613e-02
OPM2,OPM,sp3,2,-9.25726,2.54766348e-02
OPM2,OPM,sp3,2,-9.24726,2.56986604e-02
OPM2,OPM,sp3,2,-9.23726,2.59375459e-02
OPM2,OPM,sp3,2,-9.22726,2.61939487e-02
OPM2,OPM,sp3,2,-9.21726,2.64685796e-02
OPM2,OPM,sp3,2,-9.20726,2.67622072e-02
OPM2,OPM,sp3,2,-9.19726,2.70756616e-02
OPM2,OPM,sp3,2,-9.18726,2.74098404e-02
OPM2,OPM,sp3,2,-9.17726,2.77657133e-02
OPM2,OPM,sp3,2,-9.16726,2.81443288e-02
OPM2,OPM,sp3,2,-9.15726,2.85468202e-02
OPM2,OPM,sp3,2,-9.14726,2.89744138e-02
OPM2,OPM,sp3,2,-9.13726,2.94284364e-02
OPM2,OPM,sp3,2,-9.12726,2.99103247e-02
OPM2,OPM,sp3,2,-9.11726,3.04216353e-02
OPM2,OPM,sp3,2,-9.10726,3.09640559e-02
OPM2,OPM,sp3,2,-9.09726,3.15394179e-02
OPM2,OPM,sp3,2,-9.08726,3.21497099e-02
OPM2,OPM,sp3,2,-9.07726,3.27970937e-02
OPM2,OPM,sp3,2,-9.06726,3.34839214e-02
OPM2,OPM,sp3,2,-9.05726,3.42127548e-02
OPM2,OPM,sp3,2,-9.04726,3.49863873e-02
OPM2,OPM,sp3,2,-9.03726,3.58078684e-02
OPM2,OPM,sp3,2,-9.02726,3.66805313e-02
OPM2,OPM,sp3,2,-9.01726,3.76080237e-02
OPM2,OPM,sp3,2,-9.00726,3.85943435e-02
OPM2,OPM,sp3,2,-8.99726,3.96438779e-02
OPM2,OPM,sp3,2,-8.98726,4.07614494e-02
OPM2,OPM,sp3,2,-8.97726,4.19523660e-02
OPM2,OPM,sp3,2,-8.96726,4.32224806e-02
OPM2,OPM,sp3,2,-8.95726,4.45782572e-02
OPM2,OPM,sp3,2,-8.94726,4.60268471e-02
OPM2,OPM,sp3,2,-8.93726,4.75761766e-02
OPM2,OPM,sp3,2,-8.92726,4.92350475e-02
OPM2,OPM,sp3,2,-8.91726,5.10132530e-02
OPM2,OPM,sp3,2,-8.90726,5.29217111e-02
OPM2,OPM,sp3,2,-8.89726,5.49726199e-02
OPM2,OPM,sp3,2,-8.88726,5.71796372e-02
OPM2,OPM,sp3,2,-8.87726,5.95580899e-02
OPM2,OPM,sp3,2,-8.86726,6.21252180e-02
OPM2,OPM,sp3,2,-8.85726,6.49004604e-02
OPM2,OPM,sp3,2,-8.84726,6.79057906e-02
OPM2,OPM,sp3,2,-8.83726,7.11661108e-02
OPM2,OPM,sp3,2,-8.82726,7.47097177e-02
OPM2,OPM,sp3,2,-8.81726,7.85688535e-02
OPM2,OPM,sp3,2,-8.80726,8.27803587e-02
OPM2,OPM,sp3,2,-8.79726,8.73864502e-02
OPM2,OPM,sp3,2,-8.78726,9.24356472e-02
OPM2,OPM,sp3,2,-8.77726,9.79838793e-02
OPM2,OPM,sp3,2,-8.76726,1.04095812e-01
OPM2,OPM,sp3,2,-8.75726,1.10846439e-01
OPM2,OPM,sp3,2,-8.74726,1.18322987e-01
OPM2,OPM,sp3,2,-8.73726,1.26627212e-01
OPM2,OPM,sp3,2,-8.72726,1.35878148e-01
OPM2,OPM,sp3,2,-8.71726,1.46215399e-01
OPM2,OPM,sp3,2,-8.70726,1.57803053e-01
OPM2,OPM,sp3,2,-8.69726,1.70834321e-01
OPM2,OPM,sp3,2,-8.68726,1.85536933e-01
OPM2,OPM,sp3,2,-8.67726,2.02179319e-01
OPM2,OPM,sp3,2,-8.66726,2.21077426e-01
OPM2,OPM,sp3,2,-8.65726,2.42601824e-01
OPM2,OPM,sp3,2,-8.64726,2.67184300e-01
OPM2,OPM,sp3,2,-8.63726,2.95322379e-01
OPM2,OPM,sp3,2,-8.62726,3.27578951e-01
OPM2,OPM,sp3,2,-8.61726,3.64572088e-01
OPM2,OPM,sp3,2,-8.60726,4.06946978e-01
OPM2,OPM,sp3,2,-8.59726,4.55317340e-01
OPM2,OPM,sp3,2,-8.58726,5.10158136e-01
OPM2,OPM,sp3,2,-8.57726,5.71626664e-01
OPM2,OPM,sp3,2,-8.56726,6.39290429e-01
OPM2,OPM,sp3,2,-8.55726,7.11758727e-01
OPM2,OPM,sp3,2,-8.54726,7.86267439e-01
OPM2,OPM,sp3,2,-8.53726,8.58365305e-01
OPM2,OPM,sp3,2,-8.52726,9.21970928e-01
OPM2,OPM,sp3,2,-8.51726,9.70108188e-01
OPM2,OPM,sp3,2,-8.50726,9.96415844e-01
OPM2,OPM,sp3,2,-8.49726,9.97017965e-01
OPM2,OPM,sp3,2,-8.48726,9.71861822e-01
OPM2,OPM,sp3,2,-8.47726,9.24733102e-01
OPM2,OPM,sp3,2,-8.46726,8.61940116e-01
OPM2,OPM,sp3,2,-8.45726,7.90447532e-01
OPM2,OPM,sp3,2,-8.44726,7.16356299e-01
OPM2,OPM,sp3,2,-8.43726,6.44152975e-01
OPM2,OPM,sp3,2,-8.42726,5.76640261e-01
OPM2,OPM,sp3,2,-8.41726,5.15243565e-01
OPM2,OPM,sp3,2,-8.40726,4.60423490e-01
OPM2,OPM,sp3,2,-8.39726,4.12044169e-01
OPM2,OPM,sp3,2,-8.38726,3.69646471e-01
OPM2,OPM,sp3,2,-8.37726,3.32628314e-01
OPM2,OPM,sp3,2,-8.36726,3.00353257e-01
OPM2,OPM,sp3,2,-8.35726,2.72210214e-01
OPM2,OPM,sp3,2,-8.34726,2.47642468e-01
OPM2,OPM,sp3,2,-8.33726,2.26158699e-01
OPM2,OPM,sp3,2,-8.32726,2.07334206e-01
OPM2,OPM,sp3,2,-8.31726,1.90807377e-01
OPM2,OPM,sp3,2,-8.30726,1.76274399e-01
OPM2,OPM,sp3,2,-8.29726,1.63484082e-01
OPM2,OPM,sp3,2,-8.28726,1.52234055e-01
OPM2,OPM,sp3,2,-8.27726,1.42369580e-01
OPM2,OPM,sp3,2,-8.26726,1.33786753e-01
OPM2,OPM,sp3,2,-8.25726,1.26443353e-01
OPM2,OPM,sp3,2,-8.24726,1.20384027e-01
OPM2,OPM,sp3,2,-8.23726,1.15794564e-01
OPM2,OPM,sp3,2,-8.22726,1.13119669e-01
OPM2,OPM,sp3,2,-8.21726,1.13330149e-01
OPM2,OPM,sp3,2,-8.20726,1.18570204e-01
OPM2,OPM,sp3,2,-8.19726,1.33852037e-01
OPM2,OPM,sp3,2,-8.18726,1.71822006e-01
OPM2,OPM,sp3,2,-8.17726,2.66128690e-01
OPM2,OPM,sp3,2,-8.16726,4.94123197e-01
OPM2,OPM,sp3,2,-8.15726,8.74836072e-01
OPM2,OPM,sp3,2,-8.14726,1.06278880e+00
OPM2,OPM,sp3,2,-8.13726,1.03151314e+00
OPM2,OPM,sp3,2,-8.12726,1.03879951e+00
OPM2,OPM,sp3,2,-8.11726,1.03876187e+00
OPM2,OPM,sp3,2,-8.10726,7.48859203e-01
OPM2,OPM,sp3,2,-8.09726,3.79177449e-01
OPM2,OPM,sp3,2,-8.08726,1.94688171e-01
OPM2,OPM,sp3,2,-8.07726,1.19142435e-01
OPM2,OPM,sp3,2,-8.06726,8.59784495e-02
OPM2,OPM,sp3,2,-8.05726,6.95989786e-02
OPM2,OPM,sp3,2,-8.04726,6.05293665e-02
OPM2,OPM,sp3,2,-8.03726,5.49699245e-02
OPM2,OPM,sp3,2,-8.02726,5.12500714e-02
OPM2,OPM,sp3,2,-8.01726,4.85716919e-02
OPM2,OPM,sp3,2,-8.00726,4.65251312e-02
OPM2,OPM,sp3,2,-7.99726,4.48867096e-02
OPM2,OPM,sp3,2,-7.98726,4.35275244e-02
OPM2,OPM,sp3,2,-7.97726,4.23696556e-02
OPM2,OPM,sp3,2,-7.96726,4.13639335e-02
OPM2,OPM,sp3,2,-7.95726,4.04780934e-02
OPM2,OPM,sp3,2,-7.94726,3.96901909e-02
OPM2,OPM,sp3,2,-7.93726,3.89848023e-02
OPM2,OPM,sp3,2,-7.92726,3.83507564e-02
OPM2,OPM,sp3,2,-7.91726,3.77797397e-02
OPM2,OPM,sp3,2,-7.90726,3.72654148e-02
OPM2,OPM,sp3,2,-7.89726,3.68028485e-02
OPM2,OPM,sp3,2,-7.88726,3.63881330e-02
OPM2,OPM,sp3,2,-7.87726,3.60181284e-02
OPM2,OPM,sp3,2,-7.86726,3.56902857e-02
OPM2,OPM,sp3,2,-7.85726,3.54025217e-02
OPM2,OPM,sp3,2,-7.84726,3.51531294e-02
OPM2,OPM,sp3,2,-7.83726,3.49407139e-02
OPM2,OPM,sp3,2,-7.82726,3.47641442e-02
OPM2,OPM,sp3,2,-7.81726,3.46225185e-02
OPM2,OPM,sp3,2,-7.80726,3.45151379e-02
OPM2,OPM,sp3,2,-7.79726,3.44414872e-02
OPM2,OPM,sp3,2,-7.78726,3.44012205e-02
OPM2,OPM,sp3,2,-7.77726,3.43941510e-02
OPM2,OPM,sp3,2,-7.76726,3.44202443e-02
OPM2,OPM,sp3,2,-7.75726,3.44796137e-02
OPM2,OPM,sp3,2,-7.74726,3.45725182e-02
OPM2,OPM,sp3,2,-7.73726,3.46993631e-02
OPM2,OPM,sp3,2,-7.72726,3.48607010e-02
OPM2,OPM,sp3,2,-7.71726,3.50572361e-02
OPM2,OPM,sp3,2,-7.70726,3.52898291e-02
OPM2,OPM,sp3,2,-7.69726,3.55595047e-02
OPM2,OPM,sp3,2,-7.68726,3.58674601e-02
OPM2,OPM,sp3,2,-7.67726,3.62150760e-02
OPM2,OPM,sp3,2,-7.66726,3.66039296e-02
OPM2,OPM,sp3,2,-7.65726,3.70358091e-02
OPM2,OPM,sp3,2,-7.64726,3.75127321e-02
OPM2,OPM,sp3,2,-7.63726,3.80369653e-02
OPM2,OPM,sp3,2,-7.62726,3.86110483e-02
OPM2,OPM,sp3,2,-7.61726,3.92378207e-02
OPM2,OPM,sp3,2,-7.60726,3.99204531e-02
OPM2,OPM,sp3,2,-7.59726,4.06624826e-02
OPM2,OPM,sp3,2,-7.58726,4.14678545e-02
OPM2,OPM,sp3,2,-7.57726,4.23409693e-02
OPM2,OPM,sp3,2,-7.56726,4.32867373e-02
OPM2,OPM,sp3,2,-7.55726,4.43106420e-02
OPM2,OPM,sp3,2,-7.54726,4.54188124e-02
OPM2,OPM,sp3,2,-7.53726,4.66181082e-02
OPM2,OPM,sp3,2,-7.52726,4.79162176e-02
OPM2,OPM,sp3,2,-7.51726,4.93217720e-02
OPM2,OPM,sp3,2,-7.50726,5.08444795e-02
OPM2,OPM,sp3,2,-7.49726,5.24952819e-02
OPM2,OPM,sp3,2,-7.48726,5.42865388e-02
OPM2,OPM,sp3,2,-7.47726,5.62322444e-02
OPM2,OPM,sp3,2,-7.46726,5.83482850e-02
OPM2,OPM,sp3,2,-7.45726,6.06527434e-02
OPM2,OPM,sp3,2,-7.44726,6.31662631e-02
OPM2,OPM,sp3,2,-7.43726,6.59124827e-02
OPM2,OPM,sp3,2,-7.42726,6.89185579e-02
OPM2,OPM,sp3,2,-7.41726,7.22157917e-02
OPM2,OPM,sp3,2,-7.40726,7.58403958e-02
OPM2,OPM,sp3,2,-7.39726,7.98344179e-02
OPM2,OPM,sp3,2,-7.38726,8.42468723e-02
OPM2,OPM,sp3,2,-7.37726,8.91351271e-02
OPM2,OPM,sp3,2,-7.36726,9.45666123e-02
OPM2,OPM,sp3,2,-7.35726,1.00620930e-01
OPM2,OPM,sp3,2,-7.34726,1.07392476e-01
OPM2,OPM,sp3,2,-7.33726,1.14993702e-01
OPM2,OPM,sp3,2,-7.32726,1.23559192e-01
OPM2,OPM,sp3,2,-7.31726,1.33250767e-01
OPM2,OPM,sp3,2,-7.30726,1.44263877e-01
OPM2,OPM,sp3,2,-7.29726,1.56835599e-01
OPM2,OPM,sp3,2,-7.28726,1.71254609e-01
OPM2,OPM,sp3,2,-7.27726,1.87873491e-01
OPM2,OPM,sp3,2,-7.26726,2.07123693e-01
OPM2,OPM,sp3,2,-7.25726,2.29533146e-01
OPM2,OPM,sp3,2,-7.24726,2.55745899e-01
OPM2,OPM,sp3,2,-7.23726,2.86541563e-01
OPM2,OPM,sp3,2,-7.22726,3.22849238e-01
OPM2,OPM,sp3,2,-7.21726,3.65744473e-01
OPM2,OPM,sp3,2,-7.20726,4.16406504e-01
OPM2,OPM,sp3,2,-7.19726,4.75993889e-01
OPM2,OPM,sp3,2,-7.18726,5.45368368e-01
OPM2,OPM,sp3,2,-7.17726,6.24567067e-01
OPM2,OPM,sp3,2,-7.16726,7.11927218e-01
OPM2,OPM,sp3,2,-7.15726,8.02896703e-01
OPM2,OPM,sp3,2,-7.14726,8.88958168e-01
OPM3,OPM,sp3,3,-15.14726,2.85684437e-03
OPM3,OPM,sp3,3,-15.13726,3.49160550e-03
OPM3,OPM,sp3,3,-15.12726,4.41801807e-03
OPM3,OPM,sp3,3,-15.11726,5.89804666e-03
OPM3,OPM,sp3,3,-15.10726,8.86917052e-03
OPM3,OPM,sp3,3,-15.09726,3.12548745e-02
OPM3,OPM,sp3,3,-15.08726,1.09343638e-02
OPM3,OPM,sp3,3,-15.07726,1.84193431e-02
OPM3,OPM,sp3,3,-15.06726,3.63335674e-02
OPM3,OPM,sp3,3,-15.05726,9.16534979e-02
OPM3,OPM,sp3,3,-15.04726,4.01566841e-01
OPM3,OPM,sp3,3,-15.03726,6.99854376e-01
OPM3,OPM,sp3,3,-15.02726,1.39400126e-01
OPM3,OPM,sp3,3,-15.01726,5.21127499e-02
OPM3,OPM,sp3,3,-15.00726,2.71487930e-02
OPM3,OPM,sp3,3,-14.99726,1.68784337e-02
OPM3,OPM,sp3,3,-14.98726,1.17397418e-02
OPM3,OPM,sp3,3,-14.97726,8.87280059e-03
OPM3,OPM,sp3,3,-14.96726,7.21196055e-03
OPM3,OPM,sp3,3,-14.95726,6.34107706e-03
OPM3,OPM,sp3,3,-14.94726,6.21125126e-03
OPM3,OPM,sp3,3,-14.93726,7.33257678e-03
OPM3,OPM,sp3,3,-14.92726,1.28106984e-02
OPM3,OPM,sp3,3,-14.91726,6.77265994e-02
OPM3,OPM,sp3,3,-14.90726,1.33155631e-01
OPM3,OPM,sp3,3,-14.89726,1.51094937e-02
OPM3,OPM,sp3,3,-14.88726,7.14011129e-03
OPM3,OPM,sp3,3,-14.87726,5.37750308e-03
OPM3,OPM,sp3,3,-14.86726,5.38761465e-03
OPM3,OPM,sp3,3,-14.85726,7.10624870e-03
OPM3,OPM,sp3,3,-14.84726,1.35502757e-02
OPM3,OPM,sp3,3,-14.83726,5.15006721e-02
OPM3,OPM,sp3,3,-14.82726,9.77633914e-01
OPM3,OPM,sp3,3,-14.81726,5.31446764e-02
OPM3,OPM,sp3,3,-14.80726,1.68649521e-02
OPM3,OPM,sp3,3,-14.79726,9.23831193e-03
OPM3,OPM,sp3,3,-14.78726,6.41409212e-03
OPM3,OPM,sp3,3,-14.77726,5.08299844e-03
OPM3,OPM,sp3,3,-14.76726,4.38909510e-03
OPM3,OPM,sp3,3,-14.75726,4.03683385e-03
OPM3,OPM,sp3,3,-14.74726,3.91345033e-03
OPM3,OPM,sp3,3,-14.73726,3.98874005e-03
OPM3,OPM,sp3,3,-14.72726,4.29389076e-03
OPM3,OPM,sp3,3,-14.71726,4.94812429e-03
OPM3,OPM,sp3,3,-14.70726,6.27849115e-03
OPM3,OPM,sp3,3,-14.69726,9.30636150e-03
OPM3,OPM,sp3,3,-14.68726,1.85937347e-02
OPM3,OPM,sp3,3,-14.67726,8.29616338e-02
OPM3,OPM,sp3,3,-14.66726,3.15500907e-01
OPM3,OPM,sp3,3,-14.65726,2.09654087e-02
OPM3,OPM,sp3,3,-14.64726,6.72284790e-03
OPM3,OPM,sp3,3,-14.63726,3.55233405e-03
OPM3,OPM,sp3,3,-14.62726,2.44829134e-03
OPM3,OPM,sp3,3,-14.61726,1.98385817e-03
OPM3,OPM,sp3,3,-14.60726,1.77910126e-03
OPM3,OPM,sp3,3,-14.59726,1.70155715e-03
OPM3,OPM,sp3,3,-14.58726,1.69707795e-03
OPM3,OPM,sp3,3,-14.57726,1.74157517e-03
OPM3,OPM,sp3,3,-14.56726,1.82436574e-03
OPM3,OPM,sp3,3,-14.55726,1.94166383e-03
OPM3,OPM,sp3,3,-14.54726,2.09387825e-03
OPM3,OPM,sp3,3,-14.53726,2.28455648e-03
OPM3,OPM,sp3,3,-14.52726,2.52017947e-03
OPM3,OPM,sp3,3,-14.51726,2.81052948e-03
OPM3,OPM,sp3,3,-14.50726,3.16959843e-03
OPM3,OPM,sp3,3,-14.49726,3.61717502e-03
OPM3,OPM,sp3,3,-14.48726,4.18144195e-03
OPM3,OPM,sp3,3,-14.47726,4.90321957e-03
OPM3,OPM,sp3,3,-14.46726,5.84305279e-03
OPM3,OPM,sp3,3,-14.45726,7.09345749e-03
OPM3,OPM,sp3,3,-14.44726,8.80101933e-03
OPM3,OPM,sp3,3,-14.43726,1.12084323e-02
OPM3,OPM,sp3,3,-14.42726,1.47397718e-02
OPM3,OPM,sp3,3,-14.41726,2.01877347e-02
OPM3,OPM,sp3,3,-14.40726,2.91681011e-02
OPM3,OPM,sp3,3,-14.39726,4.53768355e-02
OPM3,OPM,sp3,3,-14.38726,7.87441415e-02
OPM3,OPM,sp3,3,-14.37726,1.63131300e-01
OPM3,OPM,sp3,3,-14.36726,4.63809119e-01
OPM3,OPM,sp3,3,-14.35726,1.53514552e+00
OPM3,OPM,sp3,3,-14.34726,8.28534401e-01
OPM3,OPM,sp3,3,-14.33726,2.86384838e-01
OPM3,OPM,sp3,3,-14.32726,1.37156024e-01
OPM3,OPM,sp3,3,-14.31726,8.17345760e-02
OPM3,OPM,sp3,3,-14.30726,5.57500400e-02
OPM3,OPM,sp3,3,-14.29726,4.16696687e-02
OPM3,OPM,sp3,3,-14.28726,3.33231396e-02
OPM3,OPM,sp3,3,-14.27726,2.81198048e-02
OPM3,OPM,sp3,3,-14.26726,2.48366548e-02
OPM3,OPM,sp3,3,-14.25726,2.28581038e-02
OPM3,OPM,sp3,3,-14.24726,2.18798015e-02
OPM3,OPM,sp3,3,-14.23726,2.17893904e-02
OPM3,OPM,sp3,3,-14.22726,2.26323596e-02
OPM3,OPM,sp3,3,-14.21726,2.46422759e-02
OPM3,OPM,sp3,3,-14.20726,2.83637935e-02
OPM3,OPM,sp3,3,-14.19726,3.49878191e-02
OPM3,OPM,sp3,3,-14.18726,4.73121254e-02
OPM3,OPM,sp3,3,-14.17726,7.29908533e-02
OPM3,OPM,sp3,3,-14.16726,1.38742041e-01
OPM3,OPM,sp3,3,-14.15726,3.76043375e-01
OPM3,OPM,sp3,3,-14.14726,1.00282249e+00
OPM3,OPM,sp3,3,-14.13726,3.38518912e-01
OPM3,OPM,sp3,3,-14.12726,1.12222845e-01
OPM3,OPM,sp3,3,-14.11726,5.31921744e-02
OPM3,OPM,sp3,3,-14.10726,3.11687242e-02
OPM3,OPM,sp3,3,-14.09726,2.09112929e-02
OPM3,OPM,sp3,3,-14.08726,1.54309651e-02
OPM3,OPM,sp3,3,-14.07726,1.22353280e-02
OPM3,OPM,sp3,3,-14.06726,1.02709451e-02
OPM3,OPM,sp3,3,-14.05726,9.03699777e-03
OPM3,OPM,sp3,3,-14.04726,8.27560094e-03
OPM3,OPM,sp3,3,-14.03726,7.84811047e-03
OPM3,OPM,sp3,3,-14.02726,7.68098551e-03
OPM3,OPM,sp3,3,-14.01726,7.74129502e-03
OPM3,OPM,sp3,3,-14.00726,8.02724192e-03
OPM3,OPM,sp3,3,-13.99726,8.56980182e-03
OPM3,OPM,sp3,3,-13.98726,9.45146619e-03
OPM3,OPM,sp3,3,-13.97726,1.08803096e-02
OPM3,OPM,sp3,3,-13.96726,1.35905990e-02
OPM3,OPM,sp3,3,-13.95726,2.41165848e-02
OPM3,OPM,sp3,3,-13.94726,2.22835195e-01
OPM3,OPM,sp3,3,-13.93726,2.87139209e-02
OPM3,OPM,sp3,3,-13.92726,3.27570144e-02
OPM3,OPM,sp3,3,-13.91726,4.66211546e-02
OPM3,OPM,sp3,3,-13.90726,7.62817232e-02
OPM3,OPM,sp3,3,-13.89726,1.49435895e-01
OPM3,OPM,sp3,3,-13.88726,3.82480052e-01
OPM3,OPM,sp3,3,-13.87726,9.77889127e-01
OPM3,OPM,sp3,3,-13.86726,5.29923695e-01
OPM3,OPM,sp3,3,-13.85726,1.98789410e-01
OPM3,OPM,sp3,3,-13.84726,9.86167539e-02
OPM3,OPM,sp3,3,-13.83726,5.95790854e-02
OPM3,OPM,sp3,3,-13.82726,4.09276213e-02
OPM3,OPM,sp3,3,-13.81726,3.07786455e-02
OPM3,OPM,sp3,3,-13.80726,2.47977470e-02
OPM3,OPM,sp3,3,-13.79726,2.11313146e-02
OPM3,OPM,sp3,3,-13.78726,1.88991909e-02
OPM3,OPM,sp3,3,-13.77726,1.76637285e-02
OPM3,OPM,sp3,3,-13.76726,1.72226122e-02
OPM3,OPM,sp3,3,-13.75726,1.75318323e-02
OPM3,OPM,sp3,3,-13.74726,1.87020096e-02
OPM3,OPM,sp3,3,-13.73726,2.10749994e-02
OPM3,OPM,sp3,3,-13.72726,2.54727611e-02
OPM3,OPM,sp3,3,-13.71726,3.39861875e-02
OPM3,OPM,sp3,3,-13.70726,5.30066943e-02
OPM3,OPM,sp3,3,-13.69726,1.09664123e-01
OPM3,OPM,sp3,3,-13.68726,4.04612931e-01
OPM3,OPM,sp3,3,-13.67726,7.74422459e-01
OPM3,OPM,sp3,3,-13.66726,1.71130604e-01
OPM3,OPM,sp3,3,-13.65726,7.86210452e-02
OPM3,OPM,sp3,3,-13.64726,5.70960317e-02
OPM3,OPM,sp3,3,-13.63726,5.39821919e-02
OPM3,OPM,sp3,3,-13.62726,6.02523236e-02
OPM3,OPM,sp3,3,-13.61726,7.55755271e-02
OPM3,OPM,sp3,3,-13.60726,1.04322195e-01
OPM3,OPM,sp3,3,-13.59726,1.57836751e-01
OPM3,OPM,sp3,3,-13.58726,2.62551857e-01
OPM3,OPM,sp3,3,-13.57726,4.73561060e-01
OPM3,OPM,sp3,3,-13.56726,8.26361819e-01
OPM3,OPM,sp3,3,-13.55726,1.03020437e+00
OPM3,OPM,sp3,3,-13.54726,8.45628771e-01
OPM3,OPM,sp3,3,-13.53726,6.48080011e-01
OPM3,OPM,sp3,3,-13.52726,6.55742772e-01
OPM3,OPM,sp3,3,-13.51726,1.14069574e+00
OPM3,OPM,sp3,3,-13.50726,1.15190168e+00
OPM3,OPM,sp3,3,-13.49726,8.91303202e-01
OPM3,OPM,sp3,3,-13.48726,8.90179835e-01
OPM3,OPM,sp3,3,-13.47726,1.04454132e+00
OPM3,OPM,sp3,3,-13.46726,1.20930006e+00
OPM3,OPM,sp3,3,-13.45726,1.21658864e+00
OPM3,OPM,sp3,3,-13.44726,1.14136232e+00
OPM3,OPM,sp3,3,-13.43726,1.10934007e+00
OPM3,OPM,sp3,3,-13.42726,1.13576312e+00
OPM3,OPM,sp3,3,-13.41726,1.07773220e+00
OPM3,OPM,sp3,3,-13.40726,7.55749790e-01
OPM3,OPM,sp3,3,-13.39726,4.22906997e-01
OPM3,OPM,sp3,3,-13.38726,2.42001432e-01
OPM3,OPM,sp3,3,-13.37726,1.61272707e-01
OPM3,OPM,sp3,3,-13.36726,1.39655350e-01
OPM3,OPM,sp3,3,-13.35726,2.17422187e-01
OPM3,OPM,sp3,3,-13.34726,1.02435612e+00
OPM3,OPM,sp3,3,-13.33726,1.11654151e-01
OPM3,OPM,sp3,3,-13.32726,4.44538169e-02
OPM3,OPM,sp3,3,-13.31726,3.12026928e-02
OPM3,OPM,sp3,3,-13.30726,2.66019801e-02
OPM3,OPM,sp3,3,-13.29726,2.47136441e-02
OPM3,OPM,sp3,3,-13.28726,2.40690795e-02
OPM3,OPM,sp3,3,-13.27726,2.41650520e-02
OPM3,OPM,sp3,3,-13.26726,2.47986152e-02
OPM3,OPM,sp3,3,-13.25726,2.58878521e-02
OPM3,OPM,sp3,3,-13.24726,2.74117940e-02
OPM3,OPM,sp3,3,-13.23726,2.93878455e-02
OPM3,OPM,sp3,3,-13.22726,3.18637438e-02
OPM3,OPM,sp3,3,-13.21726,3.49165628e-02
OPM3,OPM,sp3,3,-13.20726,3.86562572e-02
OPM3,OPM,sp3,3,-13.19726,4.32332356e-02
OPM3,OPM,sp3,3,-13.18726,4.88505430e-02
OPM3,OPM,sp3,3,-13.17726,5.57821475e-02
OPM3,OPM,sp3,3,-13.16726,6.43999115e-02
OPM3,OPM,sp3,3,-13.15726,7.52133328e-02
OPM3,OPM,sp3,3,-13.14726,8.89283479e-02
OPM3,OPM,sp3,3,-13.13726,1.06534617e-01
OPM3,OPM,sp3,3,-13.12726,1.29434656e-01
OPM3,OPM,sp3,3,-13.11726,1.59631386e-01
OPM3,OPM,sp3,3,-13.10726,1.99986421e-01
OPM3,OPM,sp3,3,-13.09726,2.54527224e-01
OPM3,OPM,sp3,3,-13.08726,3.28650299e-01
OPM3,OPM,sp3,3,-13.07726,4.28672930e-01
OPM3,OPM,sp3,3,-13.06726,5.59257699e-01
OPM3,OPM,sp3,3,-13.05726,7.16058396e-01
OPM3,OPM,sp3,3,-13.04726,8.73295950e-01
OPM3,OPM,sp3,3,-13.03726,9.80296196e-01
OPM3,OPM,sp3,3,-13.02726,9.92424038e-01
OPM3,OPM,sp3,3,-13.01726,9.14257504e-01
OPM3,OPM,sp3,3,-13.00726,7.90425117e-01
OPM3,OPM,sp3,3,-12.99726,6.62276103e-01
OPM3,OPM,sp3,3,-12.98726,5.49105677e-01
OPM3,OPM,sp3,3,-12.97726,5.16103076e-01
OPM3,OPM,sp3,3,-12.96726,4.06236042e-01
OPM3,OPM,sp3,3,-12.95726,3.48671917e-01
OPM3,OPM,sp3,3,-12.94726,3.05319751e-01
OPM3,OPM,sp3,3,-12.93726,2.71702681e-01
OPM3,OPM,sp3,3,-12.92726,2.45317431e-01
OPM3,OPM,sp3,3,-12.91726,2.24505108e-01
OPM3,OPM,sp3,3,-12.90726,2.08388788e-01
OPM3,OPM,sp3,3,-12.89726,1.78467276e-01
OPM3,OPM,sp3,3,-12.88726,1.81707010e-01
OPM3,OPM,sp3,3,-12.87726,1.73626559e-01
OPM3,OPM,sp3,3,-12.86726,1.67003334e-01
OPM3,OPM,sp3,3,-12.85726,1.61814029e-01
OPM3,OPM,sp3,3,-12.84726,1.57901212e-01
OPM3,OPM,sp3,3,-12.83726,1.55123410e-01
OPM3,OPM,sp3,3,-12.82726,1.53368853e-01
OPM3,OPM,sp3,3,-12.81726,1.52553627e-01
OPM3,OPM,sp3,3,-12.80726,1.52617833e-01
OPM3,OPM,sp3,3,-12.79726,1.53522122e-01
OPM3,OPM,sp3,3,-12.78726,1.55244983e-01
OPM3,OPM,sp3,3,-12.77726,1.57780767e-01
OPM3,OPM,sp3,3,-12.76726,1.61138345e-01
OPM3,OPM,sp3,3,-12.75726,1.65340280e-01
OPM3,OPM,sp3,3,-12.74726,1.70422425e-01
OPM3,OPM,sp3,3,-12.73726,1.76433881e-01
OPM3,OPM,sp3,3,-12.72726,1.83437243e-01
OPM3,OPM,sp3,3,-12.71726,1.91509082e-01
OPM3,OPM,sp3,3,-12.70726,2.00740602e-01
OPM3,OPM,sp3,3,-12.69726,2.11238399e-01
OPM3,OPM,sp3,3,-12.68726,2.23125229e-01
OPM3,OPM,sp3,3,-12.67726,2.36540660e-01
OPM3,OPM,sp3,3,-12.66726,2.51641416e-01
OPM3,OPM,sp3,3,-12.65726,2.68601161e-01
OPM3,OPM,sp3,3,-12.64726,2.87609361e-01
OPM3,OPM,sp3,3,-12.63726,3.08868740e-01
OPM3,OPM,sp3,3,-12.62726,3.32590675e-01
OPM3,OPM,sp3,3,-12.61726,3.58987707e-01
OPM3,OPM,sp3,3,-12.60726,3.88262167e-01
OPM3,OPM,sp3,3,-12.59726,4.20589776e-01
OPM3,OPM,sp3,3,-12.58726,4.56097110e-01
OPM3,OPM,sp3,3,-12.57726,4.94832095e-01
OPM3,OPM,sp3,3,-12.56726,5.36727440e-01
OPM3,OPM,sp3,3,-12.55726,5.81558340e-01
OPM3,OPM,sp3,3,-12.54726,6.28898031e-01
OPM3,OPM,sp3,3,-12.53726,6.78077767e-01
OPM3,OPM,sp3,3,-12.52726,7.28161125e-01
OPM3,OPM,sp3,3,-12.51726,7.77944958e-01
OPM3,OPM,sp3,3,-12.50726,8.25999190e-01
OPM3,OPM,sp3,3,-12.49726,8.70753072e-01
OPM3,OPM,sp3,3,-12.48726,9.10625720e-01
OPM3,OPM,sp3,3,-12.47726,9.44185389e-01
OPM3,OPM,sp3,3,-12.46726,9.70309427e-01
OPM3,OPM,sp3,3,-12.45726,9.88311236e-01
OPM3,OPM,sp3,3,-12.44726,9.98005935e-01
OPM3,OPM,sp3,3,-12.43726,9.99701894e-01
OPM3,OPM,sp3,3,-12.42726,9.94124988e-01
OPM3,OPM,sp3,3,-12.41726,9.82298167e-01
OPM3,OPM,sp3,3,-12.40726,9.65405480e-01
OPM3,OPM,sp3,3,-12.39726,9.44666524e-01
OPM3,OPM,sp3,3,-12.38726,9.21238073e-01
OPM3,OPM,sp3,3,-12.37726,8.96149174e-01
OPM3,OPM,sp3,3,-12.36726,8.70267765e-01
OPM3,OPM,sp3,3,-12.35726,8.44292261e-01
OPM3,OPM,sp3,3,-12.34726,8.18760136e-01
OPM3,OPM,sp3,3,-12.33726,7.94066265e-01
OPM3,OPM,sp3,3,-12.32726,7.70485421e-01
OPM3,OPM,sp3,3,-12.31726,7.48195180e-01
OPM3,OPM,sp3,3,-12.30726,7.27297032e-01
OPM3,OPM,sp3,3,-12.29726,7.07834628e-01
OPM3,OPM,sp3,3,-12.28726,6.89808882e-01
OPM3,OPM,sp3,3,-12.27726,6.73190027e-01
OPM3,OPM,sp3,3,-12.26726,6.57927004e-01
OPM3,OPM,sp3,3,-12.25726,6.43954589e-01
OPM3,OPM,sp3,3,-12.24726,6.31198698e-01
OPM3,OPM,sp3,3,-12.23726,6.19580256e-01
OPM3,OPM,sp3,3,-12.22726,6.09017944e-01
OPM3,OPM,sp3,3,-12.21726,5.99430118e-01
OPM3,OPM,sp3,3,-12.20726,5.90736096e-01
OPM3,OPM,sp3,3,-12.19726,5.82856983e-01
OPM3,OPM,sp3,3,-12.18726,5.75716175e-01
OPM3,OPM,sp3,3,-12.17726,5.69239631e-01
OPM3,OPM,sp3,3,-12.16726,5.63355983e-01
OPM3,OPM,sp3,3,-12.15726,5.57996558e-01
OPM3,OPM,sp3,3,-12.14726,5.53095325e-01
OPM3,OPM,sp3,3,-12.13726,5.48588820e-01
OPM3,OPM,sp3,3,-12.12726,5.44416064e-01
OPM3,OPM,sp3,3,-12.11726,5.40518479e-01
OPM3,OPM,sp3,3,-12.10726,5.36839825e-01
OPM3,OPM,sp3,3,-12.09726,5.33326156e-01
OPM3,OPM,sp3,3,-12.08726,5.29925809e-01
OPM3,OPM,sp3,3,-12.07726,5.26589408e-01
OPM3,OPM,sp3,3,-12.06726,5.23269909e-01
OPM3,OPM,sp3,3,-12.05726,5.19922660e-01
OPM3,OPM,sp3,3,-12.04726,5.16505494e-01
OPM3,OPM,sp3,3,-12.03726,5.12978837e-01
OPM3,OPM,sp3,3,-12.02726,5.09305836e-01
OPM3,OPM,sp3,3,-12.01726,5.05452499e-01
OPM3,OPM,sp3,3,-12.00726,5.01387843e-01
OPM3,OPM,sp3,3,-11.99726,4.97084051e-01
OPM3,OPM,sp3,3,-11.98726,4.92516618e-01
OPM3,OPM,sp3,3,-11.97726,4.87664499e-01
OPM3,OPM,sp3,3,-11.96726,4.82510240e-01
OPM3,OPM,sp3,3,-11.95726,4.77040090e-01
OPM3,OPM,sp3,3,-11.94726,4.71244095e-01
OPM3,OPM,sp3,3,-11.93726,4.65116156e-01
OPM3,OPM,sp3,3,-11.92726,4.58654054e-01
OPM3,OPM,sp3,3,-11.91726,4.51859440e-01
OPM3,OPM,sp3,3,-11.90726,4.44737776e-01
OPM3,OPM,sp3,3,-11.89726,4.37298234e-01
OPM3,OPM,sp3,3,-11.88726,4.29553545e-01
OPM3,OPM,sp3,3,-11.87726,4.21519799e-01
OPM3,OPM,sp3,3,-11.86726,4.13216198e-01
OPM3,OPM,sp3,3,-11.85726,4.04664766e-01
OPM3,OPM,sp3,3,-11.84726,3.95890012e-01
OPM3,OPM,sp3,3,-11.83726,3.86918568e-01
OPM3,OPM,sp3,3,-11.82726,3.77778789e-01
OPM3,OPM,sp3,3,-11.81726,3.68500340e-01
OPM3,OPM,sp3,3,-11.80726,3.59113768e-01
OPM3,OPM,sp3,3,-11.79726,3.49650080e-01
OPM3,OPM,sp3,3,-11.78726,3.40140322e-01
OPM3,OPM,sp3,3,-11.77726,3.30615182e-01
OPM3,OPM,sp3,3,-11.76726,3.21104612e-01
OPM3,OPM,sp3,3,-11.75726,3.11637493e-01
OPM3,OPM,sp3,3,-11.74726,3.02241334e-01
OPM3,OPM,sp3,3,-11.73726,2.92942011e-01
OPM3,OPM,sp3,3,-11.72726,2.83763562e-01
OPM3,OPM,sp3,3,-11.71726,2.74728020e-01
OPM3,OPM,sp3,3,-11.70726,2.65855301e-01
OPM3,OPM,sp3,3,-11.69726,2.57163130e-01
OPM3,OPM,sp3,3,-11.68726,2.48667017e-01
OPM3,OPM,sp3,3,-11.67726,2.40380265e-01
OPM3,OPM,sp3,3,-11.66726,2.32314019e-01
OPM3,OPM,sp3,3,-11.65726,2.24477334e-01
OPM3,OPM,sp3,3,-11.64726,2.16877279e-01
OPM3,OPM,sp3,3,-11.63726,2.09519050e-01
OPM3,OPM,sp3,3,-11.62726,2.02406107e-01
OPM3,OPM,sp3,3,-11.61726,1.95540308e-01
OPM3,OPM,sp3,3,-11.60726,1.88922061e-01
OPM3,OPM,sp3,3,-11.59726,1.82550472e-01
OPM3,OPM,sp3,3,-11.58726,1.76423490e-01
OPM3,OPM,sp3,3,-11.57726,1.70538054e-01
OPM3,OPM,sp3,3,-11.56726,1.64890227e-01
OPM3,OPM,sp3,3,-11.55726,1.59475330e-01
OPM3,OPM,sp3,3,-11.54726,1.54288064e-01
OPM3,OPM,sp3,3,-11.53726,1.49322620e-01
OPM3,OPM,sp3,3,-11.52726,1.44572786e-01
OPM3,OPM,sp3,3,-11.51726,1.40032039e-01
OPM3,OPM,sp3,3,-11.50726,1.35693627e-01
OPM3,OPM,sp3,3,-11.49726,1.31550647e-01
OPM3,OPM,sp3,3,-11.48726,1.27596109e-01
OPM3,OPM,sp3,3,-11.47726,1.23822992e-01
OPM3,OPM,sp3,3,-11.46726,1.20224293e-01
OPM3,OPM,sp3,3,-11.45726,1.16793073e-01
OPM3,OPM,sp3,3,-11.44726,1.13522486e-01
OPM3,OPM,sp3,3,-11.43726,1.10405811e-01
OPM3,OPM,sp3,3,-11.42726,1.07436480e-01
OPM3,OPM,sp3,3,-11.41726,1.04608087e-01
OPM3,OPM,sp3,3,-11.40726,1.01914411e-01
OPM3,OPM,sp3,3,-11.39726,9.93494265e-02
OPM3,OPM,sp3,3,-11.38726,9.69073050e-02
OPM3,OPM,sp3,3,-11.37726,9.45824259e-02
OPM3,OPM,sp3,3,-11.36726,9.23693764e-02
OPM3,OPM,sp3,3,-11.35726,9.02629521e-02
OPM3,OPM,sp3,3,-11.34726,8.82581558e-02
OPM3,OPM,sp3,3,-11.33726,8.63501948e-02
OPM3,OPM,sp3,3,-11.32726,8.45344769e-02
OPM3,OPM,sp3,3,-11.31726,8.28066053e-02
OPM3,OPM,sp3,3,-11.30726,8.11623733e-02
OPM3,OPM,sp3,3,-11.29726,7.95977574e-02
OPM3,OPM,sp3,3,-11.28726,7.81089112e-02
OPM3,OPM,sp3,3,-11.27726,7.66921584e-02
OPM3,OPM,sp3,3,-11.26726,7.53439847e-02
OPM3,OPM,sp3,3,-11.25726,7.40610314e-02
OPM3,OPM,sp3,3,-11.24726,7.28400876e-02
OPM3,OPM,sp3,3,-11.23726,7.16780826e-02
OPM3,OPM,sp3,3,-11.22726,7.05720790e-02
OPM3,OPM,sp3,3,-11.21726,6.95192649e-02
OPM3,OPM,sp3,3,-11.20726,6.85169475e-02
OPM3,OPM,sp3,3,-11.19726,6.75625460e-02
OPM3,OPM,sp3,3,-11.18726,6.66535846e-02
OPM3,OPM,sp3,3,-11.17726,6.57876867e-02
OPM3,OPM,sp3,3,-11.16726,6.49625683e-02
OPM3,OPM,sp3,3,-11.15726,6.41760320e-02
OPM3,OPM,sp3,3,-11.14726,6.34259620e-02
OPM3,OPM,sp3,3,-11.13726,6.27103179e-02
OPM3,OPM,sp3,3,-11.12726,6.20271304e-02
OPM3,OPM,sp3,3,-11.11726,6.13744959e-02
OPM3,OPM,sp3,3,-11.10726,6.07505725e-02
OPM3,OPM,sp3,3,-11.09726,6.01535757e-02
OPM3,OPM,sp3,3,-11.08726,5.95817744e-02
OPM3,OPM,sp3,3,-11.07726,5.90334874e-02
OPM3,OPM,sp3,3,-11.06726,5.85070804e-02
OPM3,OPM,sp3,3,-11.05726,5.80009627e-02
OPM3,OPM,sp3,3,-11.04726,5.75135847e-02
OPM3,OPM,sp3,3,-11.03726,5.70434361e-02
OPM3,OPM,sp3,3,-11.02726,5.65890430e-02
OPM3,OPM,sp3,3,-11.01726,5.61489672e-02
OPM3,OPM,sp3,3,-11.00726,5.57218042e-02
OPM3,OPM,sp3,3,-10.99726,5.53061823e-02
OPM3,OPM,sp3,3,-10.98726,5.49007624e-02
OPM3,OPM,sp3,3,-10.97726,5.45042369e-02
OPM3,OPM,sp3,3,-10.96726,5.41153300e-02
OPM3,OPM,sp3,3,-10.95726,5.37327978e-02
OPM3,OPM,sp3,3,-10.94726,5.33554290e-02
OPM3,OPM,sp3,3,-10.93726,5.29820453e-02
OPM3,OPM,sp3,3,-10.92726,5.26115028e-02
OPM3,OPM,sp3,3,-10.91726,5.22426930e-02
OPM3,OPM,sp3,3,-10.90726,5.18745446e-02
OPM3,OPM,sp3,3,-10.89726,5.15060248e-02
OPM3,OPM,sp3,3,-10.88726,5.11361418e-02
OPM3,OPM,sp3,3,-10.87726,5.07639462e-02
OPM3,OPM,sp3,3,-10.86726,5.03885336e-02
OPM3,OPM,sp3,3,-10.85726,5.00090467e-02
OPM3,OPM,sp3,3,-10.84726,4.96246778e-02
OPM3,OPM,sp3,3,-10.83726,4.92346710e-02
OPM3,OPM,sp3,3,-10.82726,4.88383244e-02
OPM3,OPM,sp3,3,-10.81726,4.84349927e-02
OPM3,OPM,sp3,3,-10.80726,4.80240892e-02
OPM3,OPM,sp3,3,-10.79726,4.76050877e-02
OPM3,OPM,sp3,3,-10.78726,4.71775248e-02
OPM3,OPM,sp3,3,-10.77726,4.67410009e-02
OPM3,OPM,sp3,3,-10.76726,4.62951824e-02
OPM3,OPM,sp3,3,-10.75726,4.58398018e-02
OPM3,OPM,sp3,3,-10.74726,4.53746595e-02
OPM3,OPM,sp3,3,-10.73726,4.48996236e-02
OPM3,OPM,sp3,3,-10.72726,4.44146300e-02
OPM3,OPM,sp3,3,-10.71726,4.39196822e-02
OPM3,OPM,sp3,3,-10.70726,4.34148506e-02
OPM3,OPM,sp3,3,-10.69726,4.29002712e-02
OPM3,OPM,sp3,3,-10.68726,4.23761440e-02
OPM3,OPM,sp3,3,-10.67726,4.18427310e-02
OPM3,OPM,sp3,3,-10.66726,4.13003540e-02
OPM3,OPM,sp3,3,-10.65726,4.07493914e-02
OPM3,OPM,sp3,3,-10.64726,4.01902753e-02
OPM3,OPM,sp3,3,-10.63726,3.96234880e-02
OPM3,OPM,sp3,3,-10.62726,3.90495581e-02
OPM3,OPM,sp3,3,-10.61726,3.84690564e-02
OPM3,OPM,sp3,3,-10.60726,3.78825914e-02
OPM3,OPM,sp3,3,-10.59726,3.72908051e-02
OPM3,OPM,sp3,3,-10.58726,3.66943681e-02
OPM3,OPM,sp3,3,-10.57726,3.60939751e-02
OPM3,OPM,sp3,3,-10.56726,3.54903397e-02
OPM3,OPM,sp3,3,-10.55726,3.48841898e-02
OPM3,OPM,sp3,3,-10.54726,3.42762631e-02
OPM3,OPM,sp3,3,-10.53726,3.36673019e-02
OPM3,OPM,sp3,3,-10.52726,3.30580491e-02
OPM3,OPM,sp3,3,-10.51726,3.24492433e-02
OPM3,OPM,sp3,3,-10.50726,3.18416151e-02
OPM3,OPM,sp3,3,-10.49726,3.12358832e-02
OPM3,OPM,sp3,3,-10.48726,3.06327504e-02
OPM3,OPM,sp3,3,-10.47726,3.00329004e-02
OPM3,OPM,sp3,3,-10.46726,2.94369949e-02
OPM3,OPM,sp3,3,-10.45726,2.88456709e-02
OPM3,OPM,sp3,3,-10.44726,2.82595379e-02
OPM3,OPM,sp3,3,-10.43726,2.76791764e-02
OPM3,OPM,sp3,3,-10.42726,2.71051358e-02
OPM3,OPM,sp3,3,-10.41726,2.65379331e-02
OPM3,OPM,sp3,3,-10.40726,2.59780519e-02
OPM3,OPM,sp3,3,-10.39726,2.54259414e-02
OPM3,OPM,sp3,3,-10.38726,2.48820161e-02
OPM3,OPM,sp3,3,-10.37726,2.43466556e-02
OPM3,OPM,sp3,3,-10.36726,2.38202047e-02
OPM3,OPM,sp3,3,-10.35726,2.33029735e-02
OPM3,OPM,sp3,3,-10.34726,2.27952378e-02
OPM3,OPM,sp3,3,-10.33726,2.22972405e-02
OPM3,OPM,sp3,3,-10.32726,2.18091914e-02
OPM3,OPM,sp3,3,-10.31726,2.13312692e-02
OPM3,OPM,sp3,3,-10.30726,2.08636221e-02
OPM3,OPM,sp3,3,-10.29726,2.04063692e-02
OPM3,OPM,sp3,3,-10.28726,1.99596021e-02
OPM3,OPM,sp3,3,-10.27726,1.95233857e-02
OPM3,OPM,sp3,3,-10.26726,1.90977605e-02
OPM3,OPM,sp3,3,-10.25726,1.86827434e-02
OPM3,OPM,sp3,3,-10.24726,1.82783295e-02
OPM3,OPM,sp3,3,-10.23726,1.78844939e-02
OPM3,OPM,sp3,3,-10.22726,1.75011927e-02
OPM3,OPM,sp3,3,-10.21726,1.71283651e-02
OPM3,OPM,sp3,3,-10.20726,1.67659343e-02
OPM3,OPM,sp3,3,-10.19726,1.64138095e-02
OPM3,OPM,sp3,3,-10.18726,1.60718869e-02
OPM3,OPM,sp3,3,-10.17726,1.57400514e-02
OPM3,OPM,sp3,3,-10.16726,1.54181774e-02
OPM3,OPM,sp3,3,-10.15726,1.51061308e-02
OPM3,OPM,sp3,3,-10.14726,1.48037696e-02
OPM3,OPM,sp3,3,-10.13726,1.45109453e-02
OPM3,OPM,sp3,3,-10.12726,1.42275039e-02
OPM3,OPM,sp3,3,-10.11726,1.39532868e-02
OPM3,OPM,sp3,3,-10.10726,1.36881322e-02
OPM3,OPM,sp3,3,-10.09726,1.34318753e-02
OPM3,OPM,sp3,3,-10.08726,1.31843498e-02
OPM3,OPM,sp3,3,-10.07726,1.29453882e-02
OPM3,OPM,sp3,3,-10.06726,1.27148230e-02
OPM3,OPM,sp3,3,-10.05726,1.24924866e-02
OPM3,OPM,sp3,3,-10.04726,1.22782127e-02
OPM3,OPM,sp3,3,-10.03726,1.20718366e-02
OPM3,OPM,sp3,3,-10.02726,1.18731954e-02
OPM3,OPM,sp3,3,-10.01726,1.16821289e-02
OPM3,OPM,sp3,3,-10.00726,1.14984798e-02
OPM3,OPM,sp3,3,-9.99726,1.13220943e-02
OPM3,OPM,sp3,3,-9.98726,1.11528221e-02
OPM3,OPM,sp3,3,-9.97726,1.09905171e-02
OPM3,OPM,sp3,3,-9.96726,1.08350375e-02
OPM3,OPM,sp3,3,-9.95726,1.06862462e-02
OPM3,OPM,sp3,3,-9.94726,1.05440107e-02
OPM3,OPM,sp3,3,-9.93726,1.04082040e-02
OPM3,OPM,sp3,3,-9.92726,1.02787040e-02
OPM3,OPM,sp3,3,-9.91726,1.01553944e-02
OPM3,OPM,sp3,3,-9.90726,1.00381643e-02
OPM3,OPM,sp3,3,-9.89726,9.92690884e-03
OPM3,OPM,sp3,3,-9.88726,9.82152909e-03
OPM3,OPM,sp3,3,-9.87726,9.72193225e-03
OPM3,OPM,sp3,3,-9.86726,9.62803180e-03
OPM3,OPM,sp3,3,-9.85726,9.53974769e-03
OPM3,OPM,sp3,3,-9.84726,9.45700640e-03
OPM3,OPM,sp3,3,-9.83726,9.37974118e-03
OPM3,OPM,sp3,3,-9.82726,9.30789212e-03
OPM3,OPM,sp3,3,-9.81726,9.24140636e-03
OPM3,OPM,sp3,3,-9.80726,9.18023822e-03
OPM3,OPM,sp3,3,-9.79726,9.12434938e-03
OPM3,OPM,sp3,3,-9.78726,9.07370909e-03
OPM3,OPM,sp3,3,-9.77726,9.02829434e-03
OPM3,OPM,sp3,3,-9.76726,8.98809012e-03
OPM3,OPM,sp3,3,-9.75726,8.95308961e-03
OPM3,OPM,sp3,3,-9.74726,8.92329445e-03
OPM3,OPM,sp3,3,-9.73726,8.89871508e-03
OPM3,OPM,sp3,3,-9.72726,8.87937098e-03
OPM3,OPM,sp3,3,-9.71726,8.86529105e-03
OPM3,OPM,sp3,3,-9.70726,8.85651400e-03
OPM3,OPM,sp3,3,-9.69726,8.85308872e-03
OPM3,OPM,sp3,3,-9.68726,8.85507480e-03
OPM3,OPM,sp3,3,-9.67726,8.86254298e-03
OPM3,OPM,sp3,3,-9.66726,8.87557574e-03
OPM3,OPM,sp3,3,-9.65726,8.89426787e-03
OPM3,OPM,sp3,3,-9.64726,8.91872720e-03
OPM3,OPM,sp3,3,-9.63726,8.94907529e-03
OPM3,OPM,sp3,3,-9.62726,8.98544826e-03
OPM3,OPM,sp3,3,-9.61726,9.02799769e-03
OPM3,OPM,sp3,3,-9.60726,9.07689162e-03
OPM3,OPM,sp3,3,-9.59726,9.13231560e-03
OPM3,OPM,sp3,3,-9.58726,9.19447395e-03
OPM3,OPM,sp3,3,-9.57726,9.26359104e-03
OPM3,OPM,sp3,3,-9.56726,9.33991275e-03
OPM3,OPM,sp3,3,-9.55726,9.42370813e-03
OPM3,OPM,sp3,3,-9.54726,9.51527114e-03
OPM3,OPM,sp3,3,-9.53726,9.61492266e-03
OPM3,OPM,sp3,3,-9.52726,9.72301266e-03
OPM3,OPM,sp3,3,-9.51726,9.83992262e-03
OPM3,OPM,sp3,3,-9.50726,9.96606825e-03
OPM3,OPM,sp3,3,-9.49726,1.01019025e-02
OPM3,OPM,sp3,3,-9.48726,1.02479186e-02
OPM3,OPM,sp3,3,-9.47726,1.04046545e-02
OPM3,OPM,sp3,3,-9.46726,1.05726960e-02
OPM3,OPM,sp3,3,-9.45726,1.07526821e-02
OPM3,OPM,sp3,3,-9.44726,1.09453100e-02
OPM3,OPM,sp3,3,-9.43726,1.11513405e-02
OPM3,OPM,sp3,3,-9.42726,1.13716050e-02
OPM3,OPM,sp3,3,-9.41726,1.16070125e-02
OPM3,OPM,sp3,3,-9.40726,1.18585575e-02
OPM3,OPM,sp3,3,-9.39726,1.21273300e-02
OPM3,OPM,sp3,3,-9.38726,1.24145250e-02
OPM3,OPM,sp3,3,-9.37726,1.27214550e-02
OPM3,OPM,sp3,3,-9.36726,1.30495630e-02
OPM3,OPM,sp3,3,-9.35726,1.34004378e-02
OPM3,OPM,sp3,3,-9.34726,1.37758313e-02
OPM3,OPM,sp3,3,-9.33726,1.41776782e-02
OPM3,OPM,sp3,3,-9.32726,1.46081188e-02
OPM3,OPM,sp3,3,-9.31726,1.50695247e-02
OPM3,OPM,sp3,3,-9.30726,1.55645287e-02
OPM3,OPM,sp3,3,-9.29726,1.60960594e-02
OPM3,OPM,sp3,3,-9.28726,1.66673807e-02
OPM3,OPM,sp3,3,-9.27726,1.72821379e-02
OPM3,OPM,sp3,3,-9.26726,1.79444117e-02
OPM3,OPM,sp3,3,-9.25726,1.86587805e-02
OPM3,OPM,sp3,3,-9.24726,1.94303938e-02
OPM3,OPM,sp3,3,-9.23726,2.02650581e-02
OPM3,OPM,sp3,3,-9.22726,2.11693385e-02
OPM3,OPM,sp3,3,-9.21726,2.21506787e-02
OPM3,OPM,sp3,3,-9.20726,2.32175432e-02
OPM3,OPM,sp3,3,-9.19726,2.43795876e-02
OPM3,OPM,sp3,3,-9.18726,2.56478613e-02
OPM3,OPM,sp3,3,-9.17726,2.70350527e-02
OPM3,OPM,sp3,3,-9.16726,2.85557838e-02
OPM3,OPM,sp3,3,-9.15726,3.02269686e-02
OPM3,OPM,sp3,3,-9.14726,3.20682501e-02
OPM3,OPM,sp3,3,-9.13726,3.41025354e-02
OPM3,OPM,sp3,3,-9.12726,3.63566552e-02
OPM3,OPM,sp3,3,-9.11726,3.88621815e-02
OPM3,OPM,sp3,3,-9.10726,4.16564460e-02
OPM3,OPM,sp3,3,-9.09726,4.47838167e-02
OPM3,OPM,sp3,3,-9.08726,4.82973092e-02
OPM3,OPM,sp3,3,-9.07726,5.22606323e-02
OPM3,OPM,sp3,3,-9.06726,5.67508017e-02
OPM3,OPM,sp3,3,-9.05726,6.18615044e-02
OPM3,OPM,sp3,3,-9.04726,6.77074563e-02
OPM3,OPM,sp3,3,-9.03726,7.44300852e-02
OPM3,OPM,sp3,3,-9.02726,8.22049913e-02
OPM3,OPM,sp3,3,-9.01726,9.12517977e-02
OPM3,OPM,sp3,3,-9.00726,1.01847223e-01
OPM3,OPM,sp3,3,-8.99726,1.14342489e-01
OPM3,OPM,sp3,3,-8.98726,1.29186514e-01
OPM3,OPM,sp3,3,-8.97726,1.46956698e-01
OPM3,OPM,sp3,3,-8.96726,1.68399309e-01
OPM3,OPM,sp3,3,-8.95726,1.94481076e-01
OPM3,OPM,sp3,3,-8.94726,2.26451575e-01
OPM3,OPM,sp3,3,-8.93726,2.65909688e-01
OPM3,OPM,sp3,3,-8.92726,3.14851396e-01
OPM3,OPM,sp3,3,-8.91726,3.75639004e-01
OPM3,OPM,sp3,3,-8.90726,4.50754450e-01
OPM3,OPM,sp3,3,-8.89726,5.42062787e-01
OPM3,OPM,sp3,3,-8.88726,6.49153233e-01
OPM3,OPM,sp3,3,-8.87726,7.66416763e-01
OPM3,OPM,sp3,3,-8.86726,8.79625113e-01
OPM3,OPM,sp3,3,-8.85726,9.65555821e-01
OPM3,OPM,sp3,3,-8.84726,9.99918111e-01
OPM3,OPM,sp3,3,-8.83726,9.72038990e-01
OPM3,OPM,sp3,3,-8.82726,8.92639438e-01
OPM3,OPM,sp3,3,-8.81726,7.85534594e-01
OPM3,OPM,sp3,3,-8.80726,6.73273357e-01
OPM3,OPM,sp3,3,-8.79726,5.69732111e-01
OPM3,OPM,sp3,3,-8.78726,4.80576484e-01
OPM3,OPM,sp3,3,-8.77726,4.06494765e-01
OPM3,OPM,sp3,3,-8.76726,3.45940907e-01
OPM3,OPM,sp3,3,-8.75726,2.96705378e-01
OPM3,OPM,sp3,3,-8.74726,2.56629343e-01
OPM3,OPM,sp3,3,-8.73726,2.23858121e-01
OPM3,OPM,sp3,3,-8.72726,1.96886660e-01
OPM3,OPM,sp3,3,-8.71726,1.74525699e-01
OPM3,OPM,sp3,3,-8.70726,1.55846140e-01
OPM3,OPM,sp3,3,-8.69726,1.40124366e-01
OPM3,OPM,sp3,3,-8.68726,1.26795898e-01
OPM3,OPM,sp3,3,-8.67726,1.15418504e-01
OPM3,OPM,sp3,3,-8.66726,1.05643712e-01
OPM3,OPM,sp3,3,-8.65726,9.71951152e-02
OPM3,OPM,sp3,3,-8.64726,8.98519404e-02
OPM3,OPM,sp3,3,-8.63726,8.34366021e-02
OPM3,OPM,sp3,3,-8.62726,7.78052577e-02
OPM3,OPM,sp3,3,-8.61726,7.28406040e-02
OPM3,OPM,sp3,3,-8.60726,6.84463551e-02
OPM3,OPM,sp3,3,-8.59726,6.45429824e-02
OPM3,OPM,sp3,3,-8.58726,6.10644089e-02
OPM3,OPM,sp3,3,-8.57726,5.79554260e-02
OPM3,OPM,sp3,3,-8.56726,5.51696626e-02
OPM3,OPM,sp3,3,-8.55726,5.26679785e-02
OPM3,OPM,sp3,3,-8.54726,5.04171849e-02
OPM3,OPM,sp3,3,-8.53726,4.83890203e-02
OPM3,OPM,sp3,3,-8.52726,4.65593249e-02
OPM3,OPM,sp3,3,-8.51726,4.49073730e-02
OPM3,OPM,sp3,3,-8.50726,4.34153288e-02
OPM3,OPM,sp3,3,-8.49726,4.20678022e-02
OPM3,OPM,sp3,3,-8.48726,4.08514826e-02
OPM3,OPM,sp3,3,-8.47726,3.97548386e-02
OPM3,OPM,sp3,3,-8.46726,3.87678676e-02
OPM3,OPM,sp3,3,-8.45726,3.78818891e-02
OPM3,OPM,sp3,3,-8.44726,3.70893721e-02
OPM3,OPM,sp3,3,-8.43726,3.63837912e-02
OPM3,OPM,sp3,3,-8.42726,3.57595064e-02
OPM3,OPM,sp3,3,-8.41726,3.52116630e-02
OPM3,OPM,sp3,3,-8.40726,3.47361078e-02
OPM3,OPM,sp3,3,-8.39726,3.43293202e-02
OPM3,OPM,sp3,3,-8.38726,3.39883548e-02
OPM3,OPM,sp3,3,-8.37726,3.37107951e-02
OPM3,OPM,sp3,3,-8.36726,3.34947162e-02
OPM3,OPM,sp3,3,-8.35726,3.33386562e-02
OPM3,OPM,sp3,3,-8.34726,3.32415951e-02
OPM3,OPM,sp3,3,-8.33726,3.32029409e-02
OPM3,OPM,sp3,3,-8.32726,3.32225222e-02
OPM3,OPM,sp3,3,-8.31726,3.33005883e-02
OPM3,OPM,sp3,3,-8.30726,3.34378155e-02
OPM3,OPM,sp3,3,-8.29726,3.36353211e-02
OPM3,OPM,sp3,3,-8.28726,3.38946853e-02
OPM3,OPM,sp3,3,-8.27726,3.42179815e-02
OPM3,OPM,sp3,3,-8.26726,3.46078176e-02
OPM3,OPM,sp3,3,-8.25726,3.50673891e-02
OPM3,OPM,sp3,3,-8.24726,3.56005469e-02
OPM3,OPM,sp3,3,-8.23726,3.62118854e-02
OPM3,OPM,sp3,3,-8.22726,3.69068540e-02
OPM3,OPM,sp3,3,-8.21726,3.76919045e-02
OPM3,OPM,sp3,3,-8.20726,3.85746858e-02
OPM3,OPM,sp3,3,-8.19726,3.95643111e-02
OPM3,OPM,sp3,3,-8.18726,4.06717392e-02
OPM3,OPM,sp3,3,-8.17726,4.19103454e-02
OPM3,OPM,sp3,3,-8.16726,4.32968296e-02
OPM3,OPM,sp3,3,-8.15726,4.48527697e-02
OPM3,OPM,sp3,3,-8.14726,4.66074955e-02
OPM3,OPM,sp3,3,-8.13726,4.86038845e-02
OPM3,OPM,sp3,3,-8.12726,5.09111569e-02
OPM3,OPM,sp3,3,-8.11726,5.36559386e-02
OPM3,OPM,sp3,3,-8.10726,5.71057286e-02
OPM3,OPM,sp3,3,-8.09726,6.19192040e-02
OPM3,OPM,sp3,3,-8.08726,6.99908331e-02
OPM3,OPM,sp3,3,-8.07726,8.76393027e-02
OPM3,OPM,sp3,3,-8.06726,1.37989761e-01
OPM3,OPM,sp3,3,-8.05726,2.89447242e-01
OPM3,OPM,sp3,3,-8.04726,5.46634700e-01
OPM3,OPM,sp3,3,-8.03726,6.29111447e-01
OPM3,OPM,sp3,3,-8.02726,4.86249921e-01
OPM3,OPM,sp3,3,-8.01726,3.19624336e-01
OPM3,OPM,sp3,3,-8.00726,2.28375435e-01
OPM3,OPM,sp3,3,-7.99726,1.91651811e-01
OPM3,OPM,sp3,3,-7.98726,1.84806576e-01
OPM3,OPM,sp3,3,-7.97726,2.01461038e-01
OPM3,OPM,sp3,3,-7.96726,2.67180737e-01
OPM3,OPM,sp3,3,-7.95726,7.25919125e-01
OPM3,OPM,sp3,3,-7.94726,3.80491573e-01
OPM3,OPM,sp3,3,-7.93726,2.12125595e-01
OPM3,OPM,sp3,3,-7.92726,2.17364913e-01
OPM3,OPM,sp3,3,-7.91726,2.43201356e-01
OPM3,OPM,sp3,3,-7.90726,2.78720632e-01
OPM3,OPM,sp3,3,-7.89726,3.23349406e-01
OPM3,OPM,sp3,3,-7.88726,3.78426730e-01
OPM3,OPM,sp3,3,-7.87726,4.45821886e-01
OPM3,OPM,sp3,3,-7.86726,5.27200182e-01
OPM3,OPM,sp3,3,-7.85726,6.22888548e-01
OPM3,OPM,sp3,3,-7.84726,7.29884802e-01
OPM3,OPM,sp3,3,-7.83726,8.39106566e-01
OPM3,OPM,sp3,3,-7.82726,9.33529491e-01
OPM3,OPM,sp3,3,-7.81726,9.91000529e-01
OPM3,OPM,sp3,3,-7.80726,9.94196461e-01
OPM3,OPM,sp3,3,-7.79726,9.41826749e-01
OPM3,OPM,sp3,3,-7.78726,8.49623545e-01
OPM3,OPM,sp3,3,-7.77726,7.39939019e-01
OPM3,OPM,sp3,3,-7.76726,6.30934846e-01
OPM3,OPM,sp3,3,-7.75726,5.32752879e-01
OPM3,OPM,sp3,3,-7.74726,4.49004324e-01
OPM3,OPM,sp3,3,-7.73726,3.79579239e-01
OPM3,OPM,sp3,3,-7.72726,3.22776092e-01
OPM3,OPM,sp3,3,-7.71726,2.76480564e-01
OPM3,OPM,sp3,3,-7.70726,2.38693127e-01
OPM3,OPM,sp3,3,-7.69726,2.07710561e-01
OPM3,OPM,sp3,3,-7.68726,1.82150875e-01
OPM3,OPM,sp3,3,-7.67726,1.60918540e-01
OPM3,OPM,sp3,3,-7.66726,1.43153852e-01
OPM3,OPM,sp3,3,-7.65726,1.28184028e-01
OPM3,OPM,sp3,3,-7.64726,1.15481786e-01
OPM3,OPM,sp3,3,-7.63726,1.04632231e-01
OPM3,OPM,sp3,3,-7.62726,9.53071344e-02
OPM3,OPM,sp3,3,-7.61726,8.72452258e-02
OPM3,OPM,sp3,3,-7.60726,8.02371638e-02
OPM3,OPM,sp3,3,-7.59726,7.41140946e-02
OPM3,OPM,sp3,3,-7.58726,6.87389175e-02
OPM3,OPM,sp3,3,-7.57726,6.39995901e-02
OPM3,OPM,sp3,3,-7.56726,5.98039742e-02
OPM3,OPM,sp3,3,-7.55726,5.60758425e-02
OPM3,OPM,sp3,3,-7.54726,5.27517682e-02
OPM3,OPM,sp3,3,-7.53726,4.97786865e-02
OPM3,OPM,sp3,3,-7.52726,4.71119719e-02
OPM3,OPM,sp3,3,-7.51726,4.47139121e-02
OPM3,OPM,sp3,3,-7.50726,4.25524904e-02
OPM3,OPM,sp3,3,-7.49726,4.06004081e-02
OPM3,OPM,sp3,3,-7.48726,3.88342955e-02
OPM3,OPM,sp3,3,-7.47726,3.72340719e-02
OPM3,OPM,sp3,3,-7.46726,3.57824233e-02
OPM3,OPM,sp3,3,-7.45726,3.44643744e-02
OPM3,OPM,sp3,3,-7.44726,3.32669367e-02
OPM3,OPM,sp3,3,-7.43726,3.21788170e-02
OPM3,OPM,sp3,3,-7.42726,3.11901758e-02
OPM3,OPM,sp3,3,-7.41726,3.02924257e-02
OPM3,OPM,sp3,3,-7.40726,2.94780635e-02
OPM3,OPM,sp3,3,-7.39726,2.87405291e-02
OPM3,OPM,sp3,3,-7.38726,2.80740865e-02
OPM3,OPM,sp3,3,-7.37726,2.74737248e-02
OPM3,OPM,sp3,3,-7.36726,2.69350738e-02
OPM3,OPM,sp3,3,-7.35726,2.64543338e-02
OPM3,OPM,sp3,3,-7.34726,2.60282155e-02
OPM3,OPM,sp3,3,-7.33726,2.56538909e-02
OPM3,OPM,sp3,3,-7.32726,2.53289514e-02
OPM3,OPM,sp3,3,-7.31726,2.50513738e-02
OPM3,OPM,sp3,3,-7.30726,2.48194922e-02
OPM3,OPM,sp3,3,-7.29726,2.46319763e-02
OPM3,OPM,sp3,3,-7.28726,2.44878141e-02
OPM3,OPM,sp3,3,-7.27726,2.43863003e-02
OPM3,OPM,sp3,3,-7.26726,2.43270280e-02
OPM3,OPM,sp3,3,-7.25726,2.43098868e-02
OPM3,OPM,sp3,3,-7.24726,2.43350630e-02
OPM3,OPM,sp3,3,-7.23726,2.44030462e-02
OPM3,OPM,sp3,3,-7.22726,2.45146399e-02
OPM3,OPM,sp3,3,-7.21726,2.46709766e-02
OPM3,OPM,sp3,3,-7.20726,2.48735395e-02
OPM3,OPM,sp3,3,-7.19726,2.51241898e-02
OPM3,OPM,sp3,3,-7.18726,2.54252005e-02
OPM3,OPM,sp3,3,-7.17726,2.57792997e-02
OPM3,OPM,sp3,3,-7.16726,2.61897217e-02
OPM3,OPM,sp3,3,-7.15726,2.66602705e-02
OPM3,OPM,sp3,3,-7.14726,2.71953960e-02
OPM4,OPM,sp3,4,-15.14726,1.62079166e-03
OPM4,OPM,sp3,4,-15.13726,1.36030057e-03
OPM4,OPM,sp3,4,-15.12726,1.38665895e-03
OPM4,OPM,sp3,4,-15.11726,2.14775230e-03
OPM4,OPM,sp3,4,-15.10726,2.52824996e-02
OPM4,OPM,sp3,4,-15.09726,7.17869491e-03
OPM4,OPM,sp3,4,-15.08726,2.58002400e-03
OPM4,OPM,sp3,4,-15.07726,2.28623405e-03
OPM4,OPM,sp3,4,-15.06726,2.97261162e-03
OPM4,OPM,sp3,4,-15.05726,7.57010716e-03
OPM4,OPM,sp3,4,-15.04726,1.57242475e-01
OPM4,OPM,sp3,4,-15.03726,3.49310793e-03
OPM4,OPM,sp3,4,-15.02726,2.21484891e-03
OPM4,OPM,sp3,4,-15.01726,2.42618363e-03
OPM4,OPM,sp3,4,-15.00726,3.12132885e-03
OPM4,OPM,sp3,4,-14.99726,4.41595428e-03
OPM4,OPM,sp3,4,-14.98726,6.92047342e-03
OPM4,OPM,sp3,4,-14.97726,1.25961362e-02
OPM4,OPM,sp3,4,-14.96726,3.00399890e-02
OPM4,OPM,sp3,4,-14.95726,1.38033857e-01
OPM4,OPM,sp3,4,-14.94726,7.00684100e-01
OPM4,OPM,sp3,4,-14.93726,6.78160019e-02
OPM4,OPM,sp3,4,-14.92726,2.28266999e-02
OPM4,OPM,sp3,4,-14.91726,1.23368331e-02
OPM4,OPM,sp3,4,-14.90726,8.87249566e-03
OPM4,OPM,sp3,4,-14.89726,8.31998846e-03
OPM4,OPM,sp3,4,-14.88726,1.08364660e-02
OPM4,OPM,sp3,4,-14.87726,2.30964448e-02
OPM4,OPM,sp3,4,-14.86726,1.40512933e-01
OPM4,OPM,sp3,4,-14.85726,3.11442760e-01
OPM4,OPM,sp3,4,-14.84726,4.82401355e-02
OPM4,OPM,sp3,4,-14.83726,3.01365805e-02
OPM4,OPM,sp3,4,-14.82726,4.19349392e-02
OPM4,OPM,sp3,4,-14.81726,2.10459484e-01
OPM4,OPM,sp3,4,-14.80726,1.88402481e-01
OPM4,OPM,sp3,4,-14.79726,2.40796301e-02
OPM4,OPM,sp3,4,-14.78726,9.23483971e-03
OPM4,OPM,sp3,4,-14.77726,5.20563488e-03
OPM4,OPM,sp3,4,-14.76726,3.56130254e-03
OPM4,OPM,sp3,4,-14.75726,2.73471491e-03
OPM4,OPM,sp3,4,-14.74726,2.26960232e-03
OPM4,OPM,sp3,4,-14.73726,1.99658266e-03
OPM4,OPM,sp3,4,-14.72726,1.84466876e-03
OPM4,OPM,sp3,4,-14.71726,1.78611002e-03
OPM4,OPM,sp3,4,-14.70726,1.82046926e-03
OPM4,OPM,sp3,4,-14.69726,1.97818695e-03
OPM4,OPM,sp3,4,-14.68726,2.35129756e-03
OPM4,OPM,sp3,4,-14.67726,3.21114676e-03
OPM4,OPM,sp3,4,-14.66726,5.56711998e-03
OPM4,OPM,sp3,4,-14.65726,1.57599771e-02
OPM4,OPM,sp3,4,-14.64726,2.59773848e-01
OPM4,OPM,sp3,4,-14.63726,4.72690333e-02
OPM4,OPM,sp3,4,-14.62726,1.01508047e-02
OPM4,OPM,sp3,4,-14.61726,5.02529465e-03
OPM4,OPM,sp3,4,-14.60726,3.42850459e-03
OPM4,OPM,sp3,4,-14.59726,2.77098395e-03
OPM4,OPM,sp3,4,-14.58726,2.48600967e-03
OPM4,OPM,sp3,4,-14.57726,2.40118250e-03
OPM4,OPM,sp3,4,-14.56726,2.47119597e-03
OPM4,OPM,sp3,4,-14.55726,2.74470743e-03
OPM4,OPM,sp3,4,-14.54726,3.55817897e-03
OPM4,OPM,sp3,4,-14.53726,8.69156616e-03
OPM4,OPM,sp3,4,-14.52726,5.18253384e-02
OPM4,OPM,sp3,4,-14.51726,4.85420170e-03
OPM4,OPM,sp3,4,-14.50726,4.01254088e-03
OPM4,OPM,sp3,4,-14.49726,4.39161975e-03
OPM4,OPM,sp3,4,-14.48726,5.24140143e-03
OPM4,OPM,sp3,4,-14.47726,6.60841665e-03
OPM4,OPM,sp3,4,-14.46726,8.79578945e-03
OPM4,OPM,sp3,4,-14.45726,1.25068089e-02
OPM4,OPM,sp3,4,-14.44726,1.94713836e-02
OPM4,OPM,sp3,4,-14.43726,3.47981930e-02
OPM4,OPM,sp3,4,-14.42726,7.89410846e-02
OPM4,OPM,sp3,4,-14.41726,2.89532389e-01
OPM4,OPM,sp3,4,-14.40726,9.41972932e-01
OPM4,OPM,sp3,4,-14.39726,2.00944686e-01
OPM4,OPM,sp3,4,-14.38726,7.14161649e-02
OPM4,OPM,sp3,4,-14.37726,3.83658733e-02
OPM4,OPM,sp3,4,-14.36726,2.61822903e-02
OPM4,OPM,sp3,4,-14.35726,2.12905261e-02
OPM4,OPM,sp3,4,-14.34726,2.01650601e-02
OPM4,OPM,sp3,4,-14.33726,2.21342222e-02
OPM4,OPM,sp3,4,-14.32726,2.83031169e-02
OPM4,OPM,sp3,4,-14.31726,4.29090619e-02
OPM4,OPM,sp3,4,-14.30726,8.05558122e-02
OPM4,OPM,sp3,4,-14.29726,2.06917191e-01
OPM4,OPM,sp3,4,-14.28726,7.59815923e-01
OPM4,OPM,sp3,4,-14.27726,6.50240782e-01
OPM4,OPM,sp3,4,-14.26726,2.18068413e-01
OPM4,OPM,sp3,4,-14.25726,1.06994660e-01
OPM4,OPM,sp3,4,-14.24726,6.78564371e-02
OPM4,OPM,sp3,4,-14.23726,5.04477038e-02
OPM4,OPM,sp3,4,-14.22726,4.19031975e-02
OPM4,OPM,sp3,4,-14.21726,3.79648504e-02
OPM4,OPM,sp3,4,-14.20726,3.71089764e-02
OPM4,OPM,sp3,4,-14.19726,3.90485718e-02
OPM4,OPM,sp3,4,-14.18726,4.44968725e-02
OPM4,OPM,sp3,4,-14.17726,5.58035862e-02
OPM4,OPM,sp3,4,-14.16726,7.96174657e-02
OPM4,OPM,sp3,4,-14.15726,1.38265170e-01
OPM4,OPM,sp3,4,-14.14726,3.35146639e-01
OPM4,OPM,sp3,4,-14.13726,9.80082588e-01
OPM4,OPM,sp3,4,-14.12726,3.82602046e-01
OPM4,OPM,sp3,4,-14.11726,1.11900349e-01
OPM4,OPM,sp3,4,-14.10726,4.80488605e-02
OPM4,OPM,sp3,4,-14.09726,2.60515649e-02
OPM4,OPM,sp3,4,-14.08726,1.64530378e-02
OPM4,OPM,sp3,4,-14.07726,1.16442082e-02
OPM4,OPM,sp3,4,-14.06726,9.05376698e-03
OPM4,OPM,sp3,4,-14.05726,7.65030635e-03
OPM4,OPM,sp3,4,-14.04726,6.97873388e-03
OPM4,OPM,sp3,4,-14.03726,6.84123205e-03
OPM4,OPM,sp3,4,-14.02726,7.18344574e-03
OPM4,OPM,sp3,4,-14.01726,8.06519085e-03
OPM4,OPM,sp3,4,-14.00726,9.68890166e-03
OPM4,OPM,sp3,4,-13.99726,1.25122723e-02
OPM4,OPM,sp3,4,-13.98726,1.75673240e-02
OPM4,OPM,sp3,4,-13.97726,2.74433346e-02
OPM4,OPM,sp3,4,-13.96726,4.99989552e-02
OPM4,OPM,sp3,4,-13.95726,1.17722620e-01
OPM4,OPM,sp3,4,-13.94726,4.42388552e-01
OPM4,OPM,sp3,4,-13.93726,8.27206623e-01
OPM4,OPM,sp3,4,-13.92726,2.02819562e-01
OPM4,OPM,sp3,4,-13.91726,7.82052377e-02
OPM4,OPM,sp3,4,-13.90726,4.16968174e-02
OPM4,OPM,sp3,4,-13.89726,2.65833647e-02
OPM4,OPM,sp3,4,-13.88726,1.89719839e-02
OPM4,OPM,sp3,4,-13.87726,1.46739974e-02
OPM4,OPM,sp3,4,-13.86726,1.21368174e-02
OPM4,OPM,sp3,4,-13.85726,1.08859787e-02
OPM4,OPM,sp3,4,-13.84726,1.25490954e-02
OPM4,OPM,sp3,4,-13.83726,5.61753824e-01
OPM4,OPM,sp3,4,-13.82726,1.43430345e-02
OPM4,OPM,sp3,4,-13.81726,9.22500626e-03
OPM4,OPM,sp3,4,-13.80726,8.20719067e-03
OPM4,OPM,sp3,4,-13.79726,7.92898445e-03
OPM4,OPM,sp3,4,-13.78726,7.98560199e-03
OPM4,OPM,sp3,4,-13.77726,8.29117447e-03
OPM4,OPM,sp3,4,-13.76726,8.84501594e-03
OPM4,OPM,sp3,4,-13.75726,9.69628698e-03
OPM4,OPM,sp3,4,-13.74726,1.09567931e-02
OPM4,OPM,sp3,4,-13.73726,1.28694060e-02
OPM4,OPM,sp3,4,-13.72726,1.60849749e-02
OPM4,OPM,sp3,4,-13.71726,2.34283406e-02
OPM4,OPM,sp3,4,-13.70726,7.73780431e-02
OPM4,OPM,sp3,4,-13.69726,1.01737329e-01
OPM4,OPM,sp3,4,-13.68726,4.22503351e-02
OPM4,OPM,sp3,4,-13.67726,5.15733406e-02
OPM4,OPM,sp3,4,-13.66726,7.64847246e-02
OPM4,OPM,sp3,4,-13.65726,1.29180569e-01
OPM4,OPM,sp3,4,-13.64726,2.53692621e-01
OPM4,OPM,sp3,4,-13.63726,5.76984284e-01
OPM4,OPM,sp3,4,-13.62726,1.01158666e+00
OPM4,OPM,sp3,4,-13.61726,6.96475843e-01
OPM4,OPM,sp3,4,-13.60726,3.84761370e-01
OPM4,OPM,sp3,4,-13.59726,2.71199679e-01
OPM4,OPM,sp3,4,-13.58726,2.71954901e-01
OPM4,OPM,sp3,4,-13.57726,4.42868871e-01
OPM4,OPM,sp3,4,-13.56726,1.02089885e+00
OPM4,OPM,sp3,4,-13.55726,6.41695571e-01
OPM4,OPM,sp3,4,-13.54726,2.64652214e-01
OPM4,OPM,sp3,4,-13.53726,1.55722387e-01
OPM4,OPM,sp3,4,-13.52726,1.18894025e-01
OPM4,OPM,sp3,4,-13.51726,1.09727556e-01
OPM4,OPM,sp3,4,-13.50726,1.20003403e-01
OPM4,OPM,sp3,4,-13.49726,1.66542669e-01
OPM4,OPM,sp3,4,-13.48726,3.97084845e-01
OPM4,OPM,sp3,4,-13.47726,1.13582767e+00
OPM4,OPM,sp3,4,-13.46726,7.21404233e-01
OPM4,OPM,sp3,4,-13.45726,6.01962324e-01
OPM4,OPM,sp3,4,-13.44726,6.58695472e-01
OPM4,OPM,sp3,4,-13.43726,7.90948857e-01
OPM4,OPM,sp3,4,-13.42726,8.82003186e-01
OPM4,OPM,sp3,4,-13.41726,7.58084855e-01
OPM4,OPM,sp3,4,-13.40726,4.78163791e-01
OPM4,OPM,sp3,4,-13.39726,2.98663336e-01
OPM4,OPM,sp3,4,-13.38726,2.06480264e-01
OPM4,OPM,sp3,4,-13.37726,1.47652500e-01
OPM4,OPM,sp3,4,-13.36726,1.06608253e-01
OPM4,OPM,sp3,4,-13.35726,7.83136728e-02
OPM4,OPM,sp3,4,-13.34726,5.93797119e-02
OPM4,OPM,sp3,4,-13.33726,4.70850833e-02
OPM4,OPM,sp3,4,-13.32726,3.94565638e-02
OPM4,OPM,sp3,4,-13.31726,3.52475725e-02
OPM4,OPM,sp3,4,-13.30726,3.38811220e-02
OPM4,OPM,sp3,4,-13.29726,3.55814160e-02
OPM4,OPM,sp3,4,-13.28726,4.22829607e-02
OPM4,OPM,sp3,4,-13.27726,6.28975557e-02
OPM4,OPM,sp3,4,-13.26726,1.71778160e-01
OPM4,OPM,sp3,4,-13.25726,6.74308332e-01
OPM4,OPM,sp3,4,-13.24726,5.64514009e-02
OPM4,OPM,sp3,4,-13.23726,3.08882181e-02
OPM4,OPM,sp3,4,-13.22726,3.07247129e-02
OPM4,OPM,sp3,4,-13.21726,3.60819096e-02
OPM4,OPM,sp3,4,-13.20726,4.47315140e-02
OPM4,OPM,sp3,4,-13.19726,5.64985287e-02
OPM4,OPM,sp3,4,-13.18726,7.06058892e-02
OPM4,OPM,sp3,4,-13.17726,8.13522897e-02
OPM4,OPM,sp3,4,-13.16726,6.45937797e-02
OPM4,OPM,sp3,4,-13.15726,8.64802834e-03
OPM4,OPM,sp3,4,-13.14726,3.62935750e-01
OPM4,OPM,sp3,4,-13.13726,5.56773323e-01
OPM4,OPM,sp3,4,-13.12726,4.74721228e-01
OPM4,OPM,sp3,4,-13.11726,3.55810465e-01
OPM4,OPM,sp3,4,-13.10726,2.62515084e-01
OPM4,OPM,sp3,4,-13.09726,1.98346998e-01
OPM4,OPM,sp3,4,-13.08726,1.55101753e-01
OPM4,OPM,sp3,4,-13.07726,1.25515094e-01
OPM4,OPM,sp3,4,-13.06726,1.04770007e-01
OPM4,OPM,sp3,4,-13.05726,8.98622578e-02
OPM4,OPM,sp3,4,-13.04726,7.89207218e-02
OPM4,OPM,sp3,4,-13.03726,7.07587282e-02
OPM4,OPM,sp3,4,-13.02726,6.46057434e-02
OPM4,OPM,sp3,4,-13.01726,5.99496210e-02
OPM4,OPM,sp3,4,-13.00726,5.64429572e-02
OPM4,OPM,sp3,4,-12.99726,5.38464520e-02
OPM4,OPM,sp3,4,-12.98726,5.19939731e-02
OPM4,OPM,sp3,4,-12.97726,5.07707176e-02
OPM4,OPM,sp3,4,-12.96726,5.00997436e-02
OPM4,OPM,sp3,4,-12.95726,4.99349062e-02
OPM4,OPM,sp3,4,-12.94726,5.02631043e-02
OPM4,OPM,sp3,4,-12.93726,5.11563469e-02
OPM4,OPM,sp3,4,-12.92726,6.68855238e-02
OPM4,OPM,sp3,4,-12.91726,5.31096008e-02
OPM4,OPM,sp3,4,-12.90726,5.55040120e-02
OPM4,OPM,sp3,4,-12.89726,5.82730743e-02
OPM4,OPM,sp3,4,-12.88726,6.16184725e-02
OPM4,OPM,sp3,4,-12.87726,6.56528911e-02
OPM4,OPM,sp3,4,-12.86726,7.04977150e-02
OPM4,OPM,sp3,4,-12.85726,7.63015454e-02
OPM4,OPM,sp3,4,-12.84726,8.32514366e-02
OPM4,OPM,sp3,4,-12.83726,9.15849246e-02
OPM4,OPM,sp3,4,-12.82726,1.01605123e-01
OPM4,OPM,sp3,4,-12.81726,1.13700331e-01
OPM4,OPM,sp3,4,-12.80726,1.28369473e-01
OPM4,OPM,sp3,4,-12.79726,1.46254278e-01
OPM4,OPM,sp3,4,-12.78726,1.68177113e-01
OPM4,OPM,sp3,4,-12.77726,1.95182278e-01
OPM4,OPM,sp3,4,-12.76726,2.27723608e-01
OPM4,OPM,sp3,4,-12.75726,2.71747159e-01
OPM4,OPM,sp3,4,-12.74726,3.23271974e-01
OPM4,OPM,sp3,4,-12.73726,3.87653908e-01
OPM4,OPM,sp3,4,-12.72726,4.66517594e-01
OPM4,OPM,sp3,4,-12.71726,5.60566538e-01
OPM4,OPM,sp3,4,-12.70726,6.67598551e-01
OPM4,OPM,sp3,4,-12.69726,7.80234819e-01
OPM4,OPM,sp3,4,-12.68726,8.84560241e-01
OPM4,OPM,sp3,4,-12.67726,9.62368367e-01
OPM4,OPM,sp3,4,-12.66726,9.98349723e-01
OPM4,OPM,sp3,4,-12.65726,9.88131149e-01
OPM4,OPM,sp3,4,-12.64726,9.39995710e-01
OPM4,OPM,sp3,4,-12.63726,8.69031925e-01
OPM4,OPM,sp3,4,-12.62726,7.89733079e-01
OPM4,OPM,sp3,4,-12.61726,7.12127511e-01
OPM4,OPM,sp3,4,-12.60726,6.41561978e-01
OPM4,OPM,sp3,4,-12.59726,5.80065895e-01
OPM4,OPM,sp3,4,-12.58726,5.27788066e-01
OPM4,OPM,sp3,4,-12.57726,4.83997280e-01
OPM4,OPM,sp3,4,-12.56726,4.47655041e-01
OPM4,OPM,sp3,4,-12.55726,4.17701317e-01
OPM4,OPM,sp3,4,-12.54726,3.93177601e-01
OPM4,OPM,sp3,4,-12.53726,3.73267034e-01
OPM4,OPM,sp3,4,-12.52726,3.57296143e-01
OPM4,OPM,sp3,4,-12.51726,3.44721073e-01
OPM4,OPM,sp3,4,-12.50726,3.35109305e-01
OPM4,OPM,sp3,4,-12.49726,3.28121703e-01
OPM4,OPM,sp3,4,-12.48726,3.23496779e-01
OPM4,OPM,sp3,4,-12.47726,3.21037633e-01
OPM4,OPM,sp3,4,-12.46726,3.20601463e-01
OPM4,OPM,sp3,4,-12.45726,3.22091276e-01
OPM4,OPM,sp3,4,-12.44726,3.25449434e-01
OPM4,OPM,sp3,4,-12.43726,3.30652611e-01
OPM4,OPM,sp3,4,-12.42726,3.37707831e-01
OPM4,OPM,sp3,4,-12.41726,3.46649239e-01
OPM4,OPM,sp3,4,-12.40726,3.57535293e-01
OPM4,OPM,sp3,4,-12.39726,3.70446031e-01
OPM4,OPM,sp3,4,-12.38726,3.85480068e-01
OPM4,OPM,sp3,4,-12.37726,4.02750882e-01
OPM4,OPM,sp3,4,-12.36726,4.22381897e-01
OPM4,OPM,sp3,4,-12.35726,4.44499769e-01
OPM4,OPM,sp3,4,-12.34726,4.69225167e-01
OPM4,OPM,sp3,4,-12.33726,4.96660285e-01
OPM4,OPM,sp3,4,-12.32726,5.26872278e-01
OPM4,OPM,sp3,4,-12.31726,5.59871984e-01
OPM4,OPM,sp3,4,-12.30726,5.95587605e-01
OPM4,OPM,sp3,4,-12.29726,6.33833815e-01
OPM4,OPM,sp3,4,-12.28726,6.74277912e-01
OPM4,OPM,sp3,4,-12.27726,7.16406481e-01
OPM4,OPM,sp3,4,-12.26726,7.59498166e-01
OPM4,OPM,sp3,4,-12.25726,8.02610426e-01
OPM4,OPM,sp3,4,-12.24726,8.44589472e-01
OPM4,OPM,sp3,4,-12.23726,8.84111998e-01
OPM4,OPM,sp3,4,-12.22726,9.19763403e-01
OPM4,OPM,sp3,4,-12.21726,9.50149798e-01
OPM4,OPM,sp3,4,-12.20726,9.74031153e-01
OPM4,OPM,sp3,4,-12.19726,9.90453782e-01
OPM4,OPM,sp3,4,-12.18726,9.98855937e-01
OPM4,OPM,sp3,4,-12.17726,9.99123788e-01
OPM4,OPM,sp3,4,-12.16726,9.91586272e-01
OPM4,OPM,sp3,4,-12.15726,9.76952391e-01
OPM4,OPM,sp3,4,-12.14726,9.56207735e-01
OPM4,OPM,sp3,4,-12.13726,9.30493786e-01
OPM4,OPM,sp3,4,-12.12726,9.00992599e-01
OPM4,OPM,sp3,4,-12.11726,8.68832971e-01
OPM4,OPM,sp3,4,-12.10726,8.35025595e-01
OPM4,OPM,sp3,4,-12.09726,8.00427223e-01
OPM4,OPM,sp3,4,-12.08726,7.65729038e-01
OPM4,OPM,sp3,4,-12.07726,7.31462418e-01
OPM4,OPM,sp3,4,-12.06726,6.98015377e-01
OPM4,OPM,sp3,4,-12.05726,6.65654147e-01
OPM4,OPM,sp3,4,-12.04726,6.34545983e-01
OPM4,OPM,sp3,4,-12.03726,6.04780727e-01
OPM4,OPM,sp3,4,-12.02726,5.76389834e-01
OPM4,OPM,sp3,4,-12.01726,5.49362365e-01
OPM4,OPM,sp3,4,-12.00726,5.23657950e-01
OPM4,OPM,sp3,4,-11.99726,4.99216996e-01
OPM4,OPM,sp3,4,-11.98726,4.75968528e-01
OPM4,OPM,sp3,4,-11.97726,4.53836072e-01
OPM4,OPM,sp3,4,-11.96726,4.32741966e-01
OPM4,OPM,sp3,4,-11.95726,4.12610445e-01
OPM4,OPM,sp3,4,-11.94726,3.93369754e-01
OPM4,OPM,sp3,4,-11.93726,3.74953530e-01
OPM4,OPM,sp3,4,-11.92726,3.57301626e-01
OPM4,OPM,sp3,4,-11.91726,3.40360504e-01
OPM4,OPM,sp3,4,-11.90726,3.24083307e-01
OPM4,OPM,sp3,4,-11.89726,3.08429690e-01
OPM4,OPM,sp3,4,-11.88726,2.93365469e-01
OPM4,OPM,sp3,4,-11.87726,2.78862143e-01
OPM4,OPM,sp3,4,-11.86726,2.64896316e-01
OPM4,OPM,sp3,4,-11.85726,2.51449064e-01
OPM4,OPM,sp3,4,-11.84726,2.38505273e-01
OPM4,OPM,sp3,4,-11.83726,2.26052957e-01
OPM4,OPM,sp3,4,-11.82726,2.14082603e-01
OPM4,OPM,sp3,4,-11.81726,2.02586535e-01
OPM4,OPM,sp3,4,-11.80726,1.91558324e-01
OPM4,OPM,sp3,4,-11.79726,1.80992265e-01
OPM4,OPM,sp3,4,-11.78726,1.70882904e-01
OPM4,OPM,sp3,4,-11.77726,1.61224653e-01
OPM4,OPM,sp3,4,-11.76726,1.52011470e-01
OPM4,OPM,sp3,4,-11.75726,1.43236615e-01
OPM4,OPM,sp3,4,-11.74726,1.34892483e-01
OPM4,OPM,sp3,4,-11.73726,1.26970494e-01
OPM4,OPM,sp3,4,-11.72726,1.19461056e-01
OPM4,OPM,sp3,4,-11.71726,1.12353567e-01
OPM4,OPM,sp3,4,-11.70726,1.05636470e-01
OPM4,OPM,sp3,4,-11.69726,9.92973358e-02
OPM4,OPM,sp3,4,-11.68726,9.33229757e-02
OPM4,OPM,sp3,4,-11.67726,8.76995676e-02
OPM4,OPM,sp3,4,-11.66726,8.24127951e-02
OPM4,OPM,sp3,4,-11.65726,7.74479875e-02
OPM4,OPM,sp3,4,-11.64726,7.27902597e-02
OPM4,OPM,sp3,4,-11.63726,6.84246444e-02
OPM4,OPM,sp3,4,-11.62726,6.43362160e-02
OPM4,OPM,sp3,4,-11.61726,6.05102013e-02
OPM4,OPM,sp3,4,-11.60726,5.69320791e-02
OPM4,OPM,sp3,4,-11.59726,5.35876639e-02
OPM4,OPM,sp3,4,-11.58726,5.04631775e-02
OPM4,OPM,sp3,4,-11.57726,4.75453060e-02
OPM4,OPM,sp3,4,-11.56726,4.48212450e-02
OPM4,OPM,sp3,4,-11.55726,4.22787321e-02
OPM4,OPM,sp3,4,-11.54726,3.99060695e-02
OPM4,OPM,sp3,4,-11.53726,3.76921375e-02
OPM4,OPM,sp3,4,-11.52726,3.56263989e-02
OPM4,OPM,sp3,4,-11.51726,3.36988972e-02
OPM4,OPM,sp3,4,-11.50726,3.19002492e-02
OPM4,OPM,sp3,4,-11.49726,3.02216319e-02
OPM4,OPM,sp3,4,-11.48726,2.86547669e-02
OPM4,OPM,sp3,4,-11.47726,2.71919007e-02
OPM4,OPM,sp3,4,-11.46726,2.58257837e-02
OPM4,OPM,sp3,4,-11.45726,2.45496474e-02
OPM4,OPM,sp3,4,-11.44726,2.33571804e-02
OPM4,OPM,sp3,4,-11.43726,2.22425045e-02
OPM4,OPM,sp3,4,-11.42726,2.12001501e-02
OPM4,OPM,sp3,4,-11.41726,2.02250324e-02
OPM4,OPM,sp3,4,-11.40726,1.93124276e-02
OPM4,OPM,sp3,4,-11.39726,1.84579498e-02
OPM4,OPM,sp3,4,-11.38726,1.76575292e-02
OPM4,OPM,sp3,4,-11.37726,1.69073906e-02
OPM4,OPM,sp3,4,-11.36726,1.62040333e-02
OPM4,OPM,sp3,4,-11.35726,1.55442116e-02
OPM4,OPM,sp3,4,-11.34726,1.49249172e-02
OPM4,OPM,sp3,4,-11.33726,1.43433614e-02
OPM4,OPM,sp3,4,-11.32726,1.37969595e-02
OPM4,OPM,sp3,4,-11.31726,1.32833159e-02
OPM4,OPM,sp3,4,-11.30726,1.28002092e-02
OPM4,OPM,sp3,4,-11.29726,1.23455801e-02
OPM4,OPM,sp3,4,-11.28726,1.19175186e-02
OPM4,OPM,sp3,4,-11.27726,1.15142528e-02
OPM4,OPM,sp3,4,-11.26726,1.11341382e-02
OPM4,OPM,sp3,4,-11.25726,1.07756484e-02
OPM4,OPM,sp3,4,-11.24726,1.04373656e-02
OPM4,OPM,sp3,4,-11.23726,1.01179723e-02
OPM4,OPM,sp3,4,-11.22726,9.81624389e-03
OPM4,OPM,sp3,4,-11.21726,9.53104113e-03
OPM4,OPM,sp3,4,-11.20726,9.26130377e-03
OPM4,OPM,sp3,4,-11.19726,9.00604435e-03
OPM4,OPM,sp3,4,-11.18726,8.76434267e-03
OPM4,OPM,sp3,4,-11.17726,8.53534054e-03
OPM4,OPM,sp3,4,-11.16726,8.31823706e-03
OPM4,OPM,sp3,4,-11.15726,8.11228417e-03
OPM4,OPM,sp3,4,-11.14726,7.91678261e-03
OPM4,OPM,sp3,4,-11.13726,7.73107822e-03
OPM4,OPM,sp3,4,-11.12726,7.55455844e-03
OPM4,OPM,sp3,4,-11.11726,7.38664919e-03
OPM4,OPM,sp3,4,-11.10726,7.22681192e-03
OPM4,OPM,sp3,4,-11.09726,7.07454097e-03
OPM4,OPM,sp3,4,-11.08726,6.92936106e-03
OPM4,OPM,sp3,4,-11.07726,6.79082508e-03
OPM4,OPM,sp3,4,-11.06726,6.65851195e-03
OPM4,OPM,sp3,4,-11.05726,6.53202475e-03
OPM4,OPM,sp3,4,-11.04726,6.41098897e-03
OPM4,OPM,sp3,4,-11.03726,6.29505090e-03
OPM4,OPM,sp3,4,-11.02726,6.18387617e-03
OPM4,OPM,sp3,4,-11.01726,6.07714841e-03
OPM4,OPM,sp3,4,-11.00726,5.97456805e-03
OPM4,OPM,sp3,4,-10.99726,5.87585120e-03
OPM4,OPM,sp3,4,-10.98726,5.78072865e-03
OPM4,OPM,sp3,4,-10.97726,5.68894497e-03
OPM4,OPM,sp3,4,-10.96726,5.60025768e-03
OPM4,OPM,sp3,4,-10.95726,5.51443655e-03
OPM4,OPM,sp3,4,-10.94726,5.43126291e-03
OPM4,OPM,sp3,4,-10.93726,5.35052909e-03
OPM4,OPM,sp3,4,-10.92726,5.27203790e-03
OPM4,OPM,sp3,4,-10.91726,5.19560216e-03
OPM4,OPM,sp3,4,-10.90726,5.12104435e-03
OPM4,OPM,sp3,4,-10.89726,5.04819622e-03
OPM4,OPM,sp3,4,-10.88726,4.97689852e-03
OPM4,OPM,sp3,4,-10.87726,4.90700074e-03
OPM4,OPM,sp3,4,-10.86726,4.83836089e-03
OPM4,OPM,sp3,4,-10.85726,4.77084534e-03
OPM4,OPM,sp3,4,-10.84726,4.70432866e-03
OPM4,OPM,sp3,4,-10.83726,4.63869346e-03
OPM4,OPM,sp3,4,-10.82726,4.57383034e-03
OPM4,OPM,sp3,4,-10.81726,4.50963776e-03
OPM4,OPM,sp3,4,-10.80726,4.44602196e-03
OPM4,OPM,sp3,4,-10.79726,4.38289688e-03
OPM4,OPM,sp3,4,-10.78726,4.32018414e-03
OPM4,OPM,sp3,4,-10.77726,4.25781287e-03
OPM4,OPM,sp3,4,-10.76726,4.19571972e-03
OPM4,OPM,sp3,4,-10.75726,4.13384870e-03
OPM4,OPM,sp3,4,-10.74726,4.07215112e-03
OPM4,OPM,sp3,4,-10.73726,4.01058544e-03
OPM4,OPM,sp3,4,-10.72726,3.94911715e-03
OPM4,OPM,sp3,4,-10.71726,3.88771861e-03
OPM4,OPM,sp3,4,-10.70726,3.82636883e-03
OPM4,OPM,sp3,4,-10.69726,3.76505329e-03
OPM4,OPM,sp3,4,-10.68726,3.70376373e-03
OPM4,OPM,sp3,4,-10.67726,3.64249785e-03
OPM4,OPM,sp3,4,-10.66726,3.58125902e-03
OPM4,OPM,sp3,4,-10.65726,3.52005601e-03
OPM4,OPM,sp3,4,-10.64726,3.45890266e-03
OPM4,OPM,sp3,4,-10.63726,3.39781748e-03
OPM4,OPM,sp3,4,-10.62726,3.33682332e-03
OPM4,OPM,sp3,4,-10.61726,3.27594698e-03
OPM4,OPM,sp3,4,-10.60726,3.21521878e-03
OPM4,OPM,sp3,4,-10.59726,3.15467219e-03
OPM4,OPM,sp3,4,-10.58726,3.09434338e-03
OPM4,OPM,sp3,4,-10.57726,3.03427084e-03
OPM4,OPM,sp3,4,-10.56726,2.97449490e-03
OPM4,OPM,sp3,4,-10.55726,2.91505738e-03
OPM4,OPM,sp3,4,-10.54726,2.85600111e-03
OPM4,OPM,sp3,4,-10.53726,2.79736962e-03
OPM4,OPM,sp3,4,-10.52726,2.73920668e-03
OPM4,OPM,sp3,4,-10.51726,2.68155599e-03
OPM4,OPM,sp3,4,-10.50726,2.62446079e-03
OPM4,OPM,sp3,4,-10.49726,2.56796359e-03
OPM4,OPM,sp3,4,-10.48726,2.51210581e-03
OPM4,OPM,sp3,4,-10.47726,2.45692756e-03
OPM4,OPM,sp3,4,-10.46726,2.40246738e-03
OPM4,OPM,sp3,4,-10.45726,2.34876199e-03
OPM4,OPM,sp3,4,-10.44726,2.29584617e-03
OPM4,OPM,sp3,4,-10.43726,2.24375252e-03
OPM4,OPM,sp3,4,-10.42726,2.19251140e-03
OPM4,OPM,sp3,4,-10.41726,2.14215075e-03
OPM4,OPM,sp3,4,-10.40726,2.09269610e-03
OPM4,OPM,sp3,4,-10.39726,2.04417043e-03
OPM4,OPM,sp3,4,-10.38726,1.99659420e-03
OPM4,OPM,sp3,4,-10.37726,1.94998532e-03
OPM4,OPM,sp3,4,-10.36726,1.90435915e-03
OPM4,OPM,sp3,4,-10.35726,1.85972859e-03
OPM4,OPM,sp3,4,-10.34726,1.81610404e-03
OPM4,OPM,sp3,4,-10.33726,1.77349355e-03
OPM4,OPM,sp3,4,-10.32726,1.73190285e-03
OPM4,OPM,sp3,4,-10.31726,1.69133545e-03
OPM4,OPM,sp3,4,-10.30726,1.65179276e-03
OPM4,OPM,sp3,4,-10.29726,1.61327416e-03
OPM4,OPM,sp3,4,-10.28726,1.57577714e-03
OPM4,OPM,sp3,4,-10.27726,1.53929742e-03
OPM4,OPM,sp3,4,-10.26726,1.50382905e-03
OPM4,OPM,sp3,4,-10.25726,1.46936456e-03
OPM4,OPM,sp3,4,-10.24726,1.43589506e-03
OPM4,OPM,sp3,4,-10.23726,1.40341038e-03
OPM4,OPM,sp3,4,-10.22726,1.37189918e-03
OPM4,OPM,sp3,4,-10.21726,1.34134908e-03
OPM4,OPM,sp3,4,-10.20726,1.31174677e-03
OPM4,OPM,sp3,4,-10.19726,1.28307812e-03
OPM4,OPM,sp3,4,-10.18726,1.25532830e-03
OPM4,OPM,sp3,4,-10.17726,1.22848188e-03
OPM4,OPM,sp3,4,-10.16726,1.20252292e-03
OPM4,OPM,sp3,4,-10.15726,1.17743507e-03
OPM4,OPM,sp3,4,-10.14726,1.15320167e-03
OPM4,OPM,sp3,4,-10.13726,1.12980583e-03
OPM4,OPM,sp3,4,-10.12726,1.10723049e-03
OPM4,OPM,sp3,4,-10.11726,1.08545851e-03
OPM4,OPM,sp3,4,-10.10726,1.06447275e-03
OPM4,OPM,sp3,4,-10.09726,1.04425610e-03
OPM4,OPM,sp3,4,-10.08726,1.02479157e-03
OPM4,OPM,sp3,4,-10.07726,1.00606233e-03
OPM4,OPM,sp3,4,-10.06726,9.88051756e-04
OPM4,OPM,sp3,4,-10.05726,9.70743478e-04
OPM4,OPM,sp3,4,-10.04726,9.54121428e-04
OPM4,OPM,sp3,4,-10.03726,9.38169866e-04
OPM4,OPM,sp3,4,-10.02726,9.22873420e-04
OPM4,OPM,sp3,4,-10.01726,9.08217116e-04
OPM4,OPM,sp3,4,-10.00726,8.94186401e-04
OPM4,OPM,sp3,4,-9.99726,8.80767171e-04
OPM4,OPM,sp3,4,-9.98726,8.67945792e-04
OPM4,OPM,sp3,4,-9.97726,8.55709119e-04
OPM4,OPM,sp3,4,-9.96726,8.44044513e-04
OPM4,OPM,sp3,4,-9.95726,8.32939859e-04
OPM4,OPM,sp3,4,-9.94726,8.22383577e-04
OPM4,OPM,sp3,4,-9.93726,8.12364637e-04
OPM4,OPM,sp3,4,-9.92726,8.02872570e-04
OPM4,OPM,sp3,4,-9.91726,7.93897478e-04
OPM4,OPM,sp3,4,-9.90726,7.85430044e-04
OPM4,OPM,sp3,4,-9.89726,7.77461544e-04
OPM4,OPM,sp3,4,-9.88726,7.69983851e-04
OPM4,OPM,sp3,4,-9.87726,7.62989448e-04
OPM4,OPM,sp3,4,-9.86726,7.56471437e-04
OPM4,OPM,sp3,4,-9.85726,7.50423544e-04
OPM4,OPM,sp3,4,-9.84726,7.44840133e-04
OPM4,OPM,sp3,4,-9.83726,7.39716214e-04
OPM4,OPM,sp3,4,-9.82726,7.35047454e-04
OPM4,OPM,sp3,4,-9.81726,7.30830186e-04
OPM4,OPM,sp3,4,-9.80726,7.27061429e-04
OPM4,OPM,sp3,4,-9.79726,7.23738891e-04
OPM4,OPM,sp3,4,-9.78726,7.20860994e-04
OPM4,OPM,sp3,4,-9.77726,7.18426885e-04
OPM4,OPM,sp3,4,-9.76726,7.16436458e-04
OPM4,OPM,sp3,4,-9.75726,7.14890371e-04
OPM4,OPM,sp3,4,-9.74726,7.13790072e-04
OPM4,OPM,sp3,4,-9.73726,7.13137823e-04
OPM4,OPM,sp3,4,-9.72726,7.12936726e-04
OPM4,OPM,sp3,4,-9.71726,7.13190756e-04
OPM4,OPM,sp3,4,-9.70726,7.13904795e-04
OPM4,OPM,sp3,4,-9.69726,7.15084667e-04
OPM4,OPM,sp3,4,-9.68726,7.16737181e-04
OPM4,OPM,sp3,4,-9.67726,7.18870177e-04
OPM4,OPM,sp3,4,-9.66726,7.21492572e-04
OPM4,OPM,sp3,4,-9.65726,7.24614419e-04
OPM4,OPM,sp3,4,-9.64726,7.28246965e-04
OPM4,OPM,sp3,4,-9.63726,7.32402716e-04
OPM4,OPM,sp3,4,-9.62726,7.37095513e-04
OPM4,OPM,sp3,4,-9.61726,7.42340607e-04
OPM4,OPM,sp3,4,-9.60726,7.48154750e-04
OPM4,OPM,sp3,4,-9.59726,7.54556291e-04
OPM4,OPM,sp3,4,-9.58726,7.61565277e-04
OPM4,OPM,sp3,4,-9.57726,7.69203574e-04
OPM4,OPM,sp3,4,-9.56726,7.77494990e-04
OPM4,OPM,sp3,4,-9.55726,7.86465417e-04
OPM4,OPM,sp3,4,-9.54726,7.96142984e-04
OPM4,OPM,sp3,4,-9.53726,8.06558224e-04
OPM4,OPM,sp3,4,-9.52726,8.17744263e-04
OPM4,OPM,sp3,4,-9.51726,8.29737021e-04
OPM4,OPM,sp3,4,-9.50726,8.42575439e-04
OPM4,OPM,sp3,4,-9.49726,8.56301730e-04
OPM4,OPM,sp3,4,-9.48726,8.70961650e-04
OPM4,OPM,sp3,4,-9.47726,8.86604803e-04
OPM4,OPM,sp3,4,-9.46726,9.03284977e-04
OPM4,OPM,sp3,4,-9.45726,9.21060514e-04
OPM4,OPM,sp3,4,-9.44726,9.39994725e-04
OPM4,OPM,sp3,4,-9.43726,9.60156344e-04
OPM4,OPM,sp3,4,-9.42726,9.81620039e-04
OPM4,OPM,sp3,4,-9.41726,1.00446698e-03
OPM4,OPM,sp3,4,-9.40726,1.02878544e-03
OPM4,OPM,sp3,4,-9.39726,1.05467157e-03
OPM4,OPM,sp3,4,-9.38726,1.08223009e-03
OPM4,OPM,sp3,4,-9.37726,1.11157523e-03
OPM4,OPM,sp3,4,-9.36726,1.14283170e-03
OPM4,OPM,sp3,4,-9.35726,1.17613578e-03
OPM4,OPM,sp3,4,-9.34726,1.21163660e-03
OPM4,OPM,sp3,4,-9.33726,1.24949747e-03
OPM4,OPM,sp3,4,-9.32726,1.28989752e-03
OPM4,OPM,sp3,4,-9.31726,1.33303346e-03
OPM4,OPM,sp3,4,-9.30726,1.37912160e-03
OPM4,OPM,sp3,4,-9.29726,1.42840011e-03
OPM4,OPM,sp3,4,-9.28726,1.48113169e-03
OPM4,OPM,sp3,4,-9.27726,1.53760646e-03
OPM4,OPM,sp3,4,-9.26726,1.59814539e-03
OPM4,OPM,sp3,4,-9.25726,1.66310418e-03
OPM4,OPM,sp3,4,-9.24726,1.73287767e-03
OPM4,OPM,sp3,4,-9.23726,1.80790498e-03
OPM4,OPM,sp3,4,-9.22726,1.88867537e-03
OPM4,OPM,sp3,4,-9.21726,1.97573509e-03
OPM4,OPM,sp3,4,-9.20726,2.06969522e-03
OPM4,OPM,sp3,4,-9.19726,2.17124088e-03
OPM4,OPM,sp3,4,-9.18726,2.28114189e-03
OPM4,OPM,sp3,4,-9.17726,2.40026531e-03
OPM4,OPM,sp3,4,-9.16726,2.52959002e-03
OPM4,OPM,sp3,4,-9.15726,2.67022405e-03
OPM4,OPM,sp3,4,-9.14726,2.82342493e-03
OPM4,OPM,sp3,4,-9.13726,2.99062384e-03
OPM4,OPM,sp3,4,-9.12726,3.17345433e-03
OPM4,OPM,sp3,4,-9.11726,3.37378672e-03
OPM4,OPM,sp3,4,-9.10726,3.59376922e-03
OPM4,OPM,sp3,4,-9.09726,3.83587761e-03
OPM4,OPM,sp3,4,-9.08726,4.10297530e-03
OPM4,OPM,sp3,4,-9.07726,4.39838646e-03
OPM4,OPM,sp3,4,-9.06726,4.72598533e-03
OPM4,OPM,sp3,4,-9.05726,5.09030612e-03
OPM4,OPM,sp3,4,-9.04726,5.49667879e-03
OPM4,OPM,sp3,4,-9.03726,5.95139799e-03
OPM4,OPM,sp3,4,-9.02726,6.46193444e-03
OPM4,OPM,sp3,4,-9.01726,7.03720135e-03
OPM4,OPM,sp3,4,-9.00726,7.68789259e-03
OPM4,OPM,sp3,4,-8.99726,8.42691506e-03
OPM4,OPM,sp3,4,-8.98726,9.26994626e-03
OPM4,OPM,sp3,4,-8.97726,1.02361593e-02
OPM4,OPM,sp3,4,-8.96726,1.13491746e-02
OPM4,OPM,sp3,4,-8.95726,1.26383215e-02
OPM4,OPM,sp3,4,-8.94726,1.41403283e-02
OPM4,OPM,sp3,4,-8.93726,1.59016127e-02
OPM4,OPM,sp3,4,-8.92726,1.79814232e-02
OPM4,OPM,sp3,4,-8.91726,2.04562064e-02
OPM4,OPM,sp3,4,-8.90726,2.34257629e-02
OPM4,OPM,sp3,4,-8.89726,2.70220601e-02
OPM4,OPM,sp3,4,-8.88726,3.14220566e-02
OPM4,OPM,sp3,4,-8.87726,3.68666959e-02
OPM4,OPM,sp3,4,-8.86726,4.36895700e-02
OPM4,OPM,sp3,4,-8.85726,5.23610395e-02
OPM4,OPM,sp3,4,-8.84726,6.35575396e-02
OPM4,OPM,sp3,4,-8.83726,7.82726467e-02
OPM4,OPM,sp3,4,-8.82726,9.79982426e-02
OPM4,OPM,sp3,4,-8.81726,1.25023330e-01
OPM4,OPM,sp3,4,-8.80726,1.62924378e-01
OPM4,OPM,sp3,4,-8.79726,2.17332876e-01
OPM4,OPM,sp3,4,-8.78726,2.96938918e-01
OPM4,OPM,sp3,4,-8.77726,4.13892180e-01
OPM4,OPM,sp3,4,-8.76726,5.79593658e-01
OPM4,OPM,sp3,4,-8.75726,7.84609310e-01
OPM4,OPM,sp3,4,-8.74726,9.58917155e-01
OPM4,OPM,sp3,4,-8.73726,9.90284142e-01
OPM4,OPM,sp3,4,-8.72726,8.65615989e-01
OPM4,OPM,sp3,4,-8.71726,6.85229083e-01
OPM4,OPM,sp3,4,-8.70726,5.25529292e-01
OPM4,OPM,sp3,4,-8.69726,4.05371544e-01
OPM4,OPM,sp3,4,-8.68726,3.19160098e-01
OPM4,OPM,sp3,4,-8.67726,2.57446773e-01
OPM4,OPM,sp3,4,-8.66726,2.12622126e-01
OPM4,OPM,sp3,4,-8.65726,1.79414638e-01
OPM4,OPM,sp3,4,-8.64726,1.54311696e-01
OPM4,OPM,sp3,4,-8.63726,1.34976342e-01
OPM4,OPM,sp3,4,-8.62726,1.19834023e-01
OPM4,OPM,sp3,4,-8.61726,1.07804783e-01
OPM4,OPM,sp3,4,-8.60726,9.81335855e-02
OPM4,OPM,sp3,4,-8.59726,9.02825962e-02
OPM4,OPM,sp3,4,-8.58726,8.38619684e-02
OPM4,OPM,sp3,4,-8.57726,7.85846430e-02
OPM4,OPM,sp3,4,-8.56726,7.42363117e-02
OPM4,OPM,sp3,4,-8.55726,7.06551082e-02
OPM4,OPM,sp3,4,-8.54726,6.77176500e-02
OPM4,OPM,sp3,4,-8.53726,6.53293001e-02
OPM4,OPM,sp3,4,-8.52726,6.34172852e-02
OPM4,OPM,sp3,4,-8.51726,6.19257805e-02
OPM4,OPM,sp3,4,-8.50726,6.08123769e-02
OPM4,OPM,sp3,4,-8.49726,6.00455360e-02
OPM4,OPM,sp3,4,-8.48726,5.96027706e-02
OPM4,OPM,sp3,4,-8.47726,5.94693720e-02
OPM4,OPM,sp3,4,-8.46726,5.96375616e-02
OPM4,OPM,sp3,4,-8.45726,6.01059920e-02
OPM4,OPM,sp3,4,-8.44726,6.08795469e-02
OPM4,OPM,sp3,4,-8.43726,6.19694196e-02
OPM4,OPM,sp3,4,-8.42726,6.33934668e-02
OPM4,OPM,sp3,4,-8.41726,6.51768572e-02
OPM4,OPM,sp3,4,-8.40726,6.73530551e-02
OPM4,OPM,sp3,4,-8.39726,6.99652058e-02
OPM4,OPM,sp3,4,-8.38726,7.30680187e-02
OPM4,OPM,sp3,4,-8.37726,7.67302913e-02
OPM4,OPM,sp3,4,-8.36726,8.10382676e-02
OPM4,OPM,sp3,4,-8.35726,8.61001111e-02
OPM4,OPM,sp3,4,-8.34726,9.20518778e-02
OPM4,OPM,sp3,4,-8.33726,9.90655354e-02
OPM4,OPM,sp3,4,-8.32726,1.07359798e-01
OPM4,OPM,sp3,4,-8.31726,1.17214863e-01
OPM4,OPM,sp3,4,-8.30726,1.28992573e-01
OPM4,OPM,sp3,4,-8.29726,1.43164130e-01
OPM4,OPM,sp3,4,-8.28726,1.60348238e-01
OPM4,OPM,sp3,4,-8.27726,1.81363356e-01
OPM4,OPM,sp3,4,-8.26726,2.07298158e-01
OPM4,OPM,sp3,4,-8.25726,2.39602951e-01
OPM4,OPM,sp3,4,-8.24726,2.80198063e-01
OPM4,OPM,sp3,4,-8.23726,3.31573464e-01
OPM4,OPM,sp3,4,-8.22726,3.96794898e-01
OPM4,OPM,sp3,4,-8.21726,4.79189399e-01
OPM4,OPM,sp3,4,-8.20726,5.81193226e-01
OPM4,OPM,sp3,4,-8.19726,7.01452695e-01
OPM4,OPM,sp3,4,-8.18726,8.29471985e-01
OPM4,OPM,sp3,4,-8.17726,9.40143846e-01
OPM4,OPM,sp3,4,-8.16726,9.97557760e-01
OPM4,OPM,sp3,4,-8.15726,9.76610747e-01
OPM4,OPM,sp3,4,-8.14726,8.85268118e-01
OPM4,OPM,sp3,4,-8.13726,7.57443097e-01
OPM4,OPM,sp3,4,-8.12726,6.26547491e-01
OPM4,OPM,sp3,4,-8.11726,5.11084179e-01
OPM4,OPM,sp3,4,-8.10726,4.16515590e-01
OPM4,OPM,sp3,4,-8.09726,3.41648155e-01
OPM4,OPM,sp3,4,-8.08726,2.83094092e-01
OPM4,OPM,sp3,4,-8.07726,2.37328127e-01
OPM4,OPM,sp3,4,-8.06726,2.01377641e-01
OPM4,OPM,sp3,4,-8.05726,1.72935684e-01
OPM4,OPM,sp3,4,-8.04726,1.50285299e-01
OPM4,OPM,sp3,4,-8.03726,1.32195653e-01
OPM4,OPM,sp3,4,-8.02726,1.17857773e-01
OPM4,OPM,sp3,4,-8.01726,1.06907968e-01
OPM4,OPM,sp3,4,-8.00726,9.95047558e-02
OPM4,OPM,sp3,4,-7.99726,9.49847316e-02
OPM4,OPM,sp3,4,-7.98726,8.63864251e-02
OPM4,OPM,sp3,4,-7.97726,7.44092133e-02
OPM4,OPM,sp3,4,-7.96726,6.57788357e-02
OPM4,OPM,sp3,4,-7.95726,5.96868289e-02
OPM4,OPM,sp3,4,-7.94726,5.49613981e-02
OPM4,OPM,sp3,4,-7.93726,5.10754402e-02
OPM4,OPM,sp3,4,-7.92726,4.77803592e-02
OPM4,OPM,sp3,4,-7.91726,4.49382009e-02
OPM4,OPM,sp3,4,-7.90726,4.24603601e-02
OPM4,OPM,sp3,4,-7.89726,4.02833919e-02
OPM4,OPM,sp3,4,-7.88726,3.83600986e-02
OPM4,OPM,sp3,4,-7.87726,3.67107570e-02
OPM4,OPM,sp3,4,-7.86726,3.80302304e-02
OPM4,OPM,sp3,4,-7.85726,3.36468867e-02
OPM4,OPM,sp3,4,-7.84726,3.49198064e-02
OPM4,OPM,sp3,4,-7.83726,3.25624539e-02
OPM4,OPM,sp3,4,-7.82726,3.14604891e-02
OPM4,OPM,sp3,4,-7.81726,3.06102031e-02
OPM4,OPM,sp3,4,-7.80726,2.99086780e-02
OPM4,OPM,sp3,4,-7.79726,2.93240003e-02
OPM4,OPM,sp3,4,-7.78726,2.88407517e-02
OPM4,OPM,sp3,4,-7.77726,2.84496006e-02
OPM4,OPM,sp3,4,-7.76726,2.81442555e-02
OPM4,OPM,sp3,4,-7.75726,2.79203116e-02
OPM4,OPM,sp3,4,-7.74726,2.77747322e-02
OPM4,OPM,sp3,4,-7.73726,2.77055855e-02
OPM4,OPM,sp3,4,-7.72726,2.77119034e-02
OPM4,OPM,sp3,4,-7.71726,2.77936073e-02
OPM4,OPM,sp3,4,-7.70726,2.79514767e-02
OPM4,OPM,sp3,4,-7.69726,2.81871489e-02
OPM4,OPM,sp3,4,-7.68726,2.85031451e-02
OPM4,OPM,sp3,4,-7.67726,2.89029212e-02
OPM4,OPM,sp3,4,-7.66726,2.93909436e-02
OPM4,OPM,sp3,4,-7.65726,2.99727924e-02
OPM4,OPM,sp3,4,-7.64726,3.06552958e-02
OPM4,OPM,sp3,4,-7.63726,3.14467003e-02
OPM4,OPM,sp3,4,-7.62726,3.23568850e-02
OPM4,OPM,sp3,4,-7.61726,3.33976288e-02
OPM4,OPM,sp3,4,-7.60726,3.45829432e-02
OPM4,OPM,sp3,4,-7.59726,3.59294876e-02
OPM4,OPM,sp3,4,-7.58726,3.74570872e-02
OPM4,OPM,sp3,4,-7.57726,3.91893841e-02
OPM4,OPM,sp3,4,-7.56726,4.11546568e-02
OPM4,OPM,sp3,4,-7.55726,4.33868598e-02
OPM4,OPM,sp3,4,-7.54726,4.59269493e-02
OPM4,OPM,sp3,4,-7.53726,4.88245867e-02
OPM4,OPM,sp3,4,-7.52726,5.21403439e-02
OPM4,OPM,sp3,4,-7.51726,5.59485801e-02
OPM4,OPM,sp3,4,-7.50726,6.03412287e-02
OPM4,OPM,sp3,4,-7.49726,6.54328249e-02
OPM4,OPM,sp3,4,-7.48726,7.13672420e-02
OPM4,OPM,sp3,4,-7.47726,7.83268046e-02
OPM4,OPM,sp3,4,-7.46726,8.65447305e-02
OPM4,OPM,sp3,4,-7.45726,9.63222731e-02
OPM4,OPM,sp3,4,-7.44726,1.08052536e-01
OPM4,OPM,sp3,4,-7.43726,1.22253765e-01
OPM4,OPM,sp3,4,-7.42726,1.39616058e-01
OPM4,OPM,sp3,4,-7.41726,1.61066680e-01
OPM4,OPM,sp3,4,-7.40726,1.87860149e-01
OPM4,OPM,sp3,4,-7.39726,2.21697897e-01
OPM4,OPM,sp3,4,-7.38726,2.64873287e-01
OPM4,OPM,sp3,4,-7.37726,3.20406223e-01
OPM4,OPM,sp3,4,-7.36726,3.92040940e-01
OPM4,OPM,sp3,4,-7.35726,4.83754763e-01
OPM4,OPM,sp3,4,-7.34726,5.97969325e-01
OPM4,OPM,sp3,4,-7.33726,7.31141429e-01
OPM4,OPM,sp3,4,-7.32726,8.66370239e-01
OPM4,OPM,sp3,4,-7.31726,9.68847995e-01
OPM4,OPM,sp3,4,-7.30726,9.98875340e-01
OPM4,OPM,sp3,4,-7.29726,9.43215577e-01
OPM4,OPM,sp3,4,-7.28726,8.27943453e-01
OPM4,OPM,sp3,4,-7.27726,6.93594237e-01
OPM4,OPM,sp3,4,-7.26726,5.68418271e-01
OPM4,OPM,sp3,4,-7.25726,4.63622004e-01
OPM4,OPM,sp3,4,-7.24726,3.80115541e-01
OPM4,OPM,sp3,4,-7.23726,3.14833335e-01
OPM4,OPM,sp3,4,-7.22726,2.63965596e-01
OPM4,OPM,sp3,4,-7.21726,2.24141745e-01
OPM4,OPM,sp3,4,-7.20726,1.92697162e-01
OPM4,OPM,sp3,4,-7.19726,1.67618058e-01
OPM4,OPM,sp3,4,-7.18726,1.47407705e-01
OPM4,OPM,sp3,4,-7.17726,1.30957112e-01
OPM4,OPM,sp3,4,-7.16726,1.17441466e-01
OPM4,OPM,sp3,4,-7.15726,1.06242847e-01
OPM4,OPM,sp3,4,-7.14726,9.68942102e-02
